state,district,market_name,week_start_date,weekly_rainfall_mm,rainy_days,max_daily_rainfall_mm,weekly_temp_mean_c,weekly_temp_max_c,weekly_temp_min_c,weekly_humidity_mean_pct,weather_days
Andhra Pradesh,Guntur,Guntur Apmc Market,2025-09-29,20.3,3,9.4,28.59,33.9,24.5,74.0,7
Andhra Pradesh,Guntur,Guntur Apmc Market,2025-10-06,36.0,6,11.2,27.79,34.9,23.6,81.86,7
Andhra Pradesh,Guntur,Guntur Apmc Market,2025-10-13,58.7,5,16.2,26.1,30.9,23.7,88.14,7
Andhra Pradesh,Guntur,Guntur Apmc Market,2025-10-20,85.4,6,24.7,25.61,30.9,23.3,91.43,7
Andhra Pradesh,Guntur,Guntur Apmc Market,2025-10-27,110.2,3,70.4,26.54,32.2,23.2,84.14,7
Andhra Pradesh,Guntur,Guntur Apmc Market,2025-11-03,18.3,1,15.8,27.33,33.4,22.4,75.57,7
Andhra Pradesh,Guntur,Guntur Apmc Market,2025-11-10,1.7,0,1.7,25.99,32.3,20.0,65.0,7
Andhra Pradesh,Guntur,Guntur Apmc Market,2025-11-17,3.3,1,3.2,25.8,32.5,19.7,70.71,7
Andhra Pradesh,Guntur,Guntur Apmc Market,2025-11-24,17.1,1,17.0,25.46,31.4,20.3,71.71,7
Andhra Pradesh,Guntur,Guntur Apmc Market,2025-12-01,16.5,2,11.9,24.07,29.3,19.4,81.14,7
Andhra Pradesh,Guntur,Guntur Apmc Market,2025-12-08,0.0,0,0.0,23.14,30.5,17.6,71.0,7
Andhra Pradesh,Guntur,Guntur Apmc Market,2025-12-15,0.0,0,0.0,24.17,31.8,18.4,70.71,7
Andhra Pradesh,Guntur,Guntur Apmc Market,2025-12-22,0.0,0,0.0,24.23,31.1,18.5,67.86,7
Andhra Pradesh,Guntur,Guntur Apmc Market,2025-12-29,0.3,0,0.2,24.67,32.2,19.1,72.14,7
Andhra Pradesh,Guntur,Guntur Apmc Market,2026-01-05,0.4,0,0.4,23.67,30.3,17.6,60.86,7
Andhra Pradesh,Guntur,Guntur Apmc Market,2026-01-12,0.5,0,0.5,25.14,32.7,19.3,68.43,7
Andhra Pradesh,Guntur,Guntur Apmc Market,2026-01-19,0.7,0,0.7,24.57,32.6,18.9,66.86,7
Andhra Pradesh,Guntur,Guntur Apmc Market,2026-01-26,0.1,0,0.1,25.14,32.8,19.8,68.29,7
Andhra Pradesh,Guntur,Guntur Apmc Market,2026-02-02,0.1,0,0.1,25.3,34.5,18.6,65.86,7
Andhra Pradesh,Guntur,Guntur Apmc Market,2026-02-09,0.0,0,0.0,25.07,34.5,18.4,68.29,7
Andhra Pradesh,Guntur,Guntur Apmc Market,2026-02-16,0.4,0,0.4,26.33,36.2,19.7,67.43,7
Andhra Pradesh,Guntur,Guntur Apmc Market,2026-02-23,1.2,0,0.5,27.29,35.2,21.7,70.57,7
Andhra Pradesh,Guntur,Guntur Apmc Market,2026-03-02,0.1,0,0.1,28.8,39.5,21.7,61.29,7
Andhra Pradesh,Guntur,Guntur Apmc Market,2026-03-09,0.3,0,0.3,27.93,37.2,21.9,69.43,7
Andhra Pradesh,Guntur,Guntur Apmc Market,2026-03-16,9.7,1,3.7,27.4,33.7,22.2,71.57,7
Andhra Pradesh,Guntur,Guntur Apmc Market,2026-03-23,0.2,0,0.1,29.37,38.1,23.8,69.57,7
Andhra Pradesh,Guntur,Guntur Apmc Market,2026-03-30,1.8,0,1.4,29.81,38.5,24.8,69.0,7
Andhra Pradesh,Guntur,Guntur Apmc Market,2026-04-06,3.4,0,1.0,31.34,39.3,27.1,68.86,7
Andhra Pradesh,Guntur,Guntur Apmc Market,2026-04-13,0.0,0,0.0,31.41,38.9,26.4,67.57,7
Andhra Pradesh,Guntur,Guntur Apmc Market,2026-04-20,1.9,0,1.2,31.8,39.1,26.5,66.29,7
Andhra Pradesh,Guntur,Guntur Apmc Market,2026-04-27,0.7,0,0.6,33.17,42.6,27.4,63.0,7
Andhra Pradesh,Guntur,Guntur Apmc Market,2026-05-04,8.2,1,3.4,31.71,39.8,26.9,63.0,7
Andhra Pradesh,Guntur,Guntur Apmc Market,2026-05-11,2.2,0,1.3,32.33,39.7,27.4,63.71,7
Andhra Pradesh,Guntur,Guntur Apmc Market,2026-05-18,1.9,0,0.8,35.91,44.2,29.6,47.43,7
Andhra Pradesh,Guntur,Guntur Apmc Market,2026-05-25,7.1,1,4.1,34.24,43.5,25.3,51.0,7
Andhra Pradesh,Guntur,Guntur Apmc Market,2026-06-01,15.9,3,5.0,33.17,40.0,27.1,58.57,7
Andhra Pradesh,Guntur,Guntur Apmc Market,2026-06-08,12.3,2,6.6,31.73,38.8,26.6,61.71,7
Andhra Pradesh,Guntur,Guntur Apmc Market,2026-06-15,12.1,2,3.9,31.7,38.6,25.3,63.71,7
Andhra Pradesh,Guntur,Guntur Apmc Market,2026-06-22,33.3,3,20.1,31.2,36.8,26.0,64.57,7
Andhra Pradesh,Guntur,Guntur Apmc Market,2026-06-29,25.5,4,11.2,30.57,35.1,25.3,63.0,7
Andhra Pradesh,Guntur,Guntur Apmc Market,2026-07-06,7.9,1,5.4,33.1,38.0,26.9,51.43,7
Andhra Pradesh,Guntur,Guntur Apmc Market,2026-07-13,9.0,1,3.7,32.09,37.5,26.1,54.71,7
Andhra Pradesh,Guntur,Guntur Apmc Market,2026-07-20,9.2,1,4.0,31.16,36.2,25.9,59.43,7
Andhra Pradesh,Guntur,Guntur Apmc Market,2026-07-27,31.2,5,11.7,30.06,34.9,25.5,69.29,7
Andhra Pradesh,Guntur,Guntur Apmc Market,2026-08-03,14.4,4,3.8,30.31,34.8,24.9,68.0,7
Andhra Pradesh,Guntur,Guntur Apmc Market,2026-08-10,18.2,3,5.5,31.0,35.6,25.2,61.43,7
Andhra Pradesh,Guntur,Guntur Apmc Market,2026-08-17,19.8,2,8.7,30.01,34.7,24.1,67.86,7
Andhra Pradesh,Guntur,Guntur Apmc Market,2026-08-24,20.5,2,13.9,30.0,33.9,24.8,65.43,7
Andhra Pradesh,Guntur,Guntur Apmc Market,2026-08-31,25.6,3,10.4,29.81,36.4,24.5,70.14,7
Andhra Pradesh,Guntur,Guntur Apmc Market,2026-09-07,33.6,4,14.2,29.6,36.3,24.3,74.0,7
Andhra Pradesh,Guntur,Guntur Apmc Market,2026-09-14,15.6,3,4.3,29.33,35.2,24.2,77.86,7
Andhra Pradesh,Guntur,Guntur Apmc Market,2026-09-21,61.1,4,24.1,28.23,33.8,24.4,78.86,7
Andhra Pradesh,Guntur,Guntur Apmc Market,2026-09-28,1.8,0,0.9,29.54,34.3,24.5,71.0,5
Andhra Pradesh,Kurnool,Kurnool Apmc Market,2025-09-29,16.6,2,12.7,26.63,31.1,22.4,75.0,7
Andhra Pradesh,Kurnool,Kurnool Apmc Market,2025-10-06,11.8,1,9.6,26.53,32.1,21.5,74.71,7
Andhra Pradesh,Kurnool,Kurnool Apmc Market,2025-10-13,17.6,3,7.7,26.46,31.7,21.8,77.14,7
Andhra Pradesh,Kurnool,Kurnool Apmc Market,2025-10-20,52.7,5,16.1,25.39,30.6,22.2,84.86,7
Andhra Pradesh,Kurnool,Kurnool Apmc Market,2025-10-27,43.9,2,26.9,25.64,31.0,21.1,77.86,7
Andhra Pradesh,Kurnool,Kurnool Apmc Market,2025-11-03,11.3,1,7.7,25.17,31.0,16.1,73.29,7
Andhra Pradesh,Kurnool,Kurnool Apmc Market,2025-11-10,0.0,0,0.0,23.8,30.6,17.2,60.71,7
Andhra Pradesh,Kurnool,Kurnool Apmc Market,2025-11-17,1.0,0,0.6,24.44,31.4,16.9,64.43,7
Andhra Pradesh,Kurnool,Kurnool Apmc Market,2025-11-24,0.0,0,0.0,24.27,31.1,18.7,66.71,7
Andhra Pradesh,Kurnool,Kurnool Apmc Market,2025-12-01,2.3,0,1.2,24.34,29.9,19.1,72.29,7
Andhra Pradesh,Kurnool,Kurnool Apmc Market,2025-12-08,0.0,0,0.0,22.13,29.7,14.2,55.0,7
Andhra Pradesh,Kurnool,Kurnool Apmc Market,2025-12-15,0.0,0,0.0,22.47,29.7,14.6,56.0,7
Andhra Pradesh,Kurnool,Kurnool Apmc Market,2025-12-22,0.0,0,0.0,22.56,29.0,16.1,59.29,7
Andhra Pradesh,Kurnool,Kurnool Apmc Market,2025-12-29,0.0,0,0.0,23.91,30.9,16.5,60.43,7
Andhra Pradesh,Kurnool,Kurnool Apmc Market,2026-01-05,0.0,0,0.0,22.64,29.9,16.4,52.86,7
Andhra Pradesh,Kurnool,Kurnool Apmc Market,2026-01-12,0.0,0,0.0,25.39,32.8,17.5,49.43,7
Andhra Pradesh,Kurnool,Kurnool Apmc Market,2026-01-19,0.1,0,0.1,24.54,32.8,18.0,49.43,7
Andhra Pradesh,Kurnool,Kurnool Apmc Market,2026-01-26,0.0,0,0.0,25.67,32.2,18.7,51.29,7
Andhra Pradesh,Kurnool,Kurnool Apmc Market,2026-02-02,0.0,0,0.0,25.56,32.8,19.0,47.71,7
Andhra Pradesh,Kurnool,Kurnool Apmc Market,2026-02-09,0.0,0,0.0,25.8,33.6,18.0,40.43,7
Andhra Pradesh,Kurnool,Kurnool Apmc Market,2026-02-16,0.0,0,0.0,27.6,35.0,20.2,40.57,7
Andhra Pradesh,Kurnool,Kurnool Apmc Market,2026-02-23,2.2,0,2.2,28.73,36.0,21.8,42.57,7
Andhra Pradesh,Kurnool,Kurnool Apmc Market,2026-03-02,0.0,0,0.0,30.16,37.9,21.5,31.57,7
Andhra Pradesh,Kurnool,Kurnool Apmc Market,2026-03-09,0.0,0,0.0,30.47,38.6,22.4,37.43,7
Andhra Pradesh,Kurnool,Kurnool Apmc Market,2026-03-16,4.1,1,3.8,29.67,37.6,22.7,44.14,7
Andhra Pradesh,Kurnool,Kurnool Apmc Market,2026-03-23,0.1,0,0.1,32.24,39.8,25.9,35.71,7
Andhra Pradesh,Kurnool,Kurnool Apmc Market,2026-03-30,0.2,0,0.1,32.3,38.8,24.8,37.71,7
Andhra Pradesh,Kurnool,Kurnool Apmc Market,2026-04-06,0.0,0,0.0,33.51,41.2,25.4,32.71,7
Andhra Pradesh,Kurnool,Kurnool Apmc Market,2026-04-13,0.2,0,0.2,35.51,42.3,28.5,32.57,7
Andhra Pradesh,Kurnool,Kurnool Apmc Market,2026-04-20,0.5,0,0.5,34.76,41.9,27.7,32.57,7
Andhra Pradesh,Kurnool,Kurnool Apmc Market,2026-04-27,0.4,0,0.4,34.84,41.4,28.5,33.43,7
Andhra Pradesh,Kurnool,Kurnool Apmc Market,2026-05-04,0.1,0,0.1,33.03,40.0,26.4,41.43,7
Andhra Pradesh,Kurnool,Kurnool Apmc Market,2026-05-11,2.1,0,1.5,33.99,39.7,27.4,42.0,7
Andhra Pradesh,Kurnool,Kurnool Apmc Market,2026-05-18,1.4,0,1.1,33.14,40.0,26.4,50.0,7
Andhra Pradesh,Kurnool,Kurnool Apmc Market,2026-05-25,27.7,2,17.0,31.47,37.6,24.3,56.71,7
Andhra Pradesh,Kurnool,Kurnool Apmc Market,2026-06-01,10.9,2,5.1,30.64,37.0,25.0,59.0,7
Andhra Pradesh,Kurnool,Kurnool Apmc Market,2026-06-08,0.3,0,0.3,30.07,36.0,25.3,60.86,7
Andhra Pradesh,Kurnool,Kurnool Apmc Market,2026-06-15,0.3,0,0.2,31.09,36.2,26.5,52.71,7
Andhra Pradesh,Kurnool,Kurnool Apmc Market,2026-06-22,14.8,2,8.6,29.56,35.4,24.6,61.43,7
Andhra Pradesh,Kurnool,Kurnool Apmc Market,2026-06-29,16.8,2,8.2,28.21,33.5,24.7,66.29,7
Andhra Pradesh,Kurnool,Kurnool Apmc Market,2026-07-06,5.5,0,2.3,30.11,35.8,25.5,57.71,7
Andhra Pradesh,Kurnool,Kurnool Apmc Market,2026-07-13,24.1,3,12.2,29.7,36.5,23.8,58.86,7
Andhra Pradesh,Kurnool,Kurnool Apmc Market,2026-07-20,22.8,4,9.5,27.96,34.0,23.6,68.29,7
Andhra Pradesh,Kurnool,Kurnool Apmc Market,2026-07-27,35.8,6,10.0,28.3,33.8,24.4,69.71,7
Andhra Pradesh,Kurnool,Kurnool Apmc Market,2026-08-03,31.9,4,17.5,28.1,33.1,23.9,70.29,7
Andhra Pradesh,Kurnool,Kurnool Apmc Market,2026-08-10,29.9,4,8.2,28.31,33.1,23.8,68.0,7
Andhra Pradesh,Kurnool,Kurnool Apmc Market,2026-08-17,24.0,3,13.3,28.41,33.2,24.6,66.0,7
Andhra Pradesh,Kurnool,Kurnool Apmc Market,2026-08-24,12.2,1,5.3,28.44,33.1,24.4,64.57,7
Andhra Pradesh,Kurnool,Kurnool Apmc Market,2026-08-31,11.3,1,5.9,29.06,34.9,23.6,61.86,7
Andhra Pradesh,Kurnool,Kurnool Apmc Market,2026-09-07,12.9,2,7.4,30.41,34.9,23.0,55.29,7
Andhra Pradesh,Kurnool,Kurnool Apmc Market,2026-09-14,23.8,1,19.0,30.77,36.9,23.6,55.86,7
Andhra Pradesh,Kurnool,Kurnool Apmc Market,2026-09-21,23.2,3,12.5,28.29,34.3,24.4,68.29,7
Andhra Pradesh,Kurnool,Kurnool Apmc Market,2026-09-28,2.9,0,1.8,30.32,35.9,23.7,52.8,5
Andhra Pradesh,Rajahmundry,Rajahmundry Apmc Market,2025-09-29,43.1,6,14.1,27.8,32.6,24.9,83.71,7
Andhra Pradesh,Rajahmundry,Rajahmundry Apmc Market,2025-10-06,25.2,5,6.1,27.89,33.7,24.7,83.86,7
Andhra Pradesh,Rajahmundry,Rajahmundry Apmc Market,2025-10-13,105.7,4,57.6,26.96,32.0,24.2,81.86,7
Andhra Pradesh,Rajahmundry,Rajahmundry Apmc Market,2025-10-20,83.8,5,23.7,26.41,31.0,24.0,87.14,7
Andhra Pradesh,Rajahmundry,Rajahmundry Apmc Market,2025-10-27,25.7,2,13.7,26.71,33.5,23.3,82.71,7
Andhra Pradesh,Rajahmundry,Rajahmundry Apmc Market,2025-11-03,26.3,3,18.2,27.41,33.8,23.1,78.14,7
Andhra Pradesh,Rajahmundry,Rajahmundry Apmc Market,2025-11-10,0.3,0,0.3,25.91,33.2,20.1,67.43,7
Andhra Pradesh,Rajahmundry,Rajahmundry Apmc Market,2025-11-17,0.5,0,0.2,25.97,33.2,19.6,67.71,7
Andhra Pradesh,Rajahmundry,Rajahmundry Apmc Market,2025-11-24,18.7,1,18.7,25.36,32.2,19.7,70.43,7
Andhra Pradesh,Rajahmundry,Rajahmundry Apmc Market,2025-12-01,25.5,2,21.8,24.09,30.0,19.5,76.14,7
Andhra Pradesh,Rajahmundry,Rajahmundry Apmc Market,2025-12-08,0.0,0,0.0,23.17,30.4,17.2,66.86,7
Andhra Pradesh,Rajahmundry,Rajahmundry Apmc Market,2025-12-15,0.0,0,0.0,23.76,30.7,18.0,70.29,7
Andhra Pradesh,Rajahmundry,Rajahmundry Apmc Market,2025-12-22,0.0,0,0.0,23.73,30.2,18.5,70.0,7
Andhra Pradesh,Rajahmundry,Rajahmundry Apmc Market,2025-12-29,0.1,0,0.1,24.0,30.6,19.1,75.29,7
Andhra Pradesh,Rajahmundry,Rajahmundry Apmc Market,2026-01-05,1.8,0,1.8,22.46,29.2,17.0,66.14,7
Andhra Pradesh,Rajahmundry,Rajahmundry Apmc Market,2026-01-12,0.0,0,0.0,23.49,30.1,18.6,73.86,7
Andhra Pradesh,Rajahmundry,Rajahmundry Apmc Market,2026-01-19,0.0,0,0.0,23.41,30.3,18.3,71.14,7
Andhra Pradesh,Rajahmundry,Rajahmundry Apmc Market,2026-01-26,0.0,0,0.0,24.01,30.6,18.6,72.14,7
Andhra Pradesh,Rajahmundry,Rajahmundry Apmc Market,2026-02-02,0.0,0,0.0,24.46,31.9,18.6,66.14,7
Andhra Pradesh,Rajahmundry,Rajahmundry Apmc Market,2026-02-09,0.0,0,0.0,24.57,33.0,18.2,69.43,7
Andhra Pradesh,Rajahmundry,Rajahmundry Apmc Market,2026-02-16,0.0,0,0.0,26.01,34.3,20.4,65.0,7
Andhra Pradesh,Rajahmundry,Rajahmundry Apmc Market,2026-02-23,2.8,0,1.5,26.81,34.4,21.7,72.14,7
Andhra Pradesh,Rajahmundry,Rajahmundry Apmc Market,2026-03-02,0.0,0,0.0,28.0,36.9,21.9,67.86,7
Andhra Pradesh,Rajahmundry,Rajahmundry Apmc Market,2026-03-09,0.4,0,0.3,27.86,36.9,21.7,69.86,7
Andhra Pradesh,Rajahmundry,Rajahmundry Apmc Market,2026-03-16,13.6,2,7.4,26.33,33.5,21.4,77.86,7
Andhra Pradesh,Rajahmundry,Rajahmundry Apmc Market,2026-03-23,1.0,0,0.5,28.63,36.5,23.5,74.43,7
Andhra Pradesh,Rajahmundry,Rajahmundry Apmc Market,2026-03-30,0.2,0,0.1,29.34,36.3,23.7,71.71,7
Andhra Pradesh,Rajahmundry,Rajahmundry Apmc Market,2026-04-06,5.7,1,3.3,29.91,36.6,25.7,74.71,7
Andhra Pradesh,Rajahmundry,Rajahmundry Apmc Market,2026-04-13,0.3,0,0.3,30.57,37.5,25.2,72.14,7
Andhra Pradesh,Rajahmundry,Rajahmundry Apmc Market,2026-04-20,2.3,0,1.1,30.81,37.3,26.3,72.43,7
Andhra Pradesh,Rajahmundry,Rajahmundry Apmc Market,2026-04-27,32.8,3,18.9,30.8,36.8,25.2,75.14,7
Andhra Pradesh,Rajahmundry,Rajahmundry Apmc Market,2026-05-04,12.3,2,3.2,29.51,35.3,25.3,75.71,7
Andhra Pradesh,Rajahmundry,Rajahmundry Apmc Market,2026-05-11,4.9,0,2.0,30.97,36.8,25.5,70.57,7
Andhra Pradesh,Rajahmundry,Rajahmundry Apmc Market,2026-05-18,0.5,0,0.3,33.51,40.0,28.5,65.86,7
Andhra Pradesh,Rajahmundry,Rajahmundry Apmc Market,2026-05-25,2.4,0,1.9,32.24,39.3,27.4,70.43,7
Andhra Pradesh,Rajahmundry,Rajahmundry Apmc Market,2026-06-01,7.7,1,3.5,31.49,37.1,26.9,74.14,7
Andhra Pradesh,Rajahmundry,Rajahmundry Apmc Market,2026-06-08,29.8,3,17.1,30.86,37.7,26.5,72.57,7
Andhra Pradesh,Rajahmundry,Rajahmundry Apmc Market,2026-06-15,11.1,1,4.3,30.41,36.6,26.2,78.0,7
Andhra Pradesh,Rajahmundry,Rajahmundry Apmc Market,2026-06-22,25.1,3,11.7,29.57,33.3,25.9,79.57,7
Andhra Pradesh,Rajahmundry,Rajahmundry Apmc Market,2026-06-29,25.8,4,7.7,28.43,32.9,25.1,80.57,7
Andhra Pradesh,Rajahmundry,Rajahmundry Apmc Market,2026-07-06,13.5,2,6.1,30.16,34.7,26.0,71.57,7
Andhra Pradesh,Rajahmundry,Rajahmundry Apmc Market,2026-07-13,26.8,2,17.4,29.84,34.5,25.0,73.29,7
Andhra Pradesh,Rajahmundry,Rajahmundry Apmc Market,2026-07-20,39.8,5,10.9,28.9,33.2,25.1,77.71,7
Andhra Pradesh,Rajahmundry,Rajahmundry Apmc Market,2026-07-27,72.0,6,19.5,28.13,33.6,25.0,83.0,7
Andhra Pradesh,Rajahmundry,Rajahmundry Apmc Market,2026-08-03,27.6,5,9.4,29.06,32.9,25.2,80.29,7
Andhra Pradesh,Rajahmundry,Rajahmundry Apmc Market,2026-08-10,25.7,4,11.4,29.37,33.4,25.0,75.71,7
Andhra Pradesh,Rajahmundry,Rajahmundry Apmc Market,2026-08-17,22.1,3,8.5,28.79,32.9,24.6,77.86,7
Andhra Pradesh,Rajahmundry,Rajahmundry Apmc Market,2026-08-24,30.1,4,12.4,28.99,32.9,24.8,76.14,7
Andhra Pradesh,Rajahmundry,Rajahmundry Apmc Market,2026-08-31,18.4,4,6.1,29.09,33.3,26.2,77.0,7
Andhra Pradesh,Rajahmundry,Rajahmundry Apmc Market,2026-09-07,62.4,3,30.0,28.49,34.0,23.9,83.29,7
Andhra Pradesh,Rajahmundry,Rajahmundry Apmc Market,2026-09-14,42.4,4,25.8,28.74,34.5,24.2,85.43,7
Andhra Pradesh,Rajahmundry,Rajahmundry Apmc Market,2026-09-21,281.1,4,131.5,27.8,33.8,24.8,84.57,7
Andhra Pradesh,Rajahmundry,Rajahmundry Apmc Market,2026-09-28,1.8,0,1.0,29.12,33.7,25.5,79.8,5
Andhra Pradesh,Vijayawada,Vijayawada Apmc Market,2025-09-29,21.2,4,8.5,28.64,34.0,24.2,75.43,7
Andhra Pradesh,Vijayawada,Vijayawada Apmc Market,2025-10-06,33.8,6,7.8,28.19,35.2,24.1,79.86,7
Andhra Pradesh,Vijayawada,Vijayawada Apmc Market,2025-10-13,36.4,4,22.4,26.74,32.5,24.0,84.14,7
Andhra Pradesh,Vijayawada,Vijayawada Apmc Market,2025-10-20,73.4,6,28.9,26.04,31.5,23.7,89.71,7
Andhra Pradesh,Vijayawada,Vijayawada Apmc Market,2025-10-27,139.6,5,49.7,26.73,32.6,21.6,83.43,7
Andhra Pradesh,Vijayawada,Vijayawada Apmc Market,2025-11-03,10.9,3,4.1,28.06,34.3,23.7,72.43,7
Andhra Pradesh,Vijayawada,Vijayawada Apmc Market,2025-11-10,1.3,0,1.1,26.83,33.9,20.4,62.29,7
Andhra Pradesh,Vijayawada,Vijayawada Apmc Market,2025-11-17,1.4,0,1.2,26.57,33.8,20.0,65.57,7
Andhra Pradesh,Vijayawada,Vijayawada Apmc Market,2025-11-24,9.9,1,9.9,25.97,32.8,20.5,68.29,7
Andhra Pradesh,Vijayawada,Vijayawada Apmc Market,2025-12-01,8.6,2,4.4,24.47,30.4,19.7,77.57,7
Andhra Pradesh,Vijayawada,Vijayawada Apmc Market,2025-12-08,0.0,0,0.0,23.71,31.1,16.8,65.57,7
Andhra Pradesh,Vijayawada,Vijayawada Apmc Market,2025-12-15,0.0,0,0.0,24.63,32.3,18.7,67.43,7
Andhra Pradesh,Vijayawada,Vijayawada Apmc Market,2025-12-22,0.0,0,0.0,24.54,31.1,18.6,65.29,7
Andhra Pradesh,Vijayawada,Vijayawada Apmc Market,2025-12-29,0.2,0,0.2,24.77,31.0,18.9,71.71,7
Andhra Pradesh,Vijayawada,Vijayawada Apmc Market,2026-01-05,0.0,0,0.0,23.77,30.5,17.8,59.86,7
Andhra Pradesh,Vijayawada,Vijayawada Apmc Market,2026-01-12,0.1,0,0.1,25.13,33.5,18.9,65.86,7
Andhra Pradesh,Vijayawada,Vijayawada Apmc Market,2026-01-19,0.0,0,0.0,24.6,32.5,18.7,67.14,7
Andhra Pradesh,Vijayawada,Vijayawada Apmc Market,2026-01-26,0.0,0,0.0,25.27,32.2,19.9,67.14,7
Andhra Pradesh,Vijayawada,Vijayawada Apmc Market,2026-02-02,0.0,0,0.0,25.5,34.2,19.3,64.0,7
Andhra Pradesh,Vijayawada,Vijayawada Apmc Market,2026-02-09,0.0,0,0.0,25.54,35.1,18.7,65.0,7
Andhra Pradesh,Vijayawada,Vijayawada Apmc Market,2026-02-16,0.1,0,0.1,26.81,36.0,20.1,63.29,7
Andhra Pradesh,Vijayawada,Vijayawada Apmc Market,2026-02-23,1.9,0,0.9,27.19,34.9,21.2,69.0,7
Andhra Pradesh,Vijayawada,Vijayawada Apmc Market,2026-03-02,0.0,0,0.0,29.2,39.3,22.5,58.29,7
Andhra Pradesh,Vijayawada,Vijayawada Apmc Market,2026-03-09,1.4,0,0.9,28.5,38.7,22.0,65.71,7
Andhra Pradesh,Vijayawada,Vijayawada Apmc Market,2026-03-16,10.2,2,4.3,27.39,34.1,21.9,71.57,7
Andhra Pradesh,Vijayawada,Vijayawada Apmc Market,2026-03-23,1.4,0,1.0,29.7,38.6,23.8,66.43,7
Andhra Pradesh,Vijayawada,Vijayawada Apmc Market,2026-03-30,0.1,0,0.1,30.43,38.1,24.5,64.71,7
Andhra Pradesh,Vijayawada,Vijayawada Apmc Market,2026-04-06,2.7,0,1.2,31.59,39.1,27.2,66.57,7
Andhra Pradesh,Vijayawada,Vijayawada Apmc Market,2026-04-13,0.1,0,0.1,31.86,39.2,26.0,64.29,7
Andhra Pradesh,Vijayawada,Vijayawada Apmc Market,2026-04-20,0.7,0,0.5,32.3,39.6,26.4,62.86,7
Andhra Pradesh,Vijayawada,Vijayawada Apmc Market,2026-04-27,7.1,1,6.9,32.86,41.6,27.2,63.29,7
Andhra Pradesh,Vijayawada,Vijayawada Apmc Market,2026-05-04,4.7,0,1.3,31.57,38.8,26.5,64.29,7
Andhra Pradesh,Vijayawada,Vijayawada Apmc Market,2026-05-11,4.3,1,2.6,32.43,38.7,27.3,63.0,7
Andhra Pradesh,Vijayawada,Vijayawada Apmc Market,2026-05-18,0.5,0,0.3,36.03,44.1,29.4,47.71,7
Andhra Pradesh,Vijayawada,Vijayawada Apmc Market,2026-05-25,3.1,0,1.5,34.91,43.4,27.7,48.0,7
Andhra Pradesh,Vijayawada,Vijayawada Apmc Market,2026-06-01,6.7,0,2.2,33.66,39.7,27.9,57.0,7
Andhra Pradesh,Vijayawada,Vijayawada Apmc Market,2026-06-08,6.9,1,2.9,31.89,39.9,26.3,61.86,7
Andhra Pradesh,Vijayawada,Vijayawada Apmc Market,2026-06-15,7.9,1,2.8,31.57,38.0,25.7,66.29,7
Andhra Pradesh,Vijayawada,Vijayawada Apmc Market,2026-06-22,16.3,3,5.7,31.04,36.3,26.4,66.29,7
Andhra Pradesh,Vijayawada,Vijayawada Apmc Market,2026-06-29,28.0,3,13.2,30.29,34.6,25.6,66.14,7
Andhra Pradesh,Vijayawada,Vijayawada Apmc Market,2026-07-06,5.3,1,2.9,32.3,37.0,27.1,57.43,7
Andhra Pradesh,Vijayawada,Vijayawada Apmc Market,2026-07-13,15.2,2,9.4,31.39,36.9,25.7,60.86,7
Andhra Pradesh,Vijayawada,Vijayawada Apmc Market,2026-07-20,10.3,2,4.1,30.46,35.1,25.1,65.14,7
Andhra Pradesh,Vijayawada,Vijayawada Apmc Market,2026-07-27,52.5,5,14.5,29.29,33.8,25.5,74.86,7
Andhra Pradesh,Vijayawada,Vijayawada Apmc Market,2026-08-03,9.5,1,3.0,30.24,34.7,25.6,69.43,7
Andhra Pradesh,Vijayawada,Vijayawada Apmc Market,2026-08-10,20.8,2,9.6,31.64,36.0,25.1,58.86,7
Andhra Pradesh,Vijayawada,Vijayawada Apmc Market,2026-08-17,13.7,2,5.4,30.37,34.9,25.3,66.43,7
Andhra Pradesh,Vijayawada,Vijayawada Apmc Market,2026-08-24,19.0,1,15.9,29.86,34.0,25.0,68.0,7
Andhra Pradesh,Vijayawada,Vijayawada Apmc Market,2026-08-31,28.7,4,15.5,29.63,36.3,25.0,72.29,7
Andhra Pradesh,Vijayawada,Vijayawada Apmc Market,2026-09-07,32.3,3,15.2,29.86,36.4,24.4,73.29,7
Andhra Pradesh,Vijayawada,Vijayawada Apmc Market,2026-09-14,13.8,2,5.2,29.7,36.0,24.5,76.86,7
Andhra Pradesh,Vijayawada,Vijayawada Apmc Market,2026-09-21,81.6,4,37.2,28.51,34.0,24.7,78.71,7
Andhra Pradesh,Vijayawada,Vijayawada Apmc Market,2026-09-28,1.4,0,0.9,29.62,34.5,25.0,72.4,5
Andhra Pradesh,Visakhapatnam,Visakhapatnam Apmc Market,2025-09-29,107.5,5,45.7,27.33,33.1,24.4,86.57,7
Andhra Pradesh,Visakhapatnam,Visakhapatnam Apmc Market,2025-10-06,57.6,6,13.7,27.14,32.2,24.1,87.29,7
Andhra Pradesh,Visakhapatnam,Visakhapatnam Apmc Market,2025-10-13,66.8,3,28.4,26.7,31.8,23.7,82.14,7
Andhra Pradesh,Visakhapatnam,Visakhapatnam Apmc Market,2025-10-20,55.2,4,22.7,26.44,31.0,23.4,86.43,7
Andhra Pradesh,Visakhapatnam,Visakhapatnam Apmc Market,2025-10-27,67.3,4,30.3,26.61,32.5,22.5,84.71,7
Andhra Pradesh,Visakhapatnam,Visakhapatnam Apmc Market,2025-11-03,9.1,2,4.6,26.57,32.5,22.2,78.86,7
Andhra Pradesh,Visakhapatnam,Visakhapatnam Apmc Market,2025-11-10,0.0,0,0.0,24.33,31.2,19.0,68.0,7
Andhra Pradesh,Visakhapatnam,Visakhapatnam Apmc Market,2025-11-17,0.6,0,0.3,25.04,30.6,19.1,71.43,7
Andhra Pradesh,Visakhapatnam,Visakhapatnam Apmc Market,2025-11-24,12.9,1,11.7,24.46,30.0,18.9,71.29,7
Andhra Pradesh,Visakhapatnam,Visakhapatnam Apmc Market,2025-12-01,19.3,2,14.8,23.33,28.5,18.6,75.29,7
Andhra Pradesh,Visakhapatnam,Visakhapatnam Apmc Market,2025-12-08,0.0,0,0.0,22.44,28.6,16.9,65.71,7
Andhra Pradesh,Visakhapatnam,Visakhapatnam Apmc Market,2025-12-15,0.0,0,0.0,22.54,28.7,17.2,72.14,7
Andhra Pradesh,Visakhapatnam,Visakhapatnam Apmc Market,2025-12-22,0.0,0,0.0,22.5,28.3,17.7,72.86,7
Andhra Pradesh,Visakhapatnam,Visakhapatnam Apmc Market,2025-12-29,0.4,0,0.4,23.01,29.0,18.1,77.0,7
Andhra Pradesh,Visakhapatnam,Visakhapatnam Apmc Market,2026-01-05,0.1,0,0.1,22.26,28.4,17.5,62.29,7
Andhra Pradesh,Visakhapatnam,Visakhapatnam Apmc Market,2026-01-12,0.0,0,0.0,22.7,28.9,16.5,69.57,7
Andhra Pradesh,Visakhapatnam,Visakhapatnam Apmc Market,2026-01-19,0.2,0,0.1,23.31,30.1,17.0,68.57,7
Andhra Pradesh,Visakhapatnam,Visakhapatnam Apmc Market,2026-01-26,0.0,0,0.0,23.76,30.6,17.7,71.29,7
Andhra Pradesh,Visakhapatnam,Visakhapatnam Apmc Market,2026-02-02,0.0,0,0.0,24.06,31.1,17.1,65.71,7
Andhra Pradesh,Visakhapatnam,Visakhapatnam Apmc Market,2026-02-09,0.0,0,0.0,23.69,31.7,17.0,72.0,7
Andhra Pradesh,Visakhapatnam,Visakhapatnam Apmc Market,2026-02-16,1.6,0,1.6,25.21,33.5,19.4,69.43,7
Andhra Pradesh,Visakhapatnam,Visakhapatnam Apmc Market,2026-02-23,14.7,1,12.2,26.3,32.7,20.2,74.57,7
Andhra Pradesh,Visakhapatnam,Visakhapatnam Apmc Market,2026-03-02,0.6,0,0.3,27.57,34.9,21.9,69.86,7
Andhra Pradesh,Visakhapatnam,Visakhapatnam Apmc Market,2026-03-09,1.2,0,1.2,27.3,34.3,22.4,73.57,7
Andhra Pradesh,Visakhapatnam,Visakhapatnam Apmc Market,2026-03-16,11.4,2,4.8,26.79,33.3,19.5,71.43,7
Andhra Pradesh,Visakhapatnam,Visakhapatnam Apmc Market,2026-03-23,1.4,0,0.8,28.54,35.1,22.8,73.71,7
Andhra Pradesh,Visakhapatnam,Visakhapatnam Apmc Market,2026-03-30,2.0,0,1.7,29.11,34.7,24.3,73.14,7
Andhra Pradesh,Visakhapatnam,Visakhapatnam Apmc Market,2026-04-06,13.2,2,6.6,29.41,35.5,25.5,77.43,7
Andhra Pradesh,Visakhapatnam,Visakhapatnam Apmc Market,2026-04-13,0.0,0,0.0,29.76,34.4,25.7,75.29,7
Andhra Pradesh,Visakhapatnam,Visakhapatnam Apmc Market,2026-04-20,0.0,0,0.0,30.16,36.0,25.8,75.0,7
Andhra Pradesh,Visakhapatnam,Visakhapatnam Apmc Market,2026-04-27,20.2,1,18.7,29.84,35.5,24.5,78.43,7
Andhra Pradesh,Visakhapatnam,Visakhapatnam Apmc Market,2026-05-04,12.8,2,4.0,29.3,34.5,25.0,75.29,7
Andhra Pradesh,Visakhapatnam,Visakhapatnam Apmc Market,2026-05-11,0.3,0,0.2,30.41,36.7,24.3,73.29,7
Andhra Pradesh,Visakhapatnam,Visakhapatnam Apmc Market,2026-05-18,1.8,0,1.1,33.2,42.2,28.4,69.86,7
Andhra Pradesh,Visakhapatnam,Visakhapatnam Apmc Market,2026-05-25,0.5,0,0.5,32.6,42.1,27.6,70.29,7
Andhra Pradesh,Visakhapatnam,Visakhapatnam Apmc Market,2026-06-01,10.5,3,3.2,32.41,38.7,27.3,70.29,7
Andhra Pradesh,Visakhapatnam,Visakhapatnam Apmc Market,2026-06-08,25.1,1,20.4,32.24,40.2,26.9,67.86,7
Andhra Pradesh,Visakhapatnam,Visakhapatnam Apmc Market,2026-06-15,48.4,6,14.1,30.17,36.9,26.0,79.71,7
Andhra Pradesh,Visakhapatnam,Visakhapatnam Apmc Market,2026-06-22,47.9,4,22.7,30.2,36.3,25.4,77.29,7
Andhra Pradesh,Visakhapatnam,Visakhapatnam Apmc Market,2026-06-29,66.4,5,22.3,28.87,35.2,24.8,78.71,7
Andhra Pradesh,Visakhapatnam,Visakhapatnam Apmc Market,2026-07-06,10.2,1,6.8,30.19,37.4,25.4,72.43,7
Andhra Pradesh,Visakhapatnam,Visakhapatnam Apmc Market,2026-07-13,18.5,4,6.0,30.79,36.3,26.4,67.57,7
Andhra Pradesh,Visakhapatnam,Visakhapatnam Apmc Market,2026-07-20,56.6,4,27.2,29.17,35.4,24.2,76.14,7
Andhra Pradesh,Visakhapatnam,Visakhapatnam Apmc Market,2026-07-27,46.7,5,11.5,27.99,33.4,24.9,84.14,7
Andhra Pradesh,Visakhapatnam,Visakhapatnam Apmc Market,2026-08-03,79.5,6,18.6,29.01,34.4,25.7,84.86,7
Andhra Pradesh,Visakhapatnam,Visakhapatnam Apmc Market,2026-08-10,35.8,4,17.1,29.26,34.3,25.5,78.43,7
Andhra Pradesh,Visakhapatnam,Visakhapatnam Apmc Market,2026-08-17,41.0,5,20.9,29.26,34.3,24.2,76.0,7
Andhra Pradesh,Visakhapatnam,Visakhapatnam Apmc Market,2026-08-24,49.2,5,20.8,29.1,34.0,25.0,76.43,7
Andhra Pradesh,Visakhapatnam,Visakhapatnam Apmc Market,2026-08-31,22.8,3,8.3,29.34,35.2,25.1,74.14,7
Andhra Pradesh,Visakhapatnam,Visakhapatnam Apmc Market,2026-09-07,84.3,6,33.4,28.53,36.5,24.2,82.57,7
Andhra Pradesh,Visakhapatnam,Visakhapatnam Apmc Market,2026-09-14,21.9,3,6.7,28.61,34.7,23.8,83.43,7
Andhra Pradesh,Visakhapatnam,Visakhapatnam Apmc Market,2026-09-21,297.0,6,123.2,27.24,34.1,24.7,87.14,7
Andhra Pradesh,Visakhapatnam,Visakhapatnam Apmc Market,2026-09-28,8.3,1,3.9,28.68,34.0,24.8,80.2,5
Bihar,Bhagalpur,Bhagalpur Apmc Market,2025-09-29,84.9,5,41.4,28.54,37.2,24.0,79.57,7
Bihar,Bhagalpur,Bhagalpur Apmc Market,2025-10-06,1.3,0,0.5,27.63,32.7,22.9,76.57,7
Bihar,Bhagalpur,Bhagalpur Apmc Market,2025-10-13,0.1,0,0.1,27.41,34.1,21.7,69.0,7
Bihar,Bhagalpur,Bhagalpur Apmc Market,2025-10-20,0.0,0,0.0,28.43,34.4,22.9,66.14,7
Bihar,Bhagalpur,Bhagalpur Apmc Market,2025-10-27,76.6,4,61.0,25.84,32.6,22.2,82.0,7
Bihar,Bhagalpur,Bhagalpur Apmc Market,2025-11-03,0.3,0,0.2,24.39,31.1,18.2,71.57,7
Bihar,Bhagalpur,Bhagalpur Apmc Market,2025-11-10,0.0,0,0.0,20.69,27.8,15.3,69.0,7
Bihar,Bhagalpur,Bhagalpur Apmc Market,2025-11-17,0.0,0,0.0,21.23,27.7,16.2,71.57,7
Bihar,Bhagalpur,Bhagalpur Apmc Market,2025-11-24,0.0,0,0.0,20.03,27.1,13.8,72.43,7
Bihar,Bhagalpur,Bhagalpur Apmc Market,2025-12-01,0.0,0,0.0,18.09,25.8,12.0,71.43,7
Bihar,Bhagalpur,Bhagalpur Apmc Market,2025-12-08,0.0,0,0.0,17.67,24.7,11.7,78.86,7
Bihar,Bhagalpur,Bhagalpur Apmc Market,2025-12-15,0.0,0,0.0,17.0,24.2,12.0,82.0,7
Bihar,Bhagalpur,Bhagalpur Apmc Market,2025-12-22,0.0,0,0.0,14.86,20.5,10.3,85.57,7
Bihar,Bhagalpur,Bhagalpur Apmc Market,2025-12-29,0.1,0,0.1,13.53,20.0,9.0,85.86,7
Bihar,Bhagalpur,Bhagalpur Apmc Market,2026-01-05,0.0,0,0.0,12.76,20.2,9.2,87.57,7
Bihar,Bhagalpur,Bhagalpur Apmc Market,2026-01-12,0.0,0,0.0,14.83,22.5,9.4,79.57,7
Bihar,Bhagalpur,Bhagalpur Apmc Market,2026-01-19,0.0,0,0.0,17.37,25.2,9.8,75.0,7
Bihar,Bhagalpur,Bhagalpur Apmc Market,2026-01-26,0.0,0,0.0,17.46,24.9,10.6,77.29,7
Bihar,Bhagalpur,Bhagalpur Apmc Market,2026-02-02,0.0,0,0.0,17.89,25.2,11.9,76.14,7
Bihar,Bhagalpur,Bhagalpur Apmc Market,2026-02-09,0.0,0,0.0,18.96,26.1,12.3,69.57,7
Bihar,Bhagalpur,Bhagalpur Apmc Market,2026-02-16,0.0,0,0.0,21.59,29.3,14.1,65.0,7
Bihar,Bhagalpur,Bhagalpur Apmc Market,2026-02-23,0.2,0,0.2,22.7,30.8,15.8,55.57,7
Bihar,Bhagalpur,Bhagalpur Apmc Market,2026-03-02,0.0,0,0.0,24.64,32.4,16.3,55.57,7
Bihar,Bhagalpur,Bhagalpur Apmc Market,2026-03-09,8.2,2,3.5,26.54,34.7,20.4,69.86,7
Bihar,Bhagalpur,Bhagalpur Apmc Market,2026-03-16,15.8,2,8.3,24.31,33.9,17.2,67.71,7
Bihar,Bhagalpur,Bhagalpur Apmc Market,2026-03-23,5.1,1,4.9,24.57,33.2,17.5,67.14,7
Bihar,Bhagalpur,Bhagalpur Apmc Market,2026-03-30,0.1,0,0.1,28.54,37.9,20.7,57.43,7
Bihar,Bhagalpur,Bhagalpur Apmc Market,2026-04-06,2.3,0,2.2,26.3,35.2,19.6,54.14,7
Bihar,Bhagalpur,Bhagalpur Apmc Market,2026-04-13,2.6,1,2.5,29.06,37.3,21.6,65.86,7
Bihar,Bhagalpur,Bhagalpur Apmc Market,2026-04-20,0.7,0,0.6,31.34,40.9,24.5,57.29,7
Bihar,Bhagalpur,Bhagalpur Apmc Market,2026-04-27,42.6,3,31.8,25.81,31.8,21.6,76.43,7
Bihar,Bhagalpur,Bhagalpur Apmc Market,2026-05-04,23.4,1,21.7,26.87,33.0,21.5,70.86,7
Bihar,Bhagalpur,Bhagalpur Apmc Market,2026-05-11,11.7,1,8.0,28.99,35.7,22.7,72.14,7
Bihar,Bhagalpur,Bhagalpur Apmc Market,2026-05-18,5.3,1,3.3,31.11,38.0,26.3,73.57,7
Bihar,Bhagalpur,Bhagalpur Apmc Market,2026-05-25,74.5,2,43.2,28.83,35.1,22.8,74.29,7
Bihar,Bhagalpur,Bhagalpur Apmc Market,2026-06-01,8.6,1,5.0,31.79,38.7,26.7,65.57,7
Bihar,Bhagalpur,Bhagalpur Apmc Market,2026-06-08,7.9,1,5.4,30.83,37.1,24.7,70.29,7
Bihar,Bhagalpur,Bhagalpur Apmc Market,2026-06-15,17.2,1,12.7,32.1,37.8,26.1,67.43,7
Bihar,Bhagalpur,Bhagalpur Apmc Market,2026-06-22,15.3,3,4.8,32.09,37.4,26.2,69.43,7
Bihar,Bhagalpur,Bhagalpur Apmc Market,2026-06-29,39.1,4,16.3,30.33,35.5,25.5,78.0,7
Bihar,Bhagalpur,Bhagalpur Apmc Market,2026-07-06,102.2,7,26.7,29.36,34.1,25.8,83.86,7
Bihar,Bhagalpur,Bhagalpur Apmc Market,2026-07-13,95.0,7,29.4,29.73,35.0,26.6,83.43,7
Bihar,Bhagalpur,Bhagalpur Apmc Market,2026-07-20,76.4,5,35.9,28.86,34.4,25.6,81.86,7
Bihar,Bhagalpur,Bhagalpur Apmc Market,2026-07-27,30.7,6,7.2,29.76,33.9,26.4,79.43,7
Bihar,Bhagalpur,Bhagalpur Apmc Market,2026-08-03,70.2,6,22.8,29.17,33.9,26.3,83.71,7
Bihar,Bhagalpur,Bhagalpur Apmc Market,2026-08-10,18.8,3,5.6,30.86,35.1,27.4,76.0,7
Bihar,Bhagalpur,Bhagalpur Apmc Market,2026-08-17,38.5,5,13.8,29.79,34.9,26.7,80.71,7
Bihar,Bhagalpur,Bhagalpur Apmc Market,2026-08-24,51.6,6,17.0,30.07,34.4,26.8,82.43,7
Bihar,Bhagalpur,Bhagalpur Apmc Market,2026-08-31,84.6,7,25.2,28.51,33.0,25.6,85.71,7
Bihar,Bhagalpur,Bhagalpur Apmc Market,2026-09-07,27.7,6,5.7,29.47,33.5,26.6,80.71,7
Bihar,Bhagalpur,Bhagalpur Apmc Market,2026-09-14,11.0,0,2.4,29.44,33.6,25.7,79.86,7
Bihar,Bhagalpur,Bhagalpur Apmc Market,2026-09-21,92.7,5,24.6,27.86,34.6,24.0,84.57,7
Bihar,Bhagalpur,Bhagalpur Apmc Market,2026-09-28,1.0,0,0.7,28.66,32.4,25.2,74.8,5
Bihar,Gaya,Gaya Apmc Market,2025-09-29,92.1,4,40.1,27.54,33.6,23.9,84.29,7
Bihar,Gaya,Gaya Apmc Market,2025-10-06,2.3,0,1.4,26.61,31.2,22.2,80.0,7
Bihar,Gaya,Gaya Apmc Market,2025-10-13,0.0,0,0.0,25.01,31.4,19.3,75.0,7
Bihar,Gaya,Gaya Apmc Market,2025-10-20,0.0,0,0.0,26.49,32.0,21.1,76.86,7
Bihar,Gaya,Gaya Apmc Market,2025-10-27,80.8,5,44.3,24.99,30.7,22.1,87.14,7
Bihar,Gaya,Gaya Apmc Market,2025-11-03,0.0,0,0.0,22.4,29.5,15.6,70.29,7
Bihar,Gaya,Gaya Apmc Market,2025-11-10,0.0,0,0.0,18.79,25.9,11.8,67.29,7
Bihar,Gaya,Gaya Apmc Market,2025-11-17,0.0,0,0.0,19.26,26.3,11.4,74.86,7
Bihar,Gaya,Gaya Apmc Market,2025-11-24,0.0,0,0.0,18.29,25.8,11.3,72.14,7
Bihar,Gaya,Gaya Apmc Market,2025-12-01,0.0,0,0.0,17.31,25.5,9.9,69.57,7
Bihar,Gaya,Gaya Apmc Market,2025-12-08,0.0,0,0.0,16.66,24.3,10.2,72.57,7
Bihar,Gaya,Gaya Apmc Market,2025-12-15,0.0,0,0.0,15.23,23.1,8.7,80.29,7
Bihar,Gaya,Gaya Apmc Market,2025-12-22,0.1,0,0.1,13.61,21.2,8.3,82.43,7
Bihar,Gaya,Gaya Apmc Market,2025-12-29,0.2,0,0.2,13.34,21.5,7.1,83.71,7
Bihar,Gaya,Gaya Apmc Market,2026-01-05,0.0,0,0.0,11.93,22.0,6.3,82.0,7
Bihar,Gaya,Gaya Apmc Market,2026-01-12,0.0,0,0.0,14.2,22.8,8.2,74.43,7
Bihar,Gaya,Gaya Apmc Market,2026-01-19,0.0,0,0.0,17.23,25.4,9.4,71.43,7
Bihar,Gaya,Gaya Apmc Market,2026-01-26,0.0,0,0.0,17.44,25.8,10.6,80.14,7
Bihar,Gaya,Gaya Apmc Market,2026-02-02,0.0,0,0.0,17.93,25.8,10.8,70.14,7
Bihar,Gaya,Gaya Apmc Market,2026-02-09,0.0,0,0.0,18.57,26.5,11.4,64.71,7
Bihar,Gaya,Gaya Apmc Market,2026-02-16,0.0,0,0.0,20.93,28.9,11.9,62.29,7
Bihar,Gaya,Gaya Apmc Market,2026-02-23,0.0,0,0.0,22.23,31.5,14.7,53.29,7
Bihar,Gaya,Gaya Apmc Market,2026-03-02,0.0,0,0.0,24.46,32.6,16.4,52.14,7
Bihar,Gaya,Gaya Apmc Market,2026-03-09,1.2,0,0.5,26.61,35.3,18.8,57.71,7
Bihar,Gaya,Gaya Apmc Market,2026-03-16,10.4,1,8.8,24.66,34.5,15.9,57.43,7
Bihar,Gaya,Gaya Apmc Market,2026-03-23,1.0,0,0.9,25.9,35.7,17.2,51.71,7
Bihar,Gaya,Gaya Apmc Market,2026-03-30,2.7,0,1.5,29.11,38.2,21.7,47.71,7
Bihar,Gaya,Gaya Apmc Market,2026-04-06,7.5,1,6.8,26.87,37.4,19.1,43.57,7
Bihar,Gaya,Gaya Apmc Market,2026-04-13,0.0,0,0.0,31.34,42.0,21.9,37.29,7
Bihar,Gaya,Gaya Apmc Market,2026-04-20,0.0,0,0.0,33.61,42.1,24.5,30.29,7
Bihar,Gaya,Gaya Apmc Market,2026-04-27,20.4,2,8.5,28.6,38.5,20.8,63.29,7
Bihar,Gaya,Gaya Apmc Market,2026-05-04,20.3,3,13.7,27.43,35.3,21.5,63.57,7
Bihar,Gaya,Gaya Apmc Market,2026-05-11,1.4,0,0.6,31.34,40.4,23.6,54.57,7
Bihar,Gaya,Gaya Apmc Market,2026-05-18,0.5,0,0.4,34.26,41.9,27.6,49.57,7
Bihar,Gaya,Gaya Apmc Market,2026-05-25,15.9,1,14.8,31.0,42.5,23.5,60.29,7
Bihar,Gaya,Gaya Apmc Market,2026-06-01,4.0,1,3.3,32.04,37.6,24.3,57.57,7
Bihar,Gaya,Gaya Apmc Market,2026-06-08,4.1,1,3.5,32.29,40.4,26.3,56.43,7
Bihar,Gaya,Gaya Apmc Market,2026-06-15,12.1,1,6.3,33.09,39.2,26.0,55.86,7
Bihar,Gaya,Gaya Apmc Market,2026-06-22,13.6,3,5.6,32.99,38.6,26.3,58.43,7
Bihar,Gaya,Gaya Apmc Market,2026-06-29,38.6,5,12.2,30.49,35.6,26.1,75.57,7
Bihar,Gaya,Gaya Apmc Market,2026-07-06,51.0,6,12.4,29.29,34.6,25.8,80.29,7
Bihar,Gaya,Gaya Apmc Market,2026-07-13,58.7,6,15.0,29.56,34.5,26.1,82.43,7
Bihar,Gaya,Gaya Apmc Market,2026-07-20,78.5,6,50.0,28.64,34.0,25.0,82.86,7
Bihar,Gaya,Gaya Apmc Market,2026-07-27,45.9,3,22.4,29.59,33.7,25.6,78.71,7
Bihar,Gaya,Gaya Apmc Market,2026-08-03,63.1,6,28.5,28.79,33.9,25.5,84.86,7
Bihar,Gaya,Gaya Apmc Market,2026-08-10,45.5,3,19.9,29.74,34.5,25.7,80.43,7
Bihar,Gaya,Gaya Apmc Market,2026-08-17,85.9,6,20.0,28.77,34.1,25.1,84.29,7
Bihar,Gaya,Gaya Apmc Market,2026-08-24,90.6,6,25.4,28.79,33.1,25.4,87.14,7
Bihar,Gaya,Gaya Apmc Market,2026-08-31,155.4,4,66.2,28.1,32.7,25.2,86.57,7
Bihar,Gaya,Gaya Apmc Market,2026-09-07,41.6,6,10.3,28.47,33.0,25.2,83.0,7
Bihar,Gaya,Gaya Apmc Market,2026-09-14,17.6,3,7.0,28.73,32.9,25.2,82.0,7
Bihar,Gaya,Gaya Apmc Market,2026-09-21,78.7,6,29.9,27.01,32.9,24.1,85.86,7
Bihar,Gaya,Gaya Apmc Market,2026-09-28,3.1,0,0.9,27.24,31.0,23.7,79.6,5
Bihar,Muzaffarpur,Muzaffarpur Apmc Market,2025-09-29,83.5,4,53.6,28.07,36.1,22.8,80.57,7
Bihar,Muzaffarpur,Muzaffarpur Apmc Market,2025-10-06,0.8,0,0.7,26.83,31.4,22.3,78.57,7
Bihar,Muzaffarpur,Muzaffarpur Apmc Market,2025-10-13,0.0,0,0.0,26.59,33.6,20.2,67.29,7
Bihar,Muzaffarpur,Muzaffarpur Apmc Market,2025-10-20,0.1,0,0.1,28.5,34.8,22.4,61.43,7
Bihar,Muzaffarpur,Muzaffarpur Apmc Market,2025-10-27,78.1,3,34.0,25.09,32.5,21.5,81.71,7
Bihar,Muzaffarpur,Muzaffarpur Apmc Market,2025-11-03,0.0,0,0.0,23.53,30.7,17.0,71.57,7
Bihar,Muzaffarpur,Muzaffarpur Apmc Market,2025-11-10,0.0,0,0.0,20.1,27.0,13.8,67.43,7
Bihar,Muzaffarpur,Muzaffarpur Apmc Market,2025-11-17,0.0,0,0.0,20.96,27.8,14.8,67.29,7
Bihar,Muzaffarpur,Muzaffarpur Apmc Market,2025-11-24,0.0,0,0.0,19.51,27.6,12.8,68.57,7
Bihar,Muzaffarpur,Muzaffarpur Apmc Market,2025-12-01,0.0,0,0.0,17.67,25.9,11.0,66.0,7
Bihar,Muzaffarpur,Muzaffarpur Apmc Market,2025-12-08,0.0,0,0.0,17.44,24.9,11.8,75.0,7
Bihar,Muzaffarpur,Muzaffarpur Apmc Market,2025-12-15,0.0,0,0.0,16.03,24.7,10.3,81.86,7
Bihar,Muzaffarpur,Muzaffarpur Apmc Market,2025-12-22,0.4,0,0.4,14.33,20.3,10.1,86.0,7
Bihar,Muzaffarpur,Muzaffarpur Apmc Market,2025-12-29,0.3,0,0.3,12.97,19.3,7.0,86.43,7
Bihar,Muzaffarpur,Muzaffarpur Apmc Market,2026-01-05,0.0,0,0.0,11.96,19.5,7.5,87.86,7
Bihar,Muzaffarpur,Muzaffarpur Apmc Market,2026-01-12,0.0,0,0.0,13.71,21.2,8.0,83.14,7
Bihar,Muzaffarpur,Muzaffarpur Apmc Market,2026-01-19,0.0,0,0.0,16.76,24.5,8.9,77.0,7
Bihar,Muzaffarpur,Muzaffarpur Apmc Market,2026-01-26,0.0,0,0.0,16.31,23.9,9.8,80.43,7
Bihar,Muzaffarpur,Muzaffarpur Apmc Market,2026-02-02,0.0,0,0.0,17.1,24.3,10.7,79.71,7
Bihar,Muzaffarpur,Muzaffarpur Apmc Market,2026-02-09,0.0,0,0.0,18.21,25.6,11.9,71.86,7
Bihar,Muzaffarpur,Muzaffarpur Apmc Market,2026-02-16,0.0,0,0.0,20.94,29.0,13.7,68.0,7
Bihar,Muzaffarpur,Muzaffarpur Apmc Market,2026-02-23,0.0,0,0.0,21.81,30.3,14.3,57.71,7
Bihar,Muzaffarpur,Muzaffarpur Apmc Market,2026-03-02,0.2,0,0.2,24.26,32.2,15.8,57.0,7
Bihar,Muzaffarpur,Muzaffarpur Apmc Market,2026-03-09,12.5,2,5.3,25.36,32.1,18.5,74.71,7
Bihar,Muzaffarpur,Muzaffarpur Apmc Market,2026-03-16,19.2,2,10.2,23.2,32.7,16.3,71.0,7
Bihar,Muzaffarpur,Muzaffarpur Apmc Market,2026-03-23,5.0,1,4.8,24.63,33.2,16.7,62.0,7
Bihar,Muzaffarpur,Muzaffarpur Apmc Market,2026-03-30,0.3,0,0.3,28.61,38.7,20.7,51.86,7
Bihar,Muzaffarpur,Muzaffarpur Apmc Market,2026-04-06,8.4,2,4.7,26.5,35.5,18.4,43.71,7
Bihar,Muzaffarpur,Muzaffarpur Apmc Market,2026-04-13,0.3,0,0.3,28.53,36.3,20.4,61.0,7
Bihar,Muzaffarpur,Muzaffarpur Apmc Market,2026-04-20,10.8,1,10.7,30.43,39.7,23.0,57.43,7
Bihar,Muzaffarpur,Muzaffarpur Apmc Market,2026-04-27,20.9,2,11.6,25.76,34.0,20.5,74.86,7
Bihar,Muzaffarpur,Muzaffarpur Apmc Market,2026-05-04,34.1,3,18.6,25.97,32.3,20.5,73.0,7
Bihar,Muzaffarpur,Muzaffarpur Apmc Market,2026-05-11,10.6,1,9.9,28.77,36.0,23.2,71.57,7
Bihar,Muzaffarpur,Muzaffarpur Apmc Market,2026-05-18,3.6,0,2.1,30.96,37.2,26.6,73.14,7
Bihar,Muzaffarpur,Muzaffarpur Apmc Market,2026-05-25,35.6,3,25.5,28.47,34.8,23.0,74.0,7
Bihar,Muzaffarpur,Muzaffarpur Apmc Market,2026-06-01,13.9,3,6.1,31.11,36.6,24.5,65.86,7
Bihar,Muzaffarpur,Muzaffarpur Apmc Market,2026-06-08,18.2,1,14.2,30.17,36.1,23.8,72.0,7
Bihar,Muzaffarpur,Muzaffarpur Apmc Market,2026-06-15,10.9,1,7.1,31.33,36.2,25.2,72.29,7
Bihar,Muzaffarpur,Muzaffarpur Apmc Market,2026-06-22,13.6,1,9.3,31.23,36.4,25.5,73.57,7
Bihar,Muzaffarpur,Muzaffarpur Apmc Market,2026-06-29,25.8,4,11.3,30.5,35.3,25.3,77.86,7
Bihar,Muzaffarpur,Muzaffarpur Apmc Market,2026-07-06,57.4,7,17.3,29.36,33.9,26.2,83.57,7
Bihar,Muzaffarpur,Muzaffarpur Apmc Market,2026-07-13,93.2,6,32.1,29.47,34.0,26.5,84.71,7
Bihar,Muzaffarpur,Muzaffarpur Apmc Market,2026-07-20,36.3,5,20.9,29.14,34.5,25.0,81.0,7
Bihar,Muzaffarpur,Muzaffarpur Apmc Market,2026-07-27,35.3,4,20.1,29.84,33.3,26.2,80.0,7
Bihar,Muzaffarpur,Muzaffarpur Apmc Market,2026-08-03,69.4,5,26.7,29.17,33.4,25.9,83.71,7
Bihar,Muzaffarpur,Muzaffarpur Apmc Market,2026-08-10,24.5,3,11.6,30.57,35.4,25.7,77.86,7
Bihar,Muzaffarpur,Muzaffarpur Apmc Market,2026-08-17,27.4,3,13.2,29.86,34.1,26.3,79.71,7
Bihar,Muzaffarpur,Muzaffarpur Apmc Market,2026-08-24,57.5,6,11.8,29.76,33.8,26.4,83.86,7
Bihar,Muzaffarpur,Muzaffarpur Apmc Market,2026-08-31,60.0,7,16.6,28.31,32.3,25.7,86.57,7
Bihar,Muzaffarpur,Muzaffarpur Apmc Market,2026-09-07,21.3,3,11.2,29.06,32.6,26.4,83.43,7
Bihar,Muzaffarpur,Muzaffarpur Apmc Market,2026-09-14,24.0,3,9.0,28.79,33.5,24.5,82.43,7
Bihar,Muzaffarpur,Muzaffarpur Apmc Market,2026-09-21,115.5,5,37.1,27.31,33.5,23.7,84.14,7
Bihar,Muzaffarpur,Muzaffarpur Apmc Market,2026-09-28,1.5,0,0.6,27.74,31.5,23.9,78.6,5
Bihar,Patna,Patna Apmc Market,2025-09-29,71.8,4,33.9,28.39,36.1,23.6,78.86,7
Bihar,Patna,Patna Apmc Market,2025-10-06,0.9,0,0.6,27.17,31.6,23.0,77.0,7
Bihar,Patna,Patna Apmc Market,2025-10-13,0.0,0,0.0,26.46,32.8,21.3,67.14,7
Bihar,Patna,Patna Apmc Market,2025-10-20,0.0,0,0.0,28.23,33.7,23.2,68.71,7
Bihar,Patna,Patna Apmc Market,2025-10-27,79.6,3,58.6,25.53,31.6,21.9,82.29,7
Bihar,Patna,Patna Apmc Market,2025-11-03,0.0,0,0.0,23.47,30.1,17.3,70.57,7
Bihar,Patna,Patna Apmc Market,2025-11-10,0.0,0,0.0,20.29,26.6,14.8,63.86,7
Bihar,Patna,Patna Apmc Market,2025-11-17,0.0,0,0.0,21.14,27.1,14.9,67.0,7
Bihar,Patna,Patna Apmc Market,2025-11-24,0.0,0,0.0,19.76,26.3,14.4,68.29,7
Bihar,Patna,Patna Apmc Market,2025-12-01,0.0,0,0.0,18.26,25.7,12.0,63.71,7
Bihar,Patna,Patna Apmc Market,2025-12-08,0.0,0,0.0,18.03,24.4,11.9,70.43,7
Bihar,Patna,Patna Apmc Market,2025-12-15,0.0,0,0.0,16.4,24.0,10.7,80.14,7
Bihar,Patna,Patna Apmc Market,2025-12-22,0.2,0,0.2,14.31,19.6,9.8,83.71,7
Bihar,Patna,Patna Apmc Market,2025-12-29,0.0,0,0.0,13.4,19.0,8.2,85.14,7
Bihar,Patna,Patna Apmc Market,2026-01-05,0.0,0,0.0,12.64,20.5,7.4,84.29,7
Bihar,Patna,Patna Apmc Market,2026-01-12,0.0,0,0.0,14.41,21.8,9.0,76.57,7
Bihar,Patna,Patna Apmc Market,2026-01-19,0.0,0,0.0,17.97,25.2,9.7,70.43,7
Bihar,Patna,Patna Apmc Market,2026-01-26,1.6,0,1.6,17.5,24.2,11.7,76.57,7
Bihar,Patna,Patna Apmc Market,2026-02-02,0.0,0,0.0,18.2,25.9,12.3,71.43,7
Bihar,Patna,Patna Apmc Market,2026-02-09,0.0,0,0.0,19.31,26.3,13.0,62.71,7
Bihar,Patna,Patna Apmc Market,2026-02-16,0.0,0,0.0,22.03,29.4,14.6,60.86,7
Bihar,Patna,Patna Apmc Market,2026-02-23,0.0,0,0.0,23.23,31.8,16.3,49.0,7
Bihar,Patna,Patna Apmc Market,2026-03-02,0.0,0,0.0,25.73,33.6,18.0,48.29,7
Bihar,Patna,Patna Apmc Market,2026-03-09,5.8,1,3.0,27.06,34.2,21.6,65.14,7
Bihar,Patna,Patna Apmc Market,2026-03-16,18.3,3,7.1,24.64,34.0,16.9,65.43,7
Bihar,Patna,Patna Apmc Market,2026-03-23,5.5,1,5.4,26.04,36.0,18.2,55.43,7
Bihar,Patna,Patna Apmc Market,2026-03-30,0.1,0,0.1,29.3,38.8,21.7,50.71,7
Bihar,Patna,Patna Apmc Market,2026-04-06,3.7,1,2.5,27.6,36.8,19.2,40.0,7
Bihar,Patna,Patna Apmc Market,2026-04-13,0.8,0,0.8,30.73,39.5,22.1,48.0,7
Bihar,Patna,Patna Apmc Market,2026-04-20,0.0,0,0.0,32.86,42.1,25.6,44.71,7
Bihar,Patna,Patna Apmc Market,2026-04-27,18.8,2,13.6,26.79,34.8,21.5,72.86,7
Bihar,Patna,Patna Apmc Market,2026-05-04,18.9,2,12.5,26.59,33.7,21.1,72.86,7
Bihar,Patna,Patna Apmc Market,2026-05-11,0.7,0,0.5,30.0,39.4,23.6,67.86,7
Bihar,Patna,Patna Apmc Market,2026-05-18,1.2,0,0.5,32.6,40.3,27.2,66.0,7
Bihar,Patna,Patna Apmc Market,2026-05-25,20.0,1,18.5,29.6,37.6,22.9,69.71,7
Bihar,Patna,Patna Apmc Market,2026-06-01,14.9,2,9.8,31.77,37.4,24.9,64.43,7
Bihar,Patna,Patna Apmc Market,2026-06-08,4.3,0,1.8,31.14,38.3,24.4,68.0,7
Bihar,Patna,Patna Apmc Market,2026-06-15,3.9,1,2.5,33.34,38.5,26.7,60.14,7
Bihar,Patna,Patna Apmc Market,2026-06-22,10.2,1,7.5,33.21,39.0,26.9,62.43,7
Bihar,Patna,Patna Apmc Market,2026-06-29,22.3,4,7.0,30.84,35.5,26.2,75.86,7
Bihar,Patna,Patna Apmc Market,2026-07-06,64.1,5,26.6,29.6,34.5,26.5,81.57,7
Bihar,Patna,Patna Apmc Market,2026-07-13,83.1,6,30.2,29.83,34.4,26.3,82.71,7
Bihar,Patna,Patna Apmc Market,2026-07-20,57.5,4,20.0,29.04,34.5,25.1,81.71,7
Bihar,Patna,Patna Apmc Market,2026-07-27,29.8,5,8.8,29.94,33.3,27.2,79.43,7
Bihar,Patna,Patna Apmc Market,2026-08-03,77.3,4,36.8,29.29,33.6,26.1,83.57,7
Bihar,Patna,Patna Apmc Market,2026-08-10,22.3,4,10.4,30.57,35.2,26.1,77.71,7
Bihar,Patna,Patna Apmc Market,2026-08-17,67.7,4,25.3,29.64,33.9,25.5,81.71,7
Bihar,Patna,Patna Apmc Market,2026-08-24,73.9,7,17.9,29.56,33.6,26.5,85.14,7
Bihar,Patna,Patna Apmc Market,2026-08-31,102.7,6,26.4,28.27,32.3,25.1,87.43,7
Bihar,Patna,Patna Apmc Market,2026-09-07,35.2,4,15.4,29.17,32.8,25.3,82.29,7
Bihar,Patna,Patna Apmc Market,2026-09-14,20.0,3,6.5,29.11,33.3,25.4,81.71,7
Bihar,Patna,Patna Apmc Market,2026-09-21,107.3,5,41.7,27.5,34.4,24.3,83.86,7
Bihar,Patna,Patna Apmc Market,2026-09-28,1.0,0,0.5,27.9,31.9,24.6,77.6,5
Bihar,Purnia,Purnia Apmc Market,2025-09-29,130.4,5,60.5,27.46,34.6,23.9,86.0,7
Bihar,Purnia,Purnia Apmc Market,2025-10-06,5.0,1,3.6,26.91,31.6,22.7,81.43,7
Bihar,Purnia,Purnia Apmc Market,2025-10-13,0.0,0,0.0,26.41,32.2,20.8,78.29,7
Bihar,Purnia,Purnia Apmc Market,2025-10-20,0.0,0,0.0,27.04,32.4,21.8,74.57,7
Bihar,Purnia,Purnia Apmc Market,2025-10-27,92.4,4,66.7,25.06,31.3,21.4,84.43,7
Bihar,Purnia,Purnia Apmc Market,2025-11-03,0.3,0,0.3,24.3,30.9,18.1,76.14,7
Bihar,Purnia,Purnia Apmc Market,2025-11-10,0.0,0,0.0,20.73,27.5,15.2,70.86,7
Bihar,Purnia,Purnia Apmc Market,2025-11-17,0.0,0,0.0,21.07,27.9,15.6,73.57,7
Bihar,Purnia,Purnia Apmc Market,2025-11-24,0.0,0,0.0,19.94,27.6,13.3,71.57,7
Bihar,Purnia,Purnia Apmc Market,2025-12-01,0.0,0,0.0,17.99,25.7,11.5,71.14,7
Bihar,Purnia,Purnia Apmc Market,2025-12-08,0.0,0,0.0,17.61,25.0,11.6,77.14,7
Bihar,Purnia,Purnia Apmc Market,2025-12-15,0.0,0,0.0,17.11,25.0,11.9,79.43,7
Bihar,Purnia,Purnia Apmc Market,2025-12-22,0.0,0,0.0,15.27,21.7,10.6,85.86,7
Bihar,Purnia,Purnia Apmc Market,2025-12-29,0.5,0,0.5,14.27,20.8,9.1,83.71,7
Bihar,Purnia,Purnia Apmc Market,2026-01-05,0.0,0,0.0,13.2,20.8,9.3,85.43,7
Bihar,Purnia,Purnia Apmc Market,2026-01-12,0.0,0,0.0,15.67,24.0,9.7,78.14,7
Bihar,Purnia,Purnia Apmc Market,2026-01-19,0.0,0,0.0,18.04,26.2,10.3,73.0,7
Bihar,Purnia,Purnia Apmc Market,2026-01-26,0.3,0,0.3,18.16,26.1,11.6,74.0,7
Bihar,Purnia,Purnia Apmc Market,2026-02-02,0.0,0,0.0,18.44,26.3,12.2,72.71,7
Bihar,Purnia,Purnia Apmc Market,2026-02-09,0.0,0,0.0,19.76,27.6,11.9,64.29,7
Bihar,Purnia,Purnia Apmc Market,2026-02-16,0.0,0,0.0,22.36,31.0,14.4,59.57,7
Bihar,Purnia,Purnia Apmc Market,2026-02-23,0.0,0,0.0,22.69,30.8,15.4,54.29,7
Bihar,Purnia,Purnia Apmc Market,2026-03-02,0.0,0,0.0,24.67,32.8,15.6,56.43,7
Bihar,Purnia,Purnia Apmc Market,2026-03-09,10.5,2,3.8,26.03,33.5,20.1,70.57,7
Bihar,Purnia,Purnia Apmc Market,2026-03-16,54.0,2,31.3,23.89,33.4,17.1,67.86,7
Bihar,Purnia,Purnia Apmc Market,2026-03-23,4.1,0,1.6,23.6,31.9,16.6,70.86,7
Bihar,Purnia,Purnia Apmc Market,2026-03-30,1.8,0,1.3,27.53,36.2,19.6,61.86,7
Bihar,Purnia,Purnia Apmc Market,2026-04-06,4.3,1,3.2,24.87,33.7,16.9,61.86,7
Bihar,Purnia,Purnia Apmc Market,2026-04-13,3.6,0,1.9,27.2,34.2,20.9,72.14,7
Bihar,Purnia,Purnia Apmc Market,2026-04-20,4.6,0,2.1,28.73,36.9,21.9,69.0,7
Bihar,Purnia,Purnia Apmc Market,2026-04-27,66.7,7,25.0,24.49,29.5,20.9,81.71,7
Bihar,Purnia,Purnia Apmc Market,2026-05-04,36.8,4,21.2,25.83,30.9,20.3,76.14,7
Bihar,Purnia,Purnia Apmc Market,2026-05-11,27.6,5,6.8,27.47,33.2,21.5,78.43,7
Bihar,Purnia,Purnia Apmc Market,2026-05-18,6.0,1,2.6,29.01,34.5,24.6,80.29,7
Bihar,Purnia,Purnia Apmc Market,2026-05-25,34.0,2,16.5,27.84,34.4,22.4,78.0,7
Bihar,Purnia,Purnia Apmc Market,2026-06-01,5.2,1,3.7,30.64,36.4,24.7,73.0,7
Bihar,Purnia,Purnia Apmc Market,2026-06-08,36.8,3,17.3,29.03,35.0,23.6,78.71,7
Bihar,Purnia,Purnia Apmc Market,2026-06-15,19.0,2,8.1,29.66,35.2,24.5,79.0,7
Bihar,Purnia,Purnia Apmc Market,2026-06-22,39.5,4,14.4,29.86,35.0,25.2,80.29,7
Bihar,Purnia,Purnia Apmc Market,2026-06-29,71.9,5,26.9,29.57,34.4,25.5,83.29,7
Bihar,Purnia,Purnia Apmc Market,2026-07-06,141.6,7,28.9,28.5,33.0,25.7,88.14,7
Bihar,Purnia,Purnia Apmc Market,2026-07-13,97.0,6,43.7,29.14,34.4,26.1,85.43,7
Bihar,Purnia,Purnia Apmc Market,2026-07-20,98.7,5,39.9,28.54,33.8,24.7,83.86,7
Bihar,Purnia,Purnia Apmc Market,2026-07-27,45.8,4,13.3,29.24,33.5,25.5,82.29,7
Bihar,Purnia,Purnia Apmc Market,2026-08-03,82.2,6,25.7,28.61,32.4,25.6,86.14,7
Bihar,Purnia,Purnia Apmc Market,2026-08-10,10.0,1,3.2,30.7,35.0,27.0,76.57,7
Bihar,Purnia,Purnia Apmc Market,2026-08-17,37.5,4,13.0,29.67,34.2,26.7,81.57,7
Bihar,Purnia,Purnia Apmc Market,2026-08-24,54.7,6,20.5,29.6,33.9,26.4,85.0,7
Bihar,Purnia,Purnia Apmc Market,2026-08-31,81.3,7,16.7,27.97,32.1,25.4,88.0,7
Bihar,Purnia,Purnia Apmc Market,2026-09-07,31.0,7,8.0,28.94,33.1,24.8,85.14,7
Bihar,Purnia,Purnia Apmc Market,2026-09-14,18.7,5,4.5,28.64,32.6,24.1,83.29,7
Bihar,Purnia,Purnia Apmc Market,2026-09-21,87.2,4,36.3,27.76,34.0,24.1,85.71,7
Bihar,Purnia,Purnia Apmc Market,2026-09-28,1.0,0,0.5,28.36,32.2,24.8,76.8,5
Gujarat,Ahmedabad,Ahmedabad Apmc Market,2025-09-29,7.8,0,2.4,27.74,32.9,24.3,77.14,7
Gujarat,Ahmedabad,Ahmedabad Apmc Market,2025-10-06,2.8,0,2.0,28.63,34.0,22.9,50.43,7
Gujarat,Ahmedabad,Ahmedabad Apmc Market,2025-10-13,0.0,0,0.0,29.96,36.6,23.4,37.71,7
Gujarat,Ahmedabad,Ahmedabad Apmc Market,2025-10-20,5.2,1,3.3,30.13,36.1,24.4,47.0,7
Gujarat,Ahmedabad,Ahmedabad Apmc Market,2025-10-27,88.2,4,54.8,25.4,30.8,22.6,84.29,7
Gujarat,Ahmedabad,Ahmedabad Apmc Market,2025-11-03,0.8,0,0.7,24.94,30.8,16.8,64.43,7
Gujarat,Ahmedabad,Ahmedabad Apmc Market,2025-11-10,0.0,0,0.0,24.19,30.4,17.5,42.57,7
Gujarat,Ahmedabad,Ahmedabad Apmc Market,2025-11-17,0.0,0,0.0,23.76,31.2,16.5,43.0,7
Gujarat,Ahmedabad,Ahmedabad Apmc Market,2025-11-24,0.2,0,0.2,26.0,31.5,18.8,53.14,7
Gujarat,Ahmedabad,Ahmedabad Apmc Market,2025-12-01,0.0,0,0.0,23.7,30.2,16.9,46.86,7
Gujarat,Ahmedabad,Ahmedabad Apmc Market,2025-12-08,0.0,0,0.0,23.41,30.9,16.1,41.86,7
Gujarat,Ahmedabad,Ahmedabad Apmc Market,2025-12-15,0.0,0,0.0,23.39,31.6,16.0,44.0,7
Gujarat,Ahmedabad,Ahmedabad Apmc Market,2025-12-22,0.0,0,0.0,23.17,30.7,16.2,45.43,7
Gujarat,Ahmedabad,Ahmedabad Apmc Market,2025-12-29,0.1,0,0.1,21.77,29.0,15.0,55.71,7
Gujarat,Ahmedabad,Ahmedabad Apmc Market,2026-01-05,0.0,0,0.0,20.13,27.9,13.4,53.43,7
Gujarat,Ahmedabad,Ahmedabad Apmc Market,2026-01-12,0.0,0,0.0,21.94,30.0,13.5,47.86,7
Gujarat,Ahmedabad,Ahmedabad Apmc Market,2026-01-19,0.1,0,0.1,21.94,30.3,13.8,46.57,7
Gujarat,Ahmedabad,Ahmedabad Apmc Market,2026-01-26,1.2,0,0.6,23.06,30.3,15.1,50.86,7
Gujarat,Ahmedabad,Ahmedabad Apmc Market,2026-02-02,0.8,0,0.8,25.47,32.3,18.4,46.14,7
Gujarat,Ahmedabad,Ahmedabad Apmc Market,2026-02-09,0.0,0,0.0,26.17,33.9,18.2,36.86,7
Gujarat,Ahmedabad,Ahmedabad Apmc Market,2026-02-16,0.0,0,0.0,26.79,34.0,19.4,39.71,7
Gujarat,Ahmedabad,Ahmedabad Apmc Market,2026-02-23,0.0,0,0.0,27.6,35.2,20.0,38.14,7
Gujarat,Ahmedabad,Ahmedabad Apmc Market,2026-03-02,0.0,0,0.0,29.9,38.7,20.7,34.0,7
Gujarat,Ahmedabad,Ahmedabad Apmc Market,2026-03-09,0.0,0,0.0,31.93,40.3,23.9,23.0,7
Gujarat,Ahmedabad,Ahmedabad Apmc Market,2026-03-16,1.8,0,1.8,28.53,36.1,20.4,36.0,7
Gujarat,Ahmedabad,Ahmedabad Apmc Market,2026-03-23,0.4,0,0.4,31.41,37.6,26.0,36.14,7
Gujarat,Ahmedabad,Ahmedabad Apmc Market,2026-03-30,2.3,0,1.6,29.7,35.3,23.5,39.86,7
Gujarat,Ahmedabad,Ahmedabad Apmc Market,2026-04-06,6.3,1,5.3,30.6,39.6,23.3,38.0,7
Gujarat,Ahmedabad,Ahmedabad Apmc Market,2026-04-13,0.0,0,0.0,33.8,41.1,26.7,27.14,7
Gujarat,Ahmedabad,Ahmedabad Apmc Market,2026-04-20,0.0,0,0.0,34.74,44.1,26.1,25.86,7
Gujarat,Ahmedabad,Ahmedabad Apmc Market,2026-04-27,0.1,0,0.1,34.14,43.5,28.0,41.14,7
Gujarat,Ahmedabad,Ahmedabad Apmc Market,2026-05-04,0.0,0,0.0,34.96,43.1,27.2,36.71,7
Gujarat,Ahmedabad,Ahmedabad Apmc Market,2026-05-11,0.0,0,0.0,36.53,44.6,28.1,32.57,7
Gujarat,Ahmedabad,Ahmedabad Apmc Market,2026-05-18,0.0,0,0.0,35.54,43.1,28.7,38.86,7
Gujarat,Ahmedabad,Ahmedabad Apmc Market,2026-05-25,2.0,0,1.3,34.27,43.1,25.0,52.0,7
Gujarat,Ahmedabad,Ahmedabad Apmc Market,2026-06-01,9.4,1,6.5,33.83,41.4,24.1,55.71,7
Gujarat,Ahmedabad,Ahmedabad Apmc Market,2026-06-08,0.8,0,0.6,34.59,42.1,29.5,52.57,7
Gujarat,Ahmedabad,Ahmedabad Apmc Market,2026-06-15,22.0,3,11.7,32.89,39.6,24.3,55.29,7
Gujarat,Ahmedabad,Ahmedabad Apmc Market,2026-06-22,3.5,0,2.0,33.96,39.7,24.4,50.43,7
Gujarat,Ahmedabad,Ahmedabad Apmc Market,2026-06-29,43.2,5,24.2,30.83,39.3,25.4,70.14,7
Gujarat,Ahmedabad,Ahmedabad Apmc Market,2026-07-06,55.8,2,34.3,30.3,37.4,25.5,73.43,7
Gujarat,Ahmedabad,Ahmedabad Apmc Market,2026-07-13,9.3,2,3.4,31.03,37.5,26.4,64.71,7
Gujarat,Ahmedabad,Ahmedabad Apmc Market,2026-07-20,238.6,7,100.7,27.53,33.4,24.8,85.43,7
Gujarat,Ahmedabad,Ahmedabad Apmc Market,2026-07-27,115.9,4,49.1,28.44,32.7,24.9,83.14,7
Gujarat,Ahmedabad,Ahmedabad Apmc Market,2026-08-03,10.1,1,2.8,29.27,33.6,25.4,74.43,7
Gujarat,Ahmedabad,Ahmedabad Apmc Market,2026-08-10,47.6,6,11.4,27.74,32.2,25.1,82.57,7
Gujarat,Ahmedabad,Ahmedabad Apmc Market,2026-08-17,8.6,1,2.6,28.83,33.3,25.3,74.57,7
Gujarat,Ahmedabad,Ahmedabad Apmc Market,2026-08-24,3.6,0,1.7,30.09,35.2,26.2,64.57,7
Gujarat,Ahmedabad,Ahmedabad Apmc Market,2026-08-31,3.5,0,1.6,30.1,34.9,26.3,62.43,7
Gujarat,Ahmedabad,Ahmedabad Apmc Market,2026-09-07,34.0,2,29.7,30.17,35.3,25.7,65.14,7
Gujarat,Ahmedabad,Ahmedabad Apmc Market,2026-09-14,122.3,5,58.1,27.29,32.4,23.6,83.43,7
Gujarat,Ahmedabad,Ahmedabad Apmc Market,2026-09-21,1.7,0,1.1,30.4,36.7,25.5,65.86,7
Gujarat,Ahmedabad,Ahmedabad Apmc Market,2026-09-28,0.7,0,0.7,30.66,37.3,25.4,54.6,5
Gujarat,Gondal,Gondal Apmc Market,2025-09-29,44.5,5,18.5,26.0,30.9,23.3,85.57,7
Gujarat,Gondal,Gondal Apmc Market,2025-10-06,3.5,1,2.8,25.54,31.4,20.3,69.71,7
Gujarat,Gondal,Gondal Apmc Market,2025-10-13,0.0,0,0.0,27.01,34.3,20.2,48.0,7
Gujarat,Gondal,Gondal Apmc Market,2025-10-20,6.6,1,6.0,28.54,34.9,22.7,54.0,7
Gujarat,Gondal,Gondal Apmc Market,2025-10-27,117.6,6,62.6,24.77,30.1,22.6,89.0,7
Gujarat,Gondal,Gondal Apmc Market,2025-11-03,1.3,0,1.3,24.26,30.2,15.9,67.14,7
Gujarat,Gondal,Gondal Apmc Market,2025-11-10,0.0,0,0.0,22.5,29.5,15.4,51.0,7
Gujarat,Gondal,Gondal Apmc Market,2025-11-17,0.0,0,0.0,22.4,30.1,16.4,47.71,7
Gujarat,Gondal,Gondal Apmc Market,2025-11-24,0.0,0,0.0,23.87,30.7,17.3,55.71,7
Gujarat,Gondal,Gondal Apmc Market,2025-12-01,0.0,0,0.0,22.61,29.3,16.6,53.29,7
Gujarat,Gondal,Gondal Apmc Market,2025-12-08,0.0,0,0.0,22.64,30.9,15.8,44.57,7
Gujarat,Gondal,Gondal Apmc Market,2025-12-15,0.0,0,0.0,23.37,32.2,16.6,46.29,7
Gujarat,Gondal,Gondal Apmc Market,2025-12-22,0.0,0,0.0,22.96,30.8,17.0,46.29,7
Gujarat,Gondal,Gondal Apmc Market,2025-12-29,0.8,0,0.7,21.13,29.3,13.2,55.14,7
Gujarat,Gondal,Gondal Apmc Market,2026-01-05,0.0,0,0.0,19.41,28.2,11.8,48.71,7
Gujarat,Gondal,Gondal Apmc Market,2026-01-12,0.0,0,0.0,20.61,29.5,12.4,45.86,7
Gujarat,Gondal,Gondal Apmc Market,2026-01-19,0.0,0,0.0,20.5,30.5,12.7,46.86,7
Gujarat,Gondal,Gondal Apmc Market,2026-01-26,0.0,0,0.0,21.79,31.0,13.5,47.29,7
Gujarat,Gondal,Gondal Apmc Market,2026-02-02,0.0,0,0.0,25.0,31.9,19.1,44.29,7
Gujarat,Gondal,Gondal Apmc Market,2026-02-09,0.0,0,0.0,24.71,33.4,16.0,41.71,7
Gujarat,Gondal,Gondal Apmc Market,2026-02-16,0.0,0,0.0,24.84,34.4,16.4,43.29,7
Gujarat,Gondal,Gondal Apmc Market,2026-02-23,0.0,0,0.0,25.73,34.1,18.6,48.29,7
Gujarat,Gondal,Gondal Apmc Market,2026-03-02,0.0,0,0.0,27.34,38.0,18.6,46.71,7
Gujarat,Gondal,Gondal Apmc Market,2026-03-09,0.0,0,0.0,29.46,39.3,19.8,33.71,7
Gujarat,Gondal,Gondal Apmc Market,2026-03-16,4.2,1,4.2,26.69,35.7,19.3,54.43,7
Gujarat,Gondal,Gondal Apmc Market,2026-03-23,4.7,1,4.5,28.51,36.8,22.2,53.29,7
Gujarat,Gondal,Gondal Apmc Market,2026-03-30,5.0,1,4.8,27.2,34.7,20.8,54.86,7
Gujarat,Gondal,Gondal Apmc Market,2026-04-06,0.8,0,0.8,29.29,39.4,21.3,51.0,7
Gujarat,Gondal,Gondal Apmc Market,2026-04-13,0.0,0,0.0,30.69,40.2,21.8,41.0,7
Gujarat,Gondal,Gondal Apmc Market,2026-04-20,0.0,0,0.0,31.61,42.6,22.4,39.57,7
Gujarat,Gondal,Gondal Apmc Market,2026-04-27,0.0,0,0.0,32.4,42.6,24.9,52.43,7
Gujarat,Gondal,Gondal Apmc Market,2026-05-04,0.0,0,0.0,32.44,42.3,24.3,49.0,7
Gujarat,Gondal,Gondal Apmc Market,2026-05-11,0.0,0,0.0,33.3,43.1,25.5,47.86,7
Gujarat,Gondal,Gondal Apmc Market,2026-05-18,0.1,0,0.1,32.91,42.1,25.4,54.0,7
Gujarat,Gondal,Gondal Apmc Market,2026-05-25,0.5,0,0.4,32.54,41.7,27.2,58.86,7
Gujarat,Gondal,Gondal Apmc Market,2026-06-01,3.0,0,1.0,32.74,40.6,27.8,58.29,7
Gujarat,Gondal,Gondal Apmc Market,2026-06-08,1.6,0,1.1,32.54,39.3,28.0,59.71,7
Gujarat,Gondal,Gondal Apmc Market,2026-06-15,7.1,0,1.9,31.47,37.7,26.9,60.43,7
Gujarat,Gondal,Gondal Apmc Market,2026-06-22,5.5,0,2.3,32.14,38.5,27.5,56.14,7
Gujarat,Gondal,Gondal Apmc Market,2026-06-29,93.8,5,39.4,29.09,38.2,25.8,77.14,7
Gujarat,Gondal,Gondal Apmc Market,2026-07-06,15.1,2,9.0,29.29,34.0,26.1,76.43,7
Gujarat,Gondal,Gondal Apmc Market,2026-07-13,12.8,1,3.6,28.8,33.7,25.4,75.14,7
Gujarat,Gondal,Gondal Apmc Market,2026-07-20,146.2,7,72.6,27.07,32.3,24.5,86.0,7
Gujarat,Gondal,Gondal Apmc Market,2026-07-27,121.2,4,94.1,27.54,33.3,25.0,84.14,7
Gujarat,Gondal,Gondal Apmc Market,2026-08-03,6.7,0,1.7,27.73,31.8,24.6,79.71,7
Gujarat,Gondal,Gondal Apmc Market,2026-08-10,20.8,3,7.8,27.17,31.2,24.5,82.29,7
Gujarat,Gondal,Gondal Apmc Market,2026-08-17,8.8,0,2.0,27.37,31.8,24.5,80.0,7
Gujarat,Gondal,Gondal Apmc Market,2026-08-24,2.3,0,1.4,27.91,32.8,24.4,73.71,7
Gujarat,Gondal,Gondal Apmc Market,2026-08-31,3.5,0,1.1,28.14,33.4,24.2,71.0,7
Gujarat,Gondal,Gondal Apmc Market,2026-09-07,19.7,1,14.7,27.81,33.2,23.8,74.43,7
Gujarat,Gondal,Gondal Apmc Market,2026-09-14,113.6,4,74.5,26.04,30.8,23.7,87.0,7
Gujarat,Gondal,Gondal Apmc Market,2026-09-21,3.7,0,1.5,27.77,33.5,23.7,77.86,7
Gujarat,Gondal,Gondal Apmc Market,2026-09-28,1.6,0,1.5,27.9,34.8,22.7,71.2,5
Gujarat,Mahuva,Mahuva Apmc Market,2025-09-29,33.6,5,11.8,27.13,29.8,25.1,81.0,7
Gujarat,Mahuva,Mahuva Apmc Market,2025-10-06,4.7,0,2.0,26.51,31.7,22.4,68.71,7
Gujarat,Mahuva,Mahuva Apmc Market,2025-10-13,0.0,0,0.0,27.41,33.5,21.9,57.14,7
Gujarat,Mahuva,Mahuva Apmc Market,2025-10-20,85.8,2,76.0,28.44,33.0,24.4,67.29,7
Gujarat,Mahuva,Mahuva Apmc Market,2025-10-27,351.0,6,217.5,26.5,30.3,24.3,86.71,7
Gujarat,Mahuva,Mahuva Apmc Market,2025-11-03,1.2,0,1.2,25.31,30.7,19.3,65.71,7
Gujarat,Mahuva,Mahuva Apmc Market,2025-11-10,0.0,0,0.0,23.67,29.3,19.4,52.43,7
Gujarat,Mahuva,Mahuva Apmc Market,2025-11-17,0.0,0,0.0,23.24,30.2,18.1,55.14,7
Gujarat,Mahuva,Mahuva Apmc Market,2025-11-24,0.0,0,0.0,24.5,30.1,20.6,63.86,7
Gujarat,Mahuva,Mahuva Apmc Market,2025-12-01,0.0,0,0.0,23.6,29.2,19.0,55.71,7
Gujarat,Mahuva,Mahuva Apmc Market,2025-12-08,0.0,0,0.0,23.04,29.4,17.9,51.86,7
Gujarat,Mahuva,Mahuva Apmc Market,2025-12-15,0.0,0,0.0,23.2,29.3,18.3,54.43,7
Gujarat,Mahuva,Mahuva Apmc Market,2025-12-22,0.0,0,0.0,23.07,29.7,18.3,52.86,7
Gujarat,Mahuva,Mahuva Apmc Market,2025-12-29,0.5,0,0.5,22.21,28.5,16.6,62.57,7
Gujarat,Mahuva,Mahuva Apmc Market,2026-01-05,0.0,0,0.0,21.53,28.0,15.1,53.86,7
Gujarat,Mahuva,Mahuva Apmc Market,2026-01-12,0.0,0,0.0,21.56,29.0,14.9,57.43,7
Gujarat,Mahuva,Mahuva Apmc Market,2026-01-19,0.0,0,0.0,21.39,28.2,15.6,60.14,7
Gujarat,Mahuva,Mahuva Apmc Market,2026-01-26,0.0,0,0.0,22.34,29.8,16.6,60.57,7
Gujarat,Mahuva,Mahuva Apmc Market,2026-02-02,0.0,0,0.0,24.87,30.9,18.5,54.71,7
Gujarat,Mahuva,Mahuva Apmc Market,2026-02-09,0.0,0,0.0,24.53,31.9,17.8,52.43,7
Gujarat,Mahuva,Mahuva Apmc Market,2026-02-16,0.0,0,0.0,24.69,31.4,17.4,53.86,7
Gujarat,Mahuva,Mahuva Apmc Market,2026-02-23,0.0,0,0.0,25.1,32.3,19.3,56.14,7
Gujarat,Mahuva,Mahuva Apmc Market,2026-03-02,0.0,0,0.0,26.9,35.5,19.4,51.43,7
Gujarat,Mahuva,Mahuva Apmc Market,2026-03-09,0.0,0,0.0,29.39,38.2,22.0,37.29,7
Gujarat,Mahuva,Mahuva Apmc Market,2026-03-16,2.7,0,2.3,25.59,33.7,20.0,66.14,7
Gujarat,Mahuva,Mahuva Apmc Market,2026-03-23,0.0,0,0.0,28.54,36.1,23.6,56.57,7
Gujarat,Mahuva,Mahuva Apmc Market,2026-03-30,0.2,0,0.2,27.46,32.9,22.8,58.14,7
Gujarat,Mahuva,Mahuva Apmc Market,2026-04-06,0.9,0,0.7,28.33,37.5,22.3,60.29,7
Gujarat,Mahuva,Mahuva Apmc Market,2026-04-13,0.0,0,0.0,29.47,36.1,23.6,51.86,7
Gujarat,Mahuva,Mahuva Apmc Market,2026-04-20,0.0,0,0.0,30.97,38.2,25.4,42.43,7
Gujarat,Mahuva,Mahuva Apmc Market,2026-04-27,0.0,0,0.0,29.8,34.1,25.4,70.86,7
Gujarat,Mahuva,Mahuva Apmc Market,2026-05-04,0.0,0,0.0,30.76,35.4,25.3,60.29,7
Gujarat,Mahuva,Mahuva Apmc Market,2026-05-11,0.0,0,0.0,31.99,38.0,27.4,56.0,7
Gujarat,Mahuva,Mahuva Apmc Market,2026-05-18,0.2,0,0.2,30.86,35.3,26.6,67.86,7
Gujarat,Mahuva,Mahuva Apmc Market,2026-05-25,1.0,0,1.0,31.13,34.9,27.5,69.71,7
Gujarat,Mahuva,Mahuva Apmc Market,2026-06-01,1.3,0,0.6,31.26,34.6,28.0,70.29,7
Gujarat,Mahuva,Mahuva Apmc Market,2026-06-08,0.6,0,0.3,31.39,35.0,28.8,69.57,7
Gujarat,Mahuva,Mahuva Apmc Market,2026-06-15,6.2,0,1.4,30.74,33.9,27.8,68.14,7
Gujarat,Mahuva,Mahuva Apmc Market,2026-06-22,6.0,0,2.1,30.83,34.9,27.2,68.29,7
Gujarat,Mahuva,Mahuva Apmc Market,2026-06-29,191.1,5,86.5,28.33,34.6,25.7,84.0,7
Gujarat,Mahuva,Mahuva Apmc Market,2026-07-06,112.6,3,49.6,29.1,32.5,26.3,82.29,7
Gujarat,Mahuva,Mahuva Apmc Market,2026-07-13,14.4,2,3.5,29.4,33.1,26.6,74.86,7
Gujarat,Mahuva,Mahuva Apmc Market,2026-07-20,199.2,7,90.7,27.8,32.1,25.4,85.0,7
Gujarat,Mahuva,Mahuva Apmc Market,2026-07-27,175.4,5,109.8,28.37,32.5,25.6,83.29,7
Gujarat,Mahuva,Mahuva Apmc Market,2026-08-03,11.3,2,3.3,28.64,31.9,25.8,78.14,7
Gujarat,Mahuva,Mahuva Apmc Market,2026-08-10,31.3,3,18.4,27.86,31.3,25.7,81.57,7
Gujarat,Mahuva,Mahuva Apmc Market,2026-08-17,10.2,2,2.5,28.23,31.4,25.9,79.86,7
Gujarat,Mahuva,Mahuva Apmc Market,2026-08-24,7.6,1,3.2,28.21,31.6,25.3,78.29,7
Gujarat,Mahuva,Mahuva Apmc Market,2026-08-31,8.1,0,1.6,28.03,31.4,25.1,78.71,7
Gujarat,Mahuva,Mahuva Apmc Market,2026-09-07,36.2,2,24.0,27.7,31.8,25.0,80.14,7
Gujarat,Mahuva,Mahuva Apmc Market,2026-09-14,92.6,4,45.5,26.93,31.0,24.1,85.14,7
Gujarat,Mahuva,Mahuva Apmc Market,2026-09-21,5.4,1,4.1,28.43,32.9,24.6,79.29,7
Gujarat,Mahuva,Mahuva Apmc Market,2026-09-28,1.9,0,1.7,28.22,33.6,24.3,73.6,5
Gujarat,Rajkot,Rajkot Apmc Market,2025-09-29,42.5,5,21.8,26.5,31.7,23.5,83.0,7
Gujarat,Rajkot,Rajkot Apmc Market,2025-10-06,2.8,0,2.3,26.0,32.8,20.5,67.57,7
Gujarat,Rajkot,Rajkot Apmc Market,2025-10-13,0.0,0,0.0,27.97,36.1,20.5,42.57,7
Gujarat,Rajkot,Rajkot Apmc Market,2025-10-20,2.9,1,2.6,29.19,36.1,23.0,49.57,7
Gujarat,Rajkot,Rajkot Apmc Market,2025-10-27,123.9,5,44.3,24.94,30.7,22.4,88.0,7
Gujarat,Rajkot,Rajkot Apmc Market,2025-11-03,0.7,0,0.7,24.5,31.4,16.1,66.43,7
Gujarat,Rajkot,Rajkot Apmc Market,2025-11-10,0.0,0,0.0,22.83,30.7,15.5,50.43,7
Gujarat,Rajkot,Rajkot Apmc Market,2025-11-17,0.0,0,0.0,23.03,31.3,16.1,43.71,7
Gujarat,Rajkot,Rajkot Apmc Market,2025-11-24,0.0,0,0.0,24.17,31.7,16.3,52.71,7
Gujarat,Rajkot,Rajkot Apmc Market,2025-12-01,0.0,0,0.0,23.06,30.5,16.1,50.86,7
Gujarat,Rajkot,Rajkot Apmc Market,2025-12-08,0.0,0,0.0,23.07,31.9,15.8,43.14,7
Gujarat,Rajkot,Rajkot Apmc Market,2025-12-15,0.0,0,0.0,23.79,32.8,16.3,45.57,7
Gujarat,Rajkot,Rajkot Apmc Market,2025-12-22,0.0,0,0.0,22.84,31.9,16.3,48.14,7
Gujarat,Rajkot,Rajkot Apmc Market,2025-12-29,2.8,0,1.4,20.96,30.2,12.1,55.86,7
Gujarat,Rajkot,Rajkot Apmc Market,2026-01-05,0.0,0,0.0,18.4,27.5,10.8,51.57,7
Gujarat,Rajkot,Rajkot Apmc Market,2026-01-12,0.0,0,0.0,19.76,28.8,10.9,48.86,7
Gujarat,Rajkot,Rajkot Apmc Market,2026-01-19,0.0,0,0.0,19.73,30.6,11.4,49.0,7
Gujarat,Rajkot,Rajkot Apmc Market,2026-01-26,0.0,0,0.0,21.36,31.1,12.3,46.0,7
Gujarat,Rajkot,Rajkot Apmc Market,2026-02-02,0.0,0,0.0,25.09,33.2,17.7,43.43,7
Gujarat,Rajkot,Rajkot Apmc Market,2026-02-09,0.0,0,0.0,24.39,33.6,15.0,43.29,7
Gujarat,Rajkot,Rajkot Apmc Market,2026-02-16,0.0,0,0.0,24.64,34.2,15.8,45.14,7
Gujarat,Rajkot,Rajkot Apmc Market,2026-02-23,0.0,0,0.0,25.77,34.9,19.1,49.86,7
Gujarat,Rajkot,Rajkot Apmc Market,2026-03-02,0.0,0,0.0,26.83,37.4,19.1,52.0,7
Gujarat,Rajkot,Rajkot Apmc Market,2026-03-09,0.0,0,0.0,28.86,39.3,20.2,39.0,7
Gujarat,Rajkot,Rajkot Apmc Market,2026-03-16,5.5,1,5.5,26.67,35.9,19.0,53.86,7
Gujarat,Rajkot,Rajkot Apmc Market,2026-03-23,0.5,0,0.4,28.07,36.0,21.7,56.86,7
Gujarat,Rajkot,Rajkot Apmc Market,2026-03-30,8.2,1,7.2,26.87,34.8,20.9,57.14,7
Gujarat,Rajkot,Rajkot Apmc Market,2026-04-06,1.6,0,1.4,29.27,39.2,21.7,51.14,7
Gujarat,Rajkot,Rajkot Apmc Market,2026-04-13,0.0,0,0.0,30.23,39.5,22.1,44.71,7
Gujarat,Rajkot,Rajkot Apmc Market,2026-04-20,0.0,0,0.0,30.87,42.2,22.2,47.14,7
Gujarat,Rajkot,Rajkot Apmc Market,2026-04-27,0.0,0,0.0,32.93,42.4,25.5,47.57,7
Gujarat,Rajkot,Rajkot Apmc Market,2026-05-04,0.0,0,0.0,32.06,41.7,24.7,53.14,7
Gujarat,Rajkot,Rajkot Apmc Market,2026-05-11,0.0,0,0.0,32.69,42.7,25.7,52.71,7
Gujarat,Rajkot,Rajkot Apmc Market,2026-05-18,2.3,0,1.5,32.8,41.3,25.4,55.14,7
Gujarat,Rajkot,Rajkot Apmc Market,2026-05-25,1.4,0,0.7,33.09,42.3,27.5,57.0,7
Gujarat,Rajkot,Rajkot Apmc Market,2026-06-01,6.2,1,2.6,33.04,41.0,26.5,58.0,7
Gujarat,Rajkot,Rajkot Apmc Market,2026-06-08,2.9,0,2.4,33.29,40.6,28.4,56.71,7
Gujarat,Rajkot,Rajkot Apmc Market,2026-06-15,9.3,2,5.1,32.03,39.4,26.7,57.43,7
Gujarat,Rajkot,Rajkot Apmc Market,2026-06-22,8.0,0,2.4,32.07,39.2,27.9,57.71,7
Gujarat,Rajkot,Rajkot Apmc Market,2026-06-29,50.4,5,22.7,29.79,39.1,25.9,73.57,7
Gujarat,Rajkot,Rajkot Apmc Market,2026-07-06,11.8,1,9.0,29.87,35.2,26.4,73.14,7
Gujarat,Rajkot,Rajkot Apmc Market,2026-07-13,17.3,3,4.9,29.51,35.3,25.8,71.14,7
Gujarat,Rajkot,Rajkot Apmc Market,2026-07-20,135.5,7,65.0,27.34,32.9,24.6,84.29,7
Gujarat,Rajkot,Rajkot Apmc Market,2026-07-27,140.5,4,111.5,27.76,33.5,25.2,83.71,7
Gujarat,Rajkot,Rajkot Apmc Market,2026-08-03,6.8,1,4.5,28.16,32.8,24.9,77.86,7
Gujarat,Rajkot,Rajkot Apmc Market,2026-08-10,19.1,2,7.5,27.41,31.8,24.8,80.86,7
Gujarat,Rajkot,Rajkot Apmc Market,2026-08-17,3.5,0,1.1,28.04,32.7,24.7,75.86,7
Gujarat,Rajkot,Rajkot Apmc Market,2026-08-24,1.7,0,1.1,28.7,34.3,24.8,69.0,7
Gujarat,Rajkot,Rajkot Apmc Market,2026-08-31,2.1,0,0.7,28.73,34.9,24.8,68.29,7
Gujarat,Rajkot,Rajkot Apmc Market,2026-09-07,18.6,2,12.2,28.66,34.8,24.2,69.71,7
Gujarat,Rajkot,Rajkot Apmc Market,2026-09-14,111.2,5,61.4,26.46,31.0,23.9,85.86,7
Gujarat,Rajkot,Rajkot Apmc Market,2026-09-21,2.7,0,1.5,28.17,33.8,23.9,77.71,7
Gujarat,Rajkot,Rajkot Apmc Market,2026-09-28,2.8,0,2.0,28.1,35.1,23.0,71.6,5
Gujarat,Surat,Surat Apmc Market,2025-09-29,14.5,3,5.2,26.61,30.8,23.6,84.0,7
Gujarat,Surat,Surat Apmc Market,2025-10-06,6.0,1,5.1,26.81,33.9,21.2,67.86,7
Gujarat,Surat,Surat Apmc Market,2025-10-13,2.4,0,1.3,28.7,35.7,20.9,57.0,7
Gujarat,Surat,Surat Apmc Market,2025-10-20,72.8,2,52.8,29.16,36.2,24.0,67.14,7
Gujarat,Surat,Surat Apmc Market,2025-10-27,90.8,5,42.2,26.01,31.3,23.4,89.57,7
Gujarat,Surat,Surat Apmc Market,2025-11-03,2.3,0,1.7,24.79,30.8,16.4,71.71,7
Gujarat,Surat,Surat Apmc Market,2025-11-10,0.0,0,0.0,23.7,31.8,16.1,51.29,7
Gujarat,Surat,Surat Apmc Market,2025-11-17,0.0,0,0.0,23.63,32.2,16.5,53.86,7
Gujarat,Surat,Surat Apmc Market,2025-11-24,0.0,0,0.0,25.56,33.2,19.0,61.29,7
Gujarat,Surat,Surat Apmc Market,2025-12-01,0.0,0,0.0,24.11,32.0,17.1,51.14,7
Gujarat,Surat,Surat Apmc Market,2025-12-08,0.0,0,0.0,23.73,32.8,15.5,45.57,7
Gujarat,Surat,Surat Apmc Market,2025-12-15,0.0,0,0.0,24.07,33.5,16.9,45.86,7
Gujarat,Surat,Surat Apmc Market,2025-12-22,0.0,0,0.0,23.99,32.5,17.2,45.43,7
Gujarat,Surat,Surat Apmc Market,2025-12-29,2.2,0,2.2,22.51,31.4,15.8,65.29,7
Gujarat,Surat,Surat Apmc Market,2026-01-05,0.0,0,0.0,21.76,30.9,14.2,61.14,7
Gujarat,Surat,Surat Apmc Market,2026-01-12,0.0,0,0.0,22.16,32.1,13.0,59.0,7
Gujarat,Surat,Surat Apmc Market,2026-01-19,0.0,0,0.0,22.49,32.8,15.3,60.57,7
Gujarat,Surat,Surat Apmc Market,2026-01-26,1.8,0,1.3,23.97,32.8,15.4,59.14,7
Gujarat,Surat,Surat Apmc Market,2026-02-02,0.1,0,0.1,26.56,34.6,19.3,47.71,7
Gujarat,Surat,Surat Apmc Market,2026-02-09,0.0,0,0.0,26.4,35.6,18.2,44.71,7
Gujarat,Surat,Surat Apmc Market,2026-02-16,0.0,0,0.0,27.1,36.2,18.9,47.86,7
Gujarat,Surat,Surat Apmc Market,2026-02-23,0.0,0,0.0,26.8,36.5,20.0,53.29,7
Gujarat,Surat,Surat Apmc Market,2026-03-02,0.0,0,0.0,28.99,40.1,19.9,44.57,7
Gujarat,Surat,Surat Apmc Market,2026-03-09,0.0,0,0.0,31.2,41.8,23.3,32.86,7
Gujarat,Surat,Surat Apmc Market,2026-03-16,0.9,0,0.9,27.29,35.6,19.9,59.86,7
Gujarat,Surat,Surat Apmc Market,2026-03-23,0.0,0,0.0,30.56,38.4,24.1,46.71,7
Gujarat,Surat,Surat Apmc Market,2026-03-30,4.8,1,4.8,28.86,36.8,23.3,60.14,7
Gujarat,Surat,Surat Apmc Market,2026-04-06,6.7,1,6.7,29.27,38.9,22.2,56.14,7
Gujarat,Surat,Surat Apmc Market,2026-04-13,0.0,0,0.0,31.33,40.2,24.2,54.86,7
Gujarat,Surat,Surat Apmc Market,2026-04-20,0.0,0,0.0,33.26,42.6,25.4,41.29,7
Gujarat,Surat,Surat Apmc Market,2026-04-27,0.0,0,0.0,30.9,37.6,26.8,69.57,7
Gujarat,Surat,Surat Apmc Market,2026-05-04,0.1,0,0.1,32.23,41.9,26.4,59.57,7
Gujarat,Surat,Surat Apmc Market,2026-05-11,0.0,0,0.0,33.63,43.1,28.4,54.14,7
Gujarat,Surat,Surat Apmc Market,2026-05-18,0.7,0,0.7,32.11,40.4,27.6,64.57,7
Gujarat,Surat,Surat Apmc Market,2026-05-25,3.4,1,3.2,31.64,36.3,25.7,67.86,7
Gujarat,Surat,Surat Apmc Market,2026-06-01,14.3,2,6.8,31.37,35.5,24.6,70.43,7
Gujarat,Surat,Surat Apmc Market,2026-06-08,6.9,1,3.1,31.86,35.8,28.0,67.71,7
Gujarat,Surat,Surat Apmc Market,2026-06-15,16.3,3,3.5,31.1,35.2,26.7,66.71,7
Gujarat,Surat,Surat Apmc Market,2026-06-22,15.6,3,6.5,30.4,36.3,24.6,70.86,7
Gujarat,Surat,Surat Apmc Market,2026-06-29,226.5,7,74.0,27.84,35.1,24.9,86.43,7
Gujarat,Surat,Surat Apmc Market,2026-07-06,146.3,5,59.8,28.44,31.7,25.4,85.86,7
Gujarat,Surat,Surat Apmc Market,2026-07-13,38.6,6,9.0,28.59,31.5,24.0,80.43,7
Gujarat,Surat,Surat Apmc Market,2026-07-20,340.0,7,130.6,26.94,30.9,25.0,90.57,7
Gujarat,Surat,Surat Apmc Market,2026-07-27,210.6,5,130.3,27.73,30.8,25.4,87.71,7
Gujarat,Surat,Surat Apmc Market,2026-08-03,27.6,7,6.6,28.23,31.0,25.7,82.0,7
Gujarat,Surat,Surat Apmc Market,2026-08-10,50.2,7,21.9,27.33,30.1,24.9,85.0,7
Gujarat,Surat,Surat Apmc Market,2026-08-17,26.2,6,5.5,27.7,30.4,25.0,83.29,7
Gujarat,Surat,Surat Apmc Market,2026-08-24,13.1,0,2.3,28.3,31.0,25.8,78.86,7
Gujarat,Surat,Surat Apmc Market,2026-08-31,15.0,4,3.0,28.41,31.9,25.2,76.57,7
Gujarat,Surat,Surat Apmc Market,2026-09-07,52.6,2,36.2,28.77,33.6,25.3,74.14,7
Gujarat,Surat,Surat Apmc Market,2026-09-14,62.0,6,22.4,27.07,31.0,23.5,85.29,7
Gujarat,Surat,Surat Apmc Market,2026-09-21,7.9,2,4.0,29.04,33.0,25.1,78.71,7
Gujarat,Surat,Surat Apmc Market,2026-09-28,4.8,1,2.9,29.42,37.3,24.4,67.8,5
Haryana,Ambala,Ambala Apmc Market,2025-09-29,5.7,1,4.1,27.89,33.6,23.1,70.14,7
Haryana,Ambala,Ambala Apmc Market,2025-10-06,37.0,2,19.4,22.41,29.4,17.9,78.57,7
Haryana,Ambala,Ambala Apmc Market,2025-10-13,0.0,0,0.0,23.81,30.4,18.4,72.86,7
Haryana,Ambala,Ambala Apmc Market,2025-10-20,0.9,0,0.9,23.24,30.5,16.8,69.0,7
Haryana,Ambala,Ambala Apmc Market,2025-10-27,0.0,0,0.0,22.81,29.4,16.6,70.71,7
Haryana,Ambala,Ambala Apmc Market,2025-11-03,3.3,1,3.3,20.43,28.6,13.2,60.71,7
Haryana,Ambala,Ambala Apmc Market,2025-11-10,0.0,0,0.0,17.71,25.7,10.9,59.14,7
Haryana,Ambala,Ambala Apmc Market,2025-11-17,0.0,0,0.0,17.04,24.8,11.0,69.14,7
Haryana,Ambala,Ambala Apmc Market,2025-11-24,0.0,0,0.0,15.3,23.3,9.4,69.86,7
Haryana,Ambala,Ambala Apmc Market,2025-12-01,0.0,0,0.0,14.27,23.4,7.7,65.86,7
Haryana,Ambala,Ambala Apmc Market,2025-12-08,0.0,0,0.0,15.06,23.2,7.6,70.29,7
Haryana,Ambala,Ambala Apmc Market,2025-12-15,0.0,0,0.0,14.4,22.9,10.0,82.14,7
Haryana,Ambala,Ambala Apmc Market,2025-12-22,0.0,0,0.0,13.29,21.6,7.6,87.14,7
Haryana,Ambala,Ambala Apmc Market,2025-12-29,6.8,1,6.8,11.93,17.6,8.4,90.29,7
Haryana,Ambala,Ambala Apmc Market,2026-01-05,0.0,0,0.0,10.1,16.0,6.3,90.14,7
Haryana,Ambala,Ambala Apmc Market,2026-01-12,0.0,0,0.0,9.91,18.9,5.2,89.86,7
Haryana,Ambala,Ambala Apmc Market,2026-01-19,43.7,1,43.5,12.87,22.6,6.5,74.71,7
Haryana,Ambala,Ambala Apmc Market,2026-01-26,52.1,3,41.7,13.19,19.8,7.8,87.29,7
Haryana,Ambala,Ambala Apmc Market,2026-02-02,0.0,0,0.0,14.49,21.3,9.3,81.43,7
Haryana,Ambala,Ambala Apmc Market,2026-02-09,0.0,0,0.0,16.33,24.6,9.4,75.86,7
Haryana,Ambala,Ambala Apmc Market,2026-02-16,0.8,0,0.6,18.51,26.1,11.5,71.14,7
Haryana,Ambala,Ambala Apmc Market,2026-02-23,0.0,0,0.0,20.19,27.8,12.3,65.57,7
Haryana,Ambala,Ambala Apmc Market,2026-03-02,0.0,0,0.0,23.54,32.6,16.1,57.71,7
Haryana,Ambala,Ambala Apmc Market,2026-03-09,4.3,1,3.9,24.29,33.6,15.9,56.86,7
Haryana,Ambala,Ambala Apmc Market,2026-03-16,18.0,3,8.4,18.83,28.0,12.4,73.14,7
Haryana,Ambala,Ambala Apmc Market,2026-03-23,3.0,1,2.5,23.26,30.8,15.7,59.43,7
Haryana,Ambala,Ambala Apmc Market,2026-03-30,7.6,1,5.6,24.14,33.9,17.0,56.43,7
Haryana,Ambala,Ambala Apmc Market,2026-04-06,33.1,3,16.7,21.63,30.3,14.0,56.43,7
Haryana,Ambala,Ambala Apmc Market,2026-04-13,0.0,0,0.0,28.37,38.2,19.0,33.43,7
Haryana,Ambala,Ambala Apmc Market,2026-04-20,0.0,0,0.0,31.4,40.2,22.9,29.71,7
Haryana,Ambala,Ambala Apmc Market,2026-04-27,10.0,2,5.9,28.9,39.4,20.5,45.14,7
Haryana,Ambala,Ambala Apmc Market,2026-05-04,7.4,1,4.0,26.29,34.1,19.3,54.14,7
Haryana,Ambala,Ambala Apmc Market,2026-05-11,0.8,0,0.6,30.01,38.2,22.0,47.29,7
Haryana,Ambala,Ambala Apmc Market,2026-05-18,0.0,0,0.0,34.43,42.5,27.2,28.14,7
Haryana,Ambala,Ambala Apmc Market,2026-05-25,12.6,1,11.8,30.76,41.5,20.6,42.29,7
Haryana,Ambala,Ambala Apmc Market,2026-06-01,5.5,1,3.0,30.27,37.8,24.0,52.71,7
Haryana,Ambala,Ambala Apmc Market,2026-06-08,11.4,3,4.5,30.53,40.1,23.0,54.0,7
Haryana,Ambala,Ambala Apmc Market,2026-06-15,4.5,0,1.7,30.69,37.2,24.6,57.43,7
Haryana,Ambala,Ambala Apmc Market,2026-06-22,4.8,1,2.6,31.61,37.6,26.1,56.86,7
Haryana,Ambala,Ambala Apmc Market,2026-06-29,52.5,5,13.8,30.03,37.3,25.2,77.43,7
Haryana,Ambala,Ambala Apmc Market,2026-07-06,73.7,4,27.7,28.71,33.5,24.6,82.29,7
Haryana,Ambala,Ambala Apmc Market,2026-07-13,4.8,1,3.0,31.11,35.2,24.2,71.0,7
Haryana,Ambala,Ambala Apmc Market,2026-07-20,62.0,6,27.9,28.66,33.5,24.5,81.86,7
Haryana,Ambala,Ambala Apmc Market,2026-07-27,29.9,4,10.4,28.94,33.7,24.9,81.71,7
Haryana,Ambala,Ambala Apmc Market,2026-08-03,34.1,5,12.7,28.33,33.1,25.3,85.14,7
Haryana,Ambala,Ambala Apmc Market,2026-08-10,53.3,4,37.9,28.8,34.3,25.1,84.71,7
Haryana,Ambala,Ambala Apmc Market,2026-08-17,40.9,5,12.4,28.7,32.9,24.7,84.0,7
Haryana,Ambala,Ambala Apmc Market,2026-08-24,10.5,2,3.7,29.8,34.1,25.8,78.86,7
Haryana,Ambala,Ambala Apmc Market,2026-08-31,19.9,2,11.1,27.99,33.4,23.8,82.57,7
Haryana,Ambala,Ambala Apmc Market,2026-09-07,10.5,1,8.1,28.93,33.9,22.6,73.14,7
Haryana,Ambala,Ambala Apmc Market,2026-09-14,7.7,1,3.6,27.96,33.8,23.1,71.14,7
Haryana,Ambala,Ambala Apmc Market,2026-09-21,3.2,0,1.2,27.6,34.2,22.8,71.86,7
Haryana,Ambala,Ambala Apmc Market,2026-09-28,29.9,1,29.9,25.88,32.1,21.1,74.4,5
Haryana,Hisar,Hisar Apmc Market,2025-09-29,5.5,1,3.7,29.27,35.9,22.3,65.71,7
Haryana,Hisar,Hisar Apmc Market,2025-10-06,15.0,2,8.2,23.44,31.0,18.3,72.71,7
Haryana,Hisar,Hisar Apmc Market,2025-10-13,0.0,0,0.0,25.39,32.7,18.7,54.43,7
Haryana,Hisar,Hisar Apmc Market,2025-10-20,0.0,0,0.0,24.86,32.2,17.5,54.86,7
Haryana,Hisar,Hisar Apmc Market,2025-10-27,0.0,0,0.0,23.79,30.7,17.0,64.57,7
Haryana,Hisar,Hisar Apmc Market,2025-11-03,0.2,0,0.2,20.86,31.6,11.6,51.57,7
Haryana,Hisar,Hisar Apmc Market,2025-11-10,0.0,0,0.0,18.49,27.5,10.2,53.14,7
Haryana,Hisar,Hisar Apmc Market,2025-11-17,0.0,0,0.0,17.87,26.5,9.8,60.57,7
Haryana,Hisar,Hisar Apmc Market,2025-11-24,0.0,0,0.0,16.3,24.5,8.8,60.57,7
Haryana,Hisar,Hisar Apmc Market,2025-12-01,0.0,0,0.0,14.9,24.0,6.5,57.14,7
Haryana,Hisar,Hisar Apmc Market,2025-12-08,0.0,0,0.0,16.2,24.7,8.2,66.43,7
Haryana,Hisar,Hisar Apmc Market,2025-12-15,0.0,0,0.0,15.54,24.0,8.5,77.14,7
Haryana,Hisar,Hisar Apmc Market,2025-12-22,0.0,0,0.0,14.34,22.8,6.2,76.14,7
Haryana,Hisar,Hisar Apmc Market,2025-12-29,4.1,0,2.1,12.94,20.9,6.9,83.57,7
Haryana,Hisar,Hisar Apmc Market,2026-01-05,0.0,0,0.0,9.84,17.1,4.7,86.71,7
Haryana,Hisar,Hisar Apmc Market,2026-01-12,0.0,0,0.0,10.47,21.0,1.9,82.71,7
Haryana,Hisar,Hisar Apmc Market,2026-01-19,18.5,1,17.3,13.76,23.3,4.8,68.71,7
Haryana,Hisar,Hisar Apmc Market,2026-01-26,5.0,1,4.9,13.71,21.6,4.2,79.0,7
Haryana,Hisar,Hisar Apmc Market,2026-02-02,0.0,0,0.0,15.9,25.2,8.2,65.0,7
Haryana,Hisar,Hisar Apmc Market,2026-02-09,0.1,0,0.1,18.81,28.9,9.7,54.86,7
Haryana,Hisar,Hisar Apmc Market,2026-02-16,4.6,1,4.4,20.34,29.7,12.8,60.71,7
Haryana,Hisar,Hisar Apmc Market,2026-02-23,0.0,0,0.0,22.21,31.5,13.4,47.71,7
Haryana,Hisar,Hisar Apmc Market,2026-03-02,0.0,0,0.0,25.41,36.2,16.1,46.57,7
Haryana,Hisar,Hisar Apmc Market,2026-03-09,0.9,0,0.9,26.09,36.4,18.2,46.71,7
Haryana,Hisar,Hisar Apmc Market,2026-03-16,8.0,2,3.3,20.91,30.6,14.2,65.71,7
Haryana,Hisar,Hisar Apmc Market,2026-03-23,2.9,0,1.6,25.67,33.4,17.7,47.29,7
Haryana,Hisar,Hisar Apmc Market,2026-03-30,7.4,1,5.3,24.6,34.2,17.9,57.14,7
Haryana,Hisar,Hisar Apmc Market,2026-04-06,1.1,0,1.1,24.49,34.7,15.4,44.86,7
Haryana,Hisar,Hisar Apmc Market,2026-04-13,0.2,0,0.2,30.7,40.6,20.2,26.29,7
Haryana,Hisar,Hisar Apmc Market,2026-04-20,0.0,0,0.0,33.59,42.3,24.3,22.0,7
Haryana,Hisar,Hisar Apmc Market,2026-04-27,0.2,0,0.2,32.37,42.3,23.7,32.71,7
Haryana,Hisar,Hisar Apmc Market,2026-05-04,0.1,0,0.1,29.53,38.0,21.3,44.29,7
Haryana,Hisar,Hisar Apmc Market,2026-05-11,2.5,0,1.6,33.0,40.8,25.8,38.29,7
Haryana,Hisar,Hisar Apmc Market,2026-05-18,0.4,0,0.4,36.3,43.7,28.3,23.71,7
Haryana,Hisar,Hisar Apmc Market,2026-05-25,6.2,1,3.8,33.23,43.6,23.2,37.43,7
Haryana,Hisar,Hisar Apmc Market,2026-06-01,2.9,1,2.5,32.96,41.0,25.5,42.71,7
Haryana,Hisar,Hisar Apmc Market,2026-06-08,2.9,0,1.8,34.06,43.2,24.4,43.43,7
Haryana,Hisar,Hisar Apmc Market,2026-06-15,5.3,0,1.5,32.23,39.1,23.6,48.0,7
Haryana,Hisar,Hisar Apmc Market,2026-06-22,5.5,1,2.8,33.47,39.7,24.0,48.29,7
Haryana,Hisar,Hisar Apmc Market,2026-06-29,7.5,1,3.7,33.54,41.7,26.6,56.86,7
Haryana,Hisar,Hisar Apmc Market,2026-07-06,7.0,0,1.9,31.5,37.6,26.9,69.0,7
Haryana,Hisar,Hisar Apmc Market,2026-07-13,0.7,0,0.5,34.69,39.4,29.1,47.14,7
Haryana,Hisar,Hisar Apmc Market,2026-07-20,27.7,3,10.8,30.09,36.3,26.2,75.29,7
Haryana,Hisar,Hisar Apmc Market,2026-07-27,37.5,3,20.9,31.27,36.1,26.3,72.86,7
Haryana,Hisar,Hisar Apmc Market,2026-08-03,72.0,5,36.6,29.53,35.9,25.7,81.14,7
Haryana,Hisar,Hisar Apmc Market,2026-08-10,24.6,3,14.2,30.53,35.1,26.2,78.57,7
Haryana,Hisar,Hisar Apmc Market,2026-08-17,12.9,2,6.7,31.7,36.0,27.7,63.86,7
Haryana,Hisar,Hisar Apmc Market,2026-08-24,0.6,0,0.5,31.84,35.9,28.0,63.57,7
Haryana,Hisar,Hisar Apmc Market,2026-08-31,5.4,0,1.3,30.43,35.5,26.0,67.86,7
Haryana,Hisar,Hisar Apmc Market,2026-09-07,3.4,0,1.9,30.83,36.4,26.3,63.86,7
Haryana,Hisar,Hisar Apmc Market,2026-09-14,9.8,2,4.1,29.54,36.1,22.3,67.57,7
Haryana,Hisar,Hisar Apmc Market,2026-09-21,0.0,0,0.0,29.31,35.8,22.8,64.0,7
Haryana,Hisar,Hisar Apmc Market,2026-09-28,1.6,0,1.4,28.06,35.9,22.0,64.8,5
Haryana,Karnal,Karnal Apmc Market,2025-09-29,6.5,1,4.1,28.0,34.1,22.3,71.14,7
Haryana,Karnal,Karnal Apmc Market,2025-10-06,27.3,2,15.7,22.76,30.1,18.2,77.71,7
Haryana,Karnal,Karnal Apmc Market,2025-10-13,0.0,0,0.0,24.29,32.1,18.1,66.86,7
Haryana,Karnal,Karnal Apmc Market,2025-10-20,0.0,0,0.0,23.89,31.7,17.0,62.57,7
Haryana,Karnal,Karnal Apmc Market,2025-10-27,3.4,0,2.2,23.19,30.4,16.5,68.43,7
Haryana,Karnal,Karnal Apmc Market,2025-11-03,2.0,0,2.0,20.63,30.2,12.9,56.14,7
Haryana,Karnal,Karnal Apmc Market,2025-11-10,0.0,0,0.0,17.69,26.8,10.2,56.0,7
Haryana,Karnal,Karnal Apmc Market,2025-11-17,0.0,0,0.0,17.03,25.4,10.1,71.86,7
Haryana,Karnal,Karnal Apmc Market,2025-11-24,0.0,0,0.0,15.17,24.1,8.3,69.0,7
Haryana,Karnal,Karnal Apmc Market,2025-12-01,0.0,0,0.0,14.16,23.9,6.9,65.14,7
Haryana,Karnal,Karnal Apmc Market,2025-12-08,0.0,0,0.0,15.31,23.9,8.0,72.29,7
Haryana,Karnal,Karnal Apmc Market,2025-12-15,0.0,0,0.0,13.84,22.6,8.3,85.57,7
Haryana,Karnal,Karnal Apmc Market,2025-12-22,0.0,0,0.0,13.09,21.7,7.3,88.43,7
Haryana,Karnal,Karnal Apmc Market,2025-12-29,5.6,1,4.6,11.76,17.4,6.0,90.14,7
Haryana,Karnal,Karnal Apmc Market,2026-01-05,0.0,0,0.0,9.94,16.3,5.1,90.29,7
Haryana,Karnal,Karnal Apmc Market,2026-01-12,0.0,0,0.0,9.53,18.0,4.1,90.86,7
Haryana,Karnal,Karnal Apmc Market,2026-01-19,40.3,1,40.2,12.67,21.8,6.2,80.71,7
Haryana,Karnal,Karnal Apmc Market,2026-01-26,44.1,3,32.3,12.81,20.2,5.1,88.43,7
Haryana,Karnal,Karnal Apmc Market,2026-02-02,0.0,0,0.0,14.33,21.5,8.9,82.86,7
Haryana,Karnal,Karnal Apmc Market,2026-02-09,0.0,0,0.0,16.1,24.9,8.9,76.43,7
Haryana,Karnal,Karnal Apmc Market,2026-02-16,0.4,0,0.4,18.11,25.6,10.3,76.29,7
Haryana,Karnal,Karnal Apmc Market,2026-02-23,0.0,0,0.0,19.61,28.3,11.6,69.71,7
Haryana,Karnal,Karnal Apmc Market,2026-03-02,0.0,0,0.0,23.26,32.3,16.1,64.29,7
Haryana,Karnal,Karnal Apmc Market,2026-03-09,6.9,1,6.9,24.24,33.0,16.3,61.14,7
Haryana,Karnal,Karnal Apmc Market,2026-03-16,22.5,3,12.1,19.59,29.9,13.2,72.71,7
Haryana,Karnal,Karnal Apmc Market,2026-03-23,9.0,1,7.4,24.01,32.8,16.1,57.29,7
Haryana,Karnal,Karnal Apmc Market,2026-03-30,7.0,1,4.3,24.41,34.8,17.3,57.86,7
Haryana,Karnal,Karnal Apmc Market,2026-04-06,31.2,2,17.4,22.27,32.1,14.5,55.0,7
Haryana,Karnal,Karnal Apmc Market,2026-04-13,0.0,0,0.0,28.69,39.5,19.5,33.57,7
Haryana,Karnal,Karnal Apmc Market,2026-04-20,0.0,0,0.0,32.43,41.8,23.2,26.14,7
Haryana,Karnal,Karnal Apmc Market,2026-04-27,4.1,1,2.9,29.67,41.9,20.8,45.14,7
Haryana,Karnal,Karnal Apmc Market,2026-05-04,12.0,1,7.4,26.03,33.6,18.3,60.0,7
Haryana,Karnal,Karnal Apmc Market,2026-05-11,0.8,0,0.6,30.66,39.4,23.1,48.57,7
Haryana,Karnal,Karnal Apmc Market,2026-05-18,0.0,0,0.0,34.91,42.8,27.9,28.86,7
Haryana,Karnal,Karnal Apmc Market,2026-05-25,10.2,2,6.0,31.27,41.8,21.7,43.86,7
Haryana,Karnal,Karnal Apmc Market,2026-06-01,1.3,0,1.1,30.57,38.6,23.3,54.29,7
Haryana,Karnal,Karnal Apmc Market,2026-06-08,16.8,3,6.0,30.93,40.4,22.6,57.0,7
Haryana,Karnal,Karnal Apmc Market,2026-06-15,0.7,0,0.6,31.21,37.3,25.3,56.29,7
Haryana,Karnal,Karnal Apmc Market,2026-06-22,0.9,0,0.4,32.19,38.1,26.6,56.43,7
Haryana,Karnal,Karnal Apmc Market,2026-06-29,41.8,4,20.4,30.63,38.2,26.1,76.0,7
Haryana,Karnal,Karnal Apmc Market,2026-07-06,132.3,5,64.3,28.97,34.6,24.8,82.57,7
Haryana,Karnal,Karnal Apmc Market,2026-07-13,3.8,0,1.9,31.36,35.2,25.8,72.57,7
Haryana,Karnal,Karnal Apmc Market,2026-07-20,55.7,5,27.7,28.69,33.9,25.3,84.0,7
Haryana,Karnal,Karnal Apmc Market,2026-07-27,44.1,3,23.2,29.19,33.8,25.0,83.71,7
Haryana,Karnal,Karnal Apmc Market,2026-08-03,78.9,5,25.2,28.41,33.3,25.0,87.43,7
Haryana,Karnal,Karnal Apmc Market,2026-08-10,33.8,3,15.4,29.04,33.9,24.9,85.71,7
Haryana,Karnal,Karnal Apmc Market,2026-08-17,51.1,7,16.0,28.96,33.1,24.5,83.86,7
Haryana,Karnal,Karnal Apmc Market,2026-08-24,4.7,0,2.2,29.91,34.1,25.1,78.43,7
Haryana,Karnal,Karnal Apmc Market,2026-08-31,23.8,4,9.2,28.04,33.3,23.6,82.71,7
Haryana,Karnal,Karnal Apmc Market,2026-09-07,15.5,3,5.7,28.83,33.9,23.8,77.43,7
Haryana,Karnal,Karnal Apmc Market,2026-09-14,4.8,0,2.1,28.06,32.9,23.4,75.43,7
Haryana,Karnal,Karnal Apmc Market,2026-09-21,18.6,2,9.1,27.49,33.2,22.4,74.86,7
Haryana,Karnal,Karnal Apmc Market,2026-09-28,29.3,1,29.3,25.76,32.3,21.2,77.6,5
Haryana,Panipat,Panipat Apmc Market,2025-09-29,5.0,1,3.4,28.2,34.3,22.9,72.0,7
Haryana,Panipat,Panipat Apmc Market,2025-10-06,44.0,3,35.0,22.99,30.2,18.3,77.86,7
Haryana,Panipat,Panipat Apmc Market,2025-10-13,0.0,0,0.0,24.31,31.7,18.0,65.86,7
Haryana,Panipat,Panipat Apmc Market,2025-10-20,0.6,0,0.6,23.7,31.3,16.6,64.43,7
Haryana,Panipat,Panipat Apmc Market,2025-10-27,1.5,0,1.4,23.06,29.9,16.7,70.86,7
Haryana,Panipat,Panipat Apmc Market,2025-11-03,0.0,0,0.0,20.34,29.5,12.7,58.29,7
Haryana,Panipat,Panipat Apmc Market,2025-11-10,0.0,0,0.0,17.8,26.9,10.4,57.0,7
Haryana,Panipat,Panipat Apmc Market,2025-11-17,0.0,0,0.0,17.09,25.3,10.1,72.0,7
Haryana,Panipat,Panipat Apmc Market,2025-11-24,0.0,0,0.0,15.4,24.2,8.5,69.29,7
Haryana,Panipat,Panipat Apmc Market,2025-12-01,0.0,0,0.0,14.13,23.4,6.6,66.29,7
Haryana,Panipat,Panipat Apmc Market,2025-12-08,0.0,0,0.0,15.34,23.7,7.8,73.71,7
Haryana,Panipat,Panipat Apmc Market,2025-12-15,0.0,0,0.0,14.09,22.7,8.0,84.71,7
Haryana,Panipat,Panipat Apmc Market,2025-12-22,0.0,0,0.0,13.27,21.8,7.6,86.71,7
Haryana,Panipat,Panipat Apmc Market,2025-12-29,3.7,1,3.4,11.87,18.0,5.9,89.14,7
Haryana,Panipat,Panipat Apmc Market,2026-01-05,0.0,0,0.0,10.16,16.5,5.1,89.43,7
Haryana,Panipat,Panipat Apmc Market,2026-01-12,0.0,0,0.0,9.66,18.9,4.0,88.57,7
Haryana,Panipat,Panipat Apmc Market,2026-01-19,28.3,1,28.2,13.1,22.0,6.0,79.43,7
Haryana,Panipat,Panipat Apmc Market,2026-01-26,38.0,3,17.3,12.94,20.4,4.7,87.29,7
Haryana,Panipat,Panipat Apmc Market,2026-02-02,0.0,0,0.0,14.43,21.8,8.8,82.57,7
Haryana,Panipat,Panipat Apmc Market,2026-02-09,0.0,0,0.0,16.3,25.1,8.9,75.14,7
Haryana,Panipat,Panipat Apmc Market,2026-02-16,1.3,0,1.3,18.19,26.0,11.3,75.86,7
Haryana,Panipat,Panipat Apmc Market,2026-02-23,0.1,0,0.1,19.51,27.9,11.9,71.0,7
Haryana,Panipat,Panipat Apmc Market,2026-03-02,0.0,0,0.0,23.3,32.4,15.7,64.29,7
Haryana,Panipat,Panipat Apmc Market,2026-03-09,4.8,1,4.8,24.31,33.2,16.5,60.57,7
Haryana,Panipat,Panipat Apmc Market,2026-03-16,23.1,2,12.6,19.76,29.3,13.6,73.57,7
Haryana,Panipat,Panipat Apmc Market,2026-03-23,8.7,2,4.9,23.76,32.1,16.4,60.29,7
Haryana,Panipat,Panipat Apmc Market,2026-03-30,2.8,0,1.2,24.69,34.0,17.5,57.57,7
Haryana,Panipat,Panipat Apmc Market,2026-04-06,15.3,2,8.1,22.86,33.0,14.9,52.29,7
Haryana,Panipat,Panipat Apmc Market,2026-04-13,0.1,0,0.1,29.6,39.9,20.0,30.57,7
Haryana,Panipat,Panipat Apmc Market,2026-04-20,0.0,0,0.0,33.43,42.9,24.2,22.57,7
Haryana,Panipat,Panipat Apmc Market,2026-04-27,0.8,0,0.3,30.19,42.3,21.0,43.86,7
Haryana,Panipat,Panipat Apmc Market,2026-05-04,11.1,1,8.7,26.57,35.1,18.7,59.14,7
Haryana,Panipat,Panipat Apmc Market,2026-05-11,4.9,1,3.2,30.9,39.5,23.7,48.0,7
Haryana,Panipat,Panipat Apmc Market,2026-05-18,0.3,0,0.3,35.79,43.4,28.0,25.29,7
Haryana,Panipat,Panipat Apmc Market,2026-05-25,12.7,1,10.9,31.93,42.4,22.1,42.43,7
Haryana,Panipat,Panipat Apmc Market,2026-06-01,4.6,1,3.5,30.5,38.9,23.5,56.57,7
Haryana,Panipat,Panipat Apmc Market,2026-06-08,6.4,1,3.9,31.41,41.0,23.4,56.0,7
Haryana,Panipat,Panipat Apmc Market,2026-06-15,2.6,0,1.8,31.47,37.5,25.6,55.0,7
Haryana,Panipat,Panipat Apmc Market,2026-06-22,2.4,0,0.9,32.34,38.7,26.9,55.86,7
Haryana,Panipat,Panipat Apmc Market,2026-06-29,56.5,4,26.5,30.81,38.8,25.8,74.57,7
Haryana,Panipat,Panipat Apmc Market,2026-07-06,109.4,5,74.2,28.99,34.6,24.8,82.0,7
Haryana,Panipat,Panipat Apmc Market,2026-07-13,38.6,3,19.7,31.53,35.6,24.3,70.86,7
Haryana,Panipat,Panipat Apmc Market,2026-07-20,71.0,5,32.6,28.8,34.3,24.7,83.43,7
Haryana,Panipat,Panipat Apmc Market,2026-07-27,36.7,4,10.7,29.34,34.4,25.8,83.43,7
Haryana,Panipat,Panipat Apmc Market,2026-08-03,86.6,5,23.7,28.46,33.5,24.3,87.14,7
Haryana,Panipat,Panipat Apmc Market,2026-08-10,31.5,4,10.1,29.2,34.4,25.6,85.43,7
Haryana,Panipat,Panipat Apmc Market,2026-08-17,43.7,6,15.9,29.06,33.5,24.2,83.29,7
Haryana,Panipat,Panipat Apmc Market,2026-08-24,9.7,2,3.0,29.99,33.8,24.1,78.43,7
Haryana,Panipat,Panipat Apmc Market,2026-08-31,29.4,4,11.8,28.04,33.1,23.5,83.29,7
Haryana,Panipat,Panipat Apmc Market,2026-09-07,16.0,3,7.8,28.81,34.0,24.6,78.14,7
Haryana,Panipat,Panipat Apmc Market,2026-09-14,10.8,2,4.2,28.01,32.8,22.8,77.0,7
Haryana,Panipat,Panipat Apmc Market,2026-09-21,17.8,2,10.3,27.66,33.9,22.1,73.29,7
Haryana,Panipat,Panipat Apmc Market,2026-09-28,57.8,1,57.8,25.64,32.5,21.4,78.6,5
Haryana,Sonipat,Sonipat Apmc Market,2025-09-29,13.7,2,6.0,28.11,33.7,23.1,73.71,7
Haryana,Sonipat,Sonipat Apmc Market,2025-10-06,26.4,2,15.1,23.13,30.2,18.5,77.57,7
Haryana,Sonipat,Sonipat Apmc Market,2025-10-13,0.0,0,0.0,24.5,31.6,17.6,61.29,7
Haryana,Sonipat,Sonipat Apmc Market,2025-10-20,0.0,0,0.0,23.73,31.4,16.1,62.86,7
Haryana,Sonipat,Sonipat Apmc Market,2025-10-27,0.8,0,0.8,23.01,29.9,16.8,71.71,7
Haryana,Sonipat,Sonipat Apmc Market,2025-11-03,0.6,0,0.6,20.26,29.7,11.8,58.29,7
Haryana,Sonipat,Sonipat Apmc Market,2025-11-10,0.0,0,0.0,17.59,26.5,9.9,59.43,7
Haryana,Sonipat,Sonipat Apmc Market,2025-11-17,0.0,0,0.0,17.23,25.4,9.4,71.29,7
Haryana,Sonipat,Sonipat Apmc Market,2025-11-24,0.0,0,0.0,15.33,24.6,8.7,68.71,7
Haryana,Sonipat,Sonipat Apmc Market,2025-12-01,0.0,0,0.0,14.09,23.2,6.0,66.43,7
Haryana,Sonipat,Sonipat Apmc Market,2025-12-08,0.0,0,0.0,15.41,24.0,8.3,72.29,7
Haryana,Sonipat,Sonipat Apmc Market,2025-12-15,0.0,0,0.0,14.26,23.1,6.8,83.71,7
Haryana,Sonipat,Sonipat Apmc Market,2025-12-22,0.0,0,0.0,13.33,22.2,7.2,84.71,7
Haryana,Sonipat,Sonipat Apmc Market,2025-12-29,0.3,0,0.2,12.14,19.0,5.6,87.14,7
Haryana,Sonipat,Sonipat Apmc Market,2026-01-05,0.0,0,0.0,10.39,17.0,4.8,87.71,7
Haryana,Sonipat,Sonipat Apmc Market,2026-01-12,0.0,0,0.0,9.66,19.5,3.3,87.29,7
Haryana,Sonipat,Sonipat Apmc Market,2026-01-19,24.9,1,24.9,13.13,22.4,5.6,78.71,7
Haryana,Sonipat,Sonipat Apmc Market,2026-01-26,33.7,2,28.2,13.04,20.9,4.6,87.14,7
Haryana,Sonipat,Sonipat Apmc Market,2026-02-02,0.0,0,0.0,14.37,22.4,8.7,82.0,7
Haryana,Sonipat,Sonipat Apmc Market,2026-02-09,0.0,0,0.0,16.39,25.8,8.8,72.57,7
Haryana,Sonipat,Sonipat Apmc Market,2026-02-16,4.5,1,4.5,18.24,26.8,10.8,74.43,7
Haryana,Sonipat,Sonipat Apmc Market,2026-02-23,0.0,0,0.0,19.91,28.8,11.8,66.43,7
Haryana,Sonipat,Sonipat Apmc Market,2026-03-02,0.0,0,0.0,23.26,32.7,15.4,63.29,7
Haryana,Sonipat,Sonipat Apmc Market,2026-03-09,8.8,1,8.8,24.27,33.9,17.1,60.0,7
Haryana,Sonipat,Sonipat Apmc Market,2026-03-16,15.1,2,7.5,20.21,29.6,13.7,71.71,7
Haryana,Sonipat,Sonipat Apmc Market,2026-03-23,6.4,1,3.9,23.36,32.1,16.2,63.29,7
Haryana,Sonipat,Sonipat Apmc Market,2026-03-30,1.7,0,1.3,24.11,33.2,17.2,61.43,7
Haryana,Sonipat,Sonipat Apmc Market,2026-04-06,6.7,1,5.2,23.1,33.2,15.3,53.0,7
Haryana,Sonipat,Sonipat Apmc Market,2026-04-13,0.0,0,0.0,29.13,39.9,18.7,32.0,7
Haryana,Sonipat,Sonipat Apmc Market,2026-04-20,0.0,0,0.0,32.67,42.4,23.2,23.43,7
Haryana,Sonipat,Sonipat Apmc Market,2026-04-27,0.9,0,0.9,30.33,42.0,21.2,42.86,7
Haryana,Sonipat,Sonipat Apmc Market,2026-05-04,5.4,1,4.0,27.01,35.4,19.3,57.14,7
Haryana,Sonipat,Sonipat Apmc Market,2026-05-11,16.7,2,10.0,31.06,39.3,23.9,47.71,7
Haryana,Sonipat,Sonipat Apmc Market,2026-05-18,0.1,0,0.1,35.23,42.9,26.9,26.86,7
Haryana,Sonipat,Sonipat Apmc Market,2026-05-25,10.1,2,6.4,31.8,41.9,22.5,44.0,7
Haryana,Sonipat,Sonipat Apmc Market,2026-06-01,6.2,1,4.6,30.3,38.1,23.2,57.57,7
Haryana,Sonipat,Sonipat Apmc Market,2026-06-08,7.7,1,6.9,31.77,41.0,23.1,54.57,7
Haryana,Sonipat,Sonipat Apmc Market,2026-06-15,1.5,0,0.8,31.13,37.3,24.9,54.71,7
Haryana,Sonipat,Sonipat Apmc Market,2026-06-22,2.4,0,0.9,32.21,38.9,26.2,56.57,7
Haryana,Sonipat,Sonipat Apmc Market,2026-06-29,20.1,2,11.3,31.3,39.1,25.7,71.71,7
Haryana,Sonipat,Sonipat Apmc Market,2026-07-06,97.2,5,56.1,29.27,35.6,24.8,80.43,7
Haryana,Sonipat,Sonipat Apmc Market,2026-07-13,1.9,0,0.8,32.01,36.2,26.3,67.0,7
Haryana,Sonipat,Sonipat Apmc Market,2026-07-20,61.7,6,23.8,28.79,33.8,25.2,84.29,7
Haryana,Sonipat,Sonipat Apmc Market,2026-07-27,33.8,4,14.8,29.44,34.7,26.1,83.0,7
Haryana,Sonipat,Sonipat Apmc Market,2026-08-03,115.0,6,34.4,28.29,33.9,25.0,88.14,7
Haryana,Sonipat,Sonipat Apmc Market,2026-08-10,46.3,5,15.0,29.3,34.4,25.8,85.0,7
Haryana,Sonipat,Sonipat Apmc Market,2026-08-17,44.1,5,20.9,29.31,33.3,24.0,82.29,7
Haryana,Sonipat,Sonipat Apmc Market,2026-08-24,4.8,0,1.8,29.86,34.0,25.4,78.29,7
Haryana,Sonipat,Sonipat Apmc Market,2026-08-31,39.9,5,14.0,28.07,33.2,23.7,83.14,7
Haryana,Sonipat,Sonipat Apmc Market,2026-09-07,16.3,3,4.8,28.87,34.0,24.0,77.43,7
Haryana,Sonipat,Sonipat Apmc Market,2026-09-14,8.6,1,2.6,28.7,34.4,23.8,72.86,7
Haryana,Sonipat,Sonipat Apmc Market,2026-09-21,8.6,2,5.2,27.7,34.1,22.0,72.57,7
Haryana,Sonipat,Sonipat Apmc Market,2026-09-28,6.0,1,6.0,26.06,33.6,21.2,75.4,5
Karnataka,Bangalore,Bangalore Apmc Market,2025-09-29,25.9,3,10.9,23.17,29.6,17.9,75.86,7
Karnataka,Bangalore,Bangalore Apmc Market,2025-10-06,74.9,5,35.4,23.03,28.7,18.8,77.14,7
Karnataka,Bangalore,Bangalore Apmc Market,2025-10-13,52.2,6,22.4,22.59,28.0,18.9,84.0,7
Karnataka,Bangalore,Bangalore Apmc Market,2025-10-20,38.1,3,25.3,22.24,27.7,19.4,84.43,7
Karnataka,Bangalore,Bangalore Apmc Market,2025-10-27,5.2,2,2.6,22.2,28.4,17.7,77.57,7
Karnataka,Bangalore,Bangalore Apmc Market,2025-11-03,7.1,1,4.5,22.44,28.0,17.2,72.29,7
Karnataka,Bangalore,Bangalore Apmc Market,2025-11-10,0.7,0,0.6,22.46,28.8,16.3,68.14,7
Karnataka,Bangalore,Bangalore Apmc Market,2025-11-17,8.7,1,5.8,21.74,27.8,17.1,77.71,7
Karnataka,Bangalore,Bangalore Apmc Market,2025-11-24,6.4,1,6.3,20.41,26.8,15.8,78.14,7
Karnataka,Bangalore,Bangalore Apmc Market,2025-12-01,10.9,1,7.5,21.14,26.5,17.0,81.57,7
Karnataka,Bangalore,Bangalore Apmc Market,2025-12-08,0.0,0,0.0,20.23,27.4,13.9,63.29,7
Karnataka,Bangalore,Bangalore Apmc Market,2025-12-15,0.1,0,0.1,20.06,27.0,13.8,66.43,7
Karnataka,Bangalore,Bangalore Apmc Market,2025-12-22,0.0,0,0.0,20.14,26.8,14.3,65.29,7
Karnataka,Bangalore,Bangalore Apmc Market,2025-12-29,1.0,0,0.5,21.73,28.7,15.0,65.43,7
Karnataka,Bangalore,Bangalore Apmc Market,2026-01-05,0.0,0,0.0,19.76,26.3,14.0,65.0,7
Karnataka,Bangalore,Bangalore Apmc Market,2026-01-12,2.0,0,0.8,21.43,29.1,14.8,63.29,7
Karnataka,Bangalore,Bangalore Apmc Market,2026-01-19,0.1,0,0.1,20.89,28.9,13.9,54.43,7
Karnataka,Bangalore,Bangalore Apmc Market,2026-01-26,1.3,0,1.3,21.77,29.6,15.4,56.43,7
Karnataka,Bangalore,Bangalore Apmc Market,2026-02-02,0.0,0,0.0,22.14,29.4,15.2,48.71,7
Karnataka,Bangalore,Bangalore Apmc Market,2026-02-09,0.0,0,0.0,22.4,30.4,13.2,49.86,7
Karnataka,Bangalore,Bangalore Apmc Market,2026-02-16,0.1,0,0.1,23.66,31.4,16.6,49.0,7
Karnataka,Bangalore,Bangalore Apmc Market,2026-02-23,0.2,0,0.1,25.4,32.1,18.5,47.71,7
Karnataka,Bangalore,Bangalore Apmc Market,2026-03-02,0.0,0,0.0,26.43,33.6,19.3,39.29,7
Karnataka,Bangalore,Bangalore Apmc Market,2026-03-09,0.0,0,0.0,25.76,33.3,18.1,46.14,7
Karnataka,Bangalore,Bangalore Apmc Market,2026-03-16,4.9,0,1.5,25.37,33.1,17.7,54.0,7
Karnataka,Bangalore,Bangalore Apmc Market,2026-03-23,0.8,0,0.8,27.27,34.8,20.4,45.71,7
Karnataka,Bangalore,Bangalore Apmc Market,2026-03-30,0.7,0,0.3,27.3,34.2,19.9,46.71,7
Karnataka,Bangalore,Bangalore Apmc Market,2026-04-06,0.8,0,0.7,28.53,35.4,21.7,44.0,7
Karnataka,Bangalore,Bangalore Apmc Market,2026-04-13,0.0,0,0.0,29.41,36.5,22.6,40.29,7
Karnataka,Bangalore,Bangalore Apmc Market,2026-04-20,0.0,0,0.0,29.46,36.3,22.8,38.43,7
Karnataka,Bangalore,Bangalore Apmc Market,2026-04-27,3.1,1,3.0,28.1,36.9,21.6,54.14,7
Karnataka,Bangalore,Bangalore Apmc Market,2026-05-04,9.7,1,6.6,26.56,33.4,21.2,61.29,7
Karnataka,Bangalore,Bangalore Apmc Market,2026-05-11,5.3,1,4.0,28.13,34.1,21.4,52.43,7
Karnataka,Bangalore,Bangalore Apmc Market,2026-05-18,51.7,5,31.0,25.03,33.2,21.3,77.86,7
Karnataka,Bangalore,Bangalore Apmc Market,2026-05-25,26.2,4,7.3,25.24,31.4,20.6,75.86,7
Karnataka,Bangalore,Bangalore Apmc Market,2026-06-01,22.3,4,10.2,24.44,30.9,20.3,75.43,7
Karnataka,Bangalore,Bangalore Apmc Market,2026-06-08,32.0,5,15.0,23.84,30.0,19.7,78.57,7
Karnataka,Bangalore,Bangalore Apmc Market,2026-06-15,15.8,3,6.0,24.64,30.4,20.3,73.43,7
Karnataka,Bangalore,Bangalore Apmc Market,2026-06-22,20.7,4,5.3,24.13,30.1,20.2,74.43,7
Karnataka,Bangalore,Bangalore Apmc Market,2026-06-29,20.1,3,8.4,23.46,29.2,20.1,76.0,7
Karnataka,Bangalore,Bangalore Apmc Market,2026-07-06,8.4,1,3.3,24.6,31.8,20.4,71.43,7
Karnataka,Bangalore,Bangalore Apmc Market,2026-07-13,16.8,2,9.8,24.47,32.1,19.8,68.86,7
Karnataka,Bangalore,Bangalore Apmc Market,2026-07-20,33.4,5,8.9,23.49,29.5,19.6,77.29,7
Karnataka,Bangalore,Bangalore Apmc Market,2026-07-27,30.1,4,17.0,24.14,29.7,20.7,75.29,7
Karnataka,Bangalore,Bangalore Apmc Market,2026-08-03,76.3,6,18.5,22.89,28.3,20.2,83.29,7
Karnataka,Bangalore,Bangalore Apmc Market,2026-08-10,19.9,3,5.6,24.01,30.7,20.0,74.86,7
Karnataka,Bangalore,Bangalore Apmc Market,2026-08-17,31.4,5,9.8,23.51,29.9,19.5,77.43,7
Karnataka,Bangalore,Bangalore Apmc Market,2026-08-24,35.7,4,18.2,23.23,28.8,19.5,78.86,7
Karnataka,Bangalore,Bangalore Apmc Market,2026-08-31,13.2,2,3.6,24.73,30.8,19.3,69.43,7
Karnataka,Bangalore,Bangalore Apmc Market,2026-09-07,8.5,1,5.1,25.8,31.0,20.4,62.0,7
Karnataka,Bangalore,Bangalore Apmc Market,2026-09-14,46.9,5,13.9,25.01,30.8,20.4,70.71,7
Karnataka,Bangalore,Bangalore Apmc Market,2026-09-21,22.7,3,7.7,23.56,29.5,19.6,75.29,7
Karnataka,Bangalore,Bangalore Apmc Market,2026-09-28,32.3,3,14.3,23.86,28.8,19.5,78.2,5
Karnataka,Belgaum,Belgaum Apmc Market,2025-09-29,26.7,4,14.0,22.07,26.8,19.5,89.57,7
Karnataka,Belgaum,Belgaum Apmc Market,2025-10-06,16.1,1,11.5,23.01,28.6,18.7,81.29,7
Karnataka,Belgaum,Belgaum Apmc Market,2025-10-13,4.2,0,1.8,24.07,29.5,19.4,72.43,7
Karnataka,Belgaum,Belgaum Apmc Market,2025-10-20,58.6,5,21.5,22.81,29.5,19.8,86.14,7
Karnataka,Belgaum,Belgaum Apmc Market,2025-10-27,23.5,3,10.3,22.11,27.1,19.2,88.0,7
Karnataka,Belgaum,Belgaum Apmc Market,2025-11-03,3.1,0,2.0,22.16,28.4,15.9,77.86,7
Karnataka,Belgaum,Belgaum Apmc Market,2025-11-10,0.0,0,0.0,21.7,28.8,15.8,56.86,7
Karnataka,Belgaum,Belgaum Apmc Market,2025-11-17,0.4,0,0.4,22.61,29.1,15.6,60.57,7
Karnataka,Belgaum,Belgaum Apmc Market,2025-11-24,0.9,0,0.9,22.11,28.2,15.8,62.0,7
Karnataka,Belgaum,Belgaum Apmc Market,2025-12-01,0.9,0,0.8,22.49,28.4,17.2,68.71,7
Karnataka,Belgaum,Belgaum Apmc Market,2025-12-08,0.0,0,0.0,20.87,28.2,15.3,44.29,7
Karnataka,Belgaum,Belgaum Apmc Market,2025-12-15,0.0,0,0.0,21.13,28.8,14.9,47.0,7
Karnataka,Belgaum,Belgaum Apmc Market,2025-12-22,0.0,0,0.0,20.33,27.2,15.0,54.57,7
Karnataka,Belgaum,Belgaum Apmc Market,2025-12-29,0.1,0,0.1,21.29,28.1,14.8,58.14,7
Karnataka,Belgaum,Belgaum Apmc Market,2026-01-05,0.0,0,0.0,20.26,27.1,14.9,51.14,7
Karnataka,Belgaum,Belgaum Apmc Market,2026-01-12,1.2,0,0.8,22.74,29.2,16.7,59.43,7
Karnataka,Belgaum,Belgaum Apmc Market,2026-01-19,0.0,0,0.0,21.17,28.9,14.6,50.86,7
Karnataka,Belgaum,Belgaum Apmc Market,2026-01-26,0.6,0,0.6,23.06,29.4,16.6,55.14,7
Karnataka,Belgaum,Belgaum Apmc Market,2026-02-02,0.1,0,0.1,23.24,30.2,17.6,45.43,7
Karnataka,Belgaum,Belgaum Apmc Market,2026-02-09,0.0,0,0.0,23.56,30.9,17.2,36.43,7
Karnataka,Belgaum,Belgaum Apmc Market,2026-02-16,0.0,0,0.0,24.77,32.6,18.3,46.71,7
Karnataka,Belgaum,Belgaum Apmc Market,2026-02-23,0.7,0,0.7,24.66,32.6,17.2,49.86,7
Karnataka,Belgaum,Belgaum Apmc Market,2026-03-02,0.0,0,0.0,26.56,35.2,18.7,46.57,7
Karnataka,Belgaum,Belgaum Apmc Market,2026-03-09,0.0,0,0.0,27.06,35.4,20.0,44.86,7
Karnataka,Belgaum,Belgaum Apmc Market,2026-03-16,1.8,0,1.6,25.06,34.1,18.0,53.71,7
Karnataka,Belgaum,Belgaum Apmc Market,2026-03-23,0.8,0,0.4,26.93,34.9,20.5,52.71,7
Karnataka,Belgaum,Belgaum Apmc Market,2026-03-30,1.8,0,0.7,26.1,34.6,20.1,62.57,7
Karnataka,Belgaum,Belgaum Apmc Market,2026-04-06,0.0,0,0.0,26.74,38.6,17.2,54.14,7
Karnataka,Belgaum,Belgaum Apmc Market,2026-04-13,1.1,0,1.0,28.36,38.0,21.0,58.71,7
Karnataka,Belgaum,Belgaum Apmc Market,2026-04-20,6.2,1,4.6,28.37,36.7,21.6,56.29,7
Karnataka,Belgaum,Belgaum Apmc Market,2026-04-27,3.1,0,1.6,26.76,36.1,20.6,71.43,7
Karnataka,Belgaum,Belgaum Apmc Market,2026-05-04,0.5,0,0.3,27.8,36.8,20.1,57.14,7
Karnataka,Belgaum,Belgaum Apmc Market,2026-05-11,8.8,1,5.4,27.79,36.6,22.1,68.0,7
Karnataka,Belgaum,Belgaum Apmc Market,2026-05-18,16.0,4,6.1,25.57,34.8,21.5,80.43,7
Karnataka,Belgaum,Belgaum Apmc Market,2026-05-25,14.7,3,4.8,26.31,33.3,22.2,78.71,7
Karnataka,Belgaum,Belgaum Apmc Market,2026-06-01,36.7,4,10.7,24.71,33.0,21.2,82.29,7
Karnataka,Belgaum,Belgaum Apmc Market,2026-06-08,24.3,5,6.6,24.64,31.7,21.2,82.57,7
Karnataka,Belgaum,Belgaum Apmc Market,2026-06-15,15.4,1,8.3,25.07,32.0,20.7,76.86,7
Karnataka,Belgaum,Belgaum Apmc Market,2026-06-22,46.0,5,16.3,23.1,27.8,20.1,87.57,7
Karnataka,Belgaum,Belgaum Apmc Market,2026-06-29,72.8,7,21.7,21.94,25.8,20.2,93.86,7
Karnataka,Belgaum,Belgaum Apmc Market,2026-07-06,51.1,3,16.9,22.97,28.0,20.6,89.29,7
Karnataka,Belgaum,Belgaum Apmc Market,2026-07-13,22.3,4,7.3,22.8,28.1,20.3,86.43,7
Karnataka,Belgaum,Belgaum Apmc Market,2026-07-20,40.6,5,10.8,22.24,26.8,20.4,91.14,7
Karnataka,Belgaum,Belgaum Apmc Market,2026-07-27,43.7,7,9.7,22.49,25.5,20.4,93.14,7
Karnataka,Belgaum,Belgaum Apmc Market,2026-08-03,28.4,6,5.6,22.64,26.8,20.7,90.14,7
Karnataka,Belgaum,Belgaum Apmc Market,2026-08-10,22.7,6,4.9,22.46,26.3,20.0,89.86,7
Karnataka,Belgaum,Belgaum Apmc Market,2026-08-17,21.2,4,7.1,22.54,26.9,20.5,89.14,7
Karnataka,Belgaum,Belgaum Apmc Market,2026-08-24,15.0,2,3.0,22.7,26.6,20.4,88.14,7
Karnataka,Belgaum,Belgaum Apmc Market,2026-08-31,13.6,4,2.7,22.69,27.1,20.4,87.57,7
Karnataka,Belgaum,Belgaum Apmc Market,2026-09-07,5.1,0,1.6,23.06,27.8,19.6,84.0,7
Karnataka,Belgaum,Belgaum Apmc Market,2026-09-14,10.2,1,3.8,23.4,29.1,19.6,85.14,7
Karnataka,Belgaum,Belgaum Apmc Market,2026-09-21,18.4,2,10.5,23.27,28.1,19.5,85.86,7
Karnataka,Belgaum,Belgaum Apmc Market,2026-09-28,17.9,1,14.5,24.5,30.2,19.7,76.2,5
Karnataka,Chitradurga,Chitradurga Apmc Market,2025-09-29,8.7,1,3.1,23.23,28.3,19.8,82.71,7
Karnataka,Chitradurga,Chitradurga Apmc Market,2025-10-06,29.4,3,11.0,23.26,29.0,19.0,78.57,7
Karnataka,Chitradurga,Chitradurga Apmc Market,2025-10-13,13.5,2,4.7,23.69,28.8,19.8,80.14,7
Karnataka,Chitradurga,Chitradurga Apmc Market,2025-10-20,54.5,5,28.7,22.9,28.8,18.8,85.86,7
Karnataka,Chitradurga,Chitradurga Apmc Market,2025-10-27,6.1,1,5.6,23.11,29.6,18.4,77.71,7
Karnataka,Chitradurga,Chitradurga Apmc Market,2025-11-03,3.2,0,1.2,22.83,28.3,17.3,72.57,7
Karnataka,Chitradurga,Chitradurga Apmc Market,2025-11-10,0.0,0,0.0,21.84,28.5,15.1,65.71,7
Karnataka,Chitradurga,Chitradurga Apmc Market,2025-11-17,1.6,0,0.9,22.16,28.5,15.0,73.14,7
Karnataka,Chitradurga,Chitradurga Apmc Market,2025-11-24,0.5,0,0.5,21.56,29.1,15.7,71.57,7
Karnataka,Chitradurga,Chitradurga Apmc Market,2025-12-01,3.4,1,3.3,22.27,27.5,17.2,76.0,7
Karnataka,Chitradurga,Chitradurga Apmc Market,2025-12-08,0.0,0,0.0,19.96,27.4,12.8,62.57,7
Karnataka,Chitradurga,Chitradurga Apmc Market,2025-12-15,0.0,0,0.0,19.91,29.6,12.9,62.14,7
Karnataka,Chitradurga,Chitradurga Apmc Market,2025-12-22,0.0,0,0.0,19.46,26.4,13.4,67.57,7
Karnataka,Chitradurga,Chitradurga Apmc Market,2025-12-29,1.2,0,1.2,21.34,27.9,13.9,67.29,7
Karnataka,Chitradurga,Chitradurga Apmc Market,2026-01-05,0.1,0,0.1,19.67,25.8,14.5,64.14,7
Karnataka,Chitradurga,Chitradurga Apmc Market,2026-01-12,0.1,0,0.1,22.01,29.2,14.7,60.71,7
Karnataka,Chitradurga,Chitradurga Apmc Market,2026-01-19,0.0,0,0.0,20.86,29.4,14.0,52.57,7
Karnataka,Chitradurga,Chitradurga Apmc Market,2026-01-26,0.0,0,0.0,22.46,29.2,15.2,56.14,7
Karnataka,Chitradurga,Chitradurga Apmc Market,2026-02-02,0.0,0,0.0,22.01,29.0,15.6,50.57,7
Karnataka,Chitradurga,Chitradurga Apmc Market,2026-02-09,0.0,0,0.0,22.34,30.0,13.8,42.29,7
Karnataka,Chitradurga,Chitradurga Apmc Market,2026-02-16,0.0,0,0.0,24.21,31.6,16.8,45.14,7
Karnataka,Chitradurga,Chitradurga Apmc Market,2026-02-23,0.1,0,0.1,25.64,32.9,18.7,47.86,7
Karnataka,Chitradurga,Chitradurga Apmc Market,2026-03-02,0.0,0,0.0,26.24,33.5,18.3,41.14,7
Karnataka,Chitradurga,Chitradurga Apmc Market,2026-03-09,0.0,0,0.0,26.44,34.3,18.6,40.14,7
Karnataka,Chitradurga,Chitradurga Apmc Market,2026-03-16,6.3,1,5.9,25.54,33.6,18.5,51.14,7
Karnataka,Chitradurga,Chitradurga Apmc Market,2026-03-23,5.2,1,4.5,27.24,35.1,20.1,50.57,7
Karnataka,Chitradurga,Chitradurga Apmc Market,2026-03-30,2.3,0,2.2,26.96,35.0,20.2,57.29,7
Karnataka,Chitradurga,Chitradurga Apmc Market,2026-04-06,0.1,0,0.1,27.5,36.0,18.4,53.71,7
Karnataka,Chitradurga,Chitradurga Apmc Market,2026-04-13,1.6,0,1.3,29.26,37.4,21.7,52.86,7
Karnataka,Chitradurga,Chitradurga Apmc Market,2026-04-20,0.0,0,0.0,29.76,37.9,21.9,48.43,7
Karnataka,Chitradurga,Chitradurga Apmc Market,2026-04-27,1.5,0,1.4,28.44,35.4,21.6,60.43,7
Karnataka,Chitradurga,Chitradurga Apmc Market,2026-05-04,11.6,1,11.1,28.23,35.1,21.0,54.14,7
Karnataka,Chitradurga,Chitradurga Apmc Market,2026-05-11,5.8,1,2.7,28.21,35.3,22.0,63.0,7
Karnataka,Chitradurga,Chitradurga Apmc Market,2026-05-18,6.9,0,1.8,26.3,33.7,22.1,74.14,7
Karnataka,Chitradurga,Chitradurga Apmc Market,2026-05-25,18.3,1,12.2,26.91,33.3,22.2,71.71,7
Karnataka,Chitradurga,Chitradurga Apmc Market,2026-06-01,36.0,4,10.9,25.04,33.1,21.3,78.14,7
Karnataka,Chitradurga,Chitradurga Apmc Market,2026-06-08,15.3,1,6.4,25.01,31.9,21.0,78.0,7
Karnataka,Chitradurga,Chitradurga Apmc Market,2026-06-15,14.0,2,7.8,25.99,32.2,21.1,70.86,7
Karnataka,Chitradurga,Chitradurga Apmc Market,2026-06-22,30.3,4,12.0,24.6,31.2,21.1,77.14,7
Karnataka,Chitradurga,Chitradurga Apmc Market,2026-06-29,38.4,6,11.5,23.34,29.0,20.4,84.14,7
Karnataka,Chitradurga,Chitradurga Apmc Market,2026-07-06,21.0,5,5.9,24.47,31.0,20.7,78.57,7
Karnataka,Chitradurga,Chitradurga Apmc Market,2026-07-13,17.2,2,8.6,24.23,30.8,19.9,77.29,7
Karnataka,Chitradurga,Chitradurga Apmc Market,2026-07-20,29.5,5,8.9,23.73,28.9,21.0,81.71,7
Karnataka,Chitradurga,Chitradurga Apmc Market,2026-07-27,28.7,6,5.1,23.86,29.5,21.5,83.71,7
Karnataka,Chitradurga,Chitradurga Apmc Market,2026-08-03,39.2,7,12.4,23.51,29.1,21.0,84.71,7
Karnataka,Chitradurga,Chitradurga Apmc Market,2026-08-10,21.2,3,7.6,24.09,29.2,21.0,80.14,7
Karnataka,Chitradurga,Chitradurga Apmc Market,2026-08-17,18.0,3,5.4,23.96,29.4,20.7,79.57,7
Karnataka,Chitradurga,Chitradurga Apmc Market,2026-08-24,24.3,5,6.1,23.76,29.3,20.9,81.14,7
Karnataka,Chitradurga,Chitradurga Apmc Market,2026-08-31,14.1,3,4.5,24.2,30.1,20.5,78.14,7
Karnataka,Chitradurga,Chitradurga Apmc Market,2026-09-07,7.3,1,4.0,25.13,30.9,20.4,71.43,7
Karnataka,Chitradurga,Chitradurga Apmc Market,2026-09-14,5.3,0,2.0,25.71,32.5,19.8,69.29,7
Karnataka,Chitradurga,Chitradurga Apmc Market,2026-09-21,21.8,4,5.9,24.0,31.2,19.6,80.14,7
Karnataka,Chitradurga,Chitradurga Apmc Market,2026-09-28,22.2,3,13.8,24.8,31.4,20.3,75.6,5
Karnataka,Davangere,Davangere Apmc Market,2025-09-29,14.3,3,5.3,24.06,29.0,20.6,83.14,7
Karnataka,Davangere,Davangere Apmc Market,2025-10-06,27.7,4,10.0,24.39,30.2,19.9,78.29,7
Karnataka,Davangere,Davangere Apmc Market,2025-10-13,21.9,2,13.2,24.96,29.9,19.2,76.86,7
Karnataka,Davangere,Davangere Apmc Market,2025-10-20,50.0,5,25.4,24.03,29.6,20.4,84.14,7
Karnataka,Davangere,Davangere Apmc Market,2025-10-27,5.4,1,3.9,24.34,31.2,19.9,77.29,7
Karnataka,Davangere,Davangere Apmc Market,2025-11-03,5.3,0,2.4,24.97,31.5,17.7,65.43,7
Karnataka,Davangere,Davangere Apmc Market,2025-11-10,0.0,0,0.0,24.46,32.4,16.5,54.29,7
Karnataka,Davangere,Davangere Apmc Market,2025-11-17,2.6,0,1.4,24.74,30.9,17.7,61.71,7
Karnataka,Davangere,Davangere Apmc Market,2025-11-24,0.0,0,0.0,23.94,31.2,17.3,62.0,7
Karnataka,Davangere,Davangere Apmc Market,2025-12-01,3.8,1,3.5,24.8,31.7,18.8,65.57,7
Karnataka,Davangere,Davangere Apmc Market,2025-12-08,0.0,0,0.0,22.66,30.3,15.6,51.57,7
Karnataka,Davangere,Davangere Apmc Market,2025-12-15,0.0,0,0.0,22.41,32.0,15.4,52.14,7
Karnataka,Davangere,Davangere Apmc Market,2025-12-22,0.0,0,0.0,22.07,28.4,16.5,57.43,7
Karnataka,Davangere,Davangere Apmc Market,2025-12-29,0.4,0,0.4,23.71,30.7,16.8,58.0,7
Karnataka,Davangere,Davangere Apmc Market,2026-01-05,0.1,0,0.1,21.89,28.2,16.0,55.14,7
Karnataka,Davangere,Davangere Apmc Market,2026-01-12,0.7,0,0.7,24.37,31.7,17.0,53.14,7
Karnataka,Davangere,Davangere Apmc Market,2026-01-19,0.0,0,0.0,23.01,30.7,15.8,47.43,7
Karnataka,Davangere,Davangere Apmc Market,2026-01-26,0.1,0,0.1,24.59,31.7,17.9,49.29,7
Karnataka,Davangere,Davangere Apmc Market,2026-02-02,0.0,0,0.0,24.27,30.9,17.3,44.71,7
Karnataka,Davangere,Davangere Apmc Market,2026-02-09,0.0,0,0.0,24.31,31.9,16.2,37.86,7
Karnataka,Davangere,Davangere Apmc Market,2026-02-16,0.0,0,0.0,26.23,33.6,19.3,40.43,7
Karnataka,Davangere,Davangere Apmc Market,2026-02-23,0.7,0,0.7,26.89,33.4,20.2,49.0,7
Karnataka,Davangere,Davangere Apmc Market,2026-03-02,0.0,0,0.0,27.27,35.5,18.9,46.43,7
Karnataka,Davangere,Davangere Apmc Market,2026-03-09,0.0,0,0.0,27.83,35.9,20.0,42.14,7
Karnataka,Davangere,Davangere Apmc Market,2026-03-16,4.5,1,3.8,26.81,34.9,19.3,51.0,7
Karnataka,Davangere,Davangere Apmc Market,2026-03-23,12.5,1,10.5,28.16,36.6,21.4,54.29,7
Karnataka,Davangere,Davangere Apmc Market,2026-03-30,1.4,0,1.3,27.96,35.4,21.9,59.14,7
Karnataka,Davangere,Davangere Apmc Market,2026-04-06,0.0,0,0.0,28.33,37.0,18.4,56.57,7
Karnataka,Davangere,Davangere Apmc Market,2026-04-13,0.0,0,0.0,29.81,37.2,23.4,57.86,7
Karnataka,Davangere,Davangere Apmc Market,2026-04-20,0.0,0,0.0,29.93,37.5,23.6,55.57,7
Karnataka,Davangere,Davangere Apmc Market,2026-04-27,0.7,0,0.5,28.97,36.5,22.5,63.29,7
Karnataka,Davangere,Davangere Apmc Market,2026-05-04,0.6,0,0.4,29.31,36.6,22.8,55.43,7
Karnataka,Davangere,Davangere Apmc Market,2026-05-11,7.6,1,2.7,28.67,36.4,23.0,68.43,7
Karnataka,Davangere,Davangere Apmc Market,2026-05-18,8.1,1,3.7,26.99,33.4,23.1,75.71,7
Karnataka,Davangere,Davangere Apmc Market,2026-05-25,6.6,1,2.6,27.79,34.6,23.3,72.57,7
Karnataka,Davangere,Davangere Apmc Market,2026-06-01,70.8,4,33.9,25.86,34.7,21.9,79.0,7
Karnataka,Davangere,Davangere Apmc Market,2026-06-08,27.8,5,8.1,25.93,32.7,22.2,78.43,7
Karnataka,Davangere,Davangere Apmc Market,2026-06-15,9.3,2,4.4,27.14,33.5,22.5,69.71,7
Karnataka,Davangere,Davangere Apmc Market,2026-06-22,47.0,4,27.6,25.66,31.4,22.4,76.29,7
Karnataka,Davangere,Davangere Apmc Market,2026-06-29,50.3,6,15.8,24.41,30.1,21.9,82.57,7
Karnataka,Davangere,Davangere Apmc Market,2026-07-06,23.0,5,7.0,25.49,31.6,21.8,77.71,7
Karnataka,Davangere,Davangere Apmc Market,2026-07-13,23.7,3,11.3,25.43,32.1,21.4,75.57,7
Karnataka,Davangere,Davangere Apmc Market,2026-07-20,29.2,5,7.9,24.83,29.2,22.2,80.14,7
Karnataka,Davangere,Davangere Apmc Market,2026-07-27,43.8,7,8.2,25.0,30.0,22.5,81.57,7
Karnataka,Davangere,Davangere Apmc Market,2026-08-03,56.8,7,29.1,24.6,29.8,22.2,82.71,7
Karnataka,Davangere,Davangere Apmc Market,2026-08-10,27.0,4,12.6,25.13,30.0,21.8,78.86,7
Karnataka,Davangere,Davangere Apmc Market,2026-08-17,20.5,4,4.6,25.0,29.8,21.9,78.43,7
Karnataka,Davangere,Davangere Apmc Market,2026-08-24,26.5,4,6.4,25.0,30.1,22.3,78.86,7
Karnataka,Davangere,Davangere Apmc Market,2026-08-31,18.8,3,4.7,25.5,32.3,21.6,75.71,7
Karnataka,Davangere,Davangere Apmc Market,2026-09-07,9.4,2,3.0,26.51,32.9,21.9,69.14,7
Karnataka,Davangere,Davangere Apmc Market,2026-09-14,7.9,1,2.7,26.96,34.2,21.7,68.0,7
Karnataka,Davangere,Davangere Apmc Market,2026-09-21,34.2,4,10.5,25.37,31.7,20.8,77.14,7
Karnataka,Davangere,Davangere Apmc Market,2026-09-28,14.2,2,6.7,25.86,31.4,20.7,75.0,5
Karnataka,Hubli,Hubli Apmc Market,2025-09-29,43.0,4,27.4,23.33,28.5,20.5,86.29,7
Karnataka,Hubli,Hubli Apmc Market,2025-10-06,9.8,1,7.3,24.36,30.4,19.8,77.0,7
Karnataka,Hubli,Hubli Apmc Market,2025-10-13,18.9,2,8.9,25.0,30.8,20.3,73.86,7
Karnataka,Hubli,Hubli Apmc Market,2025-10-20,51.4,5,18.8,23.73,29.1,20.5,84.86,7
Karnataka,Hubli,Hubli Apmc Market,2025-10-27,13.9,1,9.1,23.31,28.7,20.5,85.43,7
Karnataka,Hubli,Hubli Apmc Market,2025-11-03,3.2,0,1.4,23.64,29.4,17.9,73.57,7
Karnataka,Hubli,Hubli Apmc Market,2025-11-10,0.0,0,0.0,22.54,29.9,15.8,58.71,7
Karnataka,Hubli,Hubli Apmc Market,2025-11-17,0.0,0,0.0,23.64,30.4,15.8,61.0,7
Karnataka,Hubli,Hubli Apmc Market,2025-11-24,0.0,0,0.0,22.69,29.8,16.4,65.86,7
Karnataka,Hubli,Hubli Apmc Market,2025-12-01,2.1,0,1.3,23.21,28.8,17.0,70.71,7
Karnataka,Hubli,Hubli Apmc Market,2025-12-08,0.0,0,0.0,20.81,27.8,13.6,52.57,7
Karnataka,Hubli,Hubli Apmc Market,2025-12-15,0.0,0,0.0,20.99,28.1,14.2,53.86,7
Karnataka,Hubli,Hubli Apmc Market,2025-12-22,0.0,0,0.0,20.76,26.8,14.7,59.71,7
Karnataka,Hubli,Hubli Apmc Market,2025-12-29,0.2,0,0.2,22.33,29.4,15.1,60.71,7
Karnataka,Hubli,Hubli Apmc Market,2026-01-05,0.0,0,0.0,21.03,27.3,15.4,53.71,7
Karnataka,Hubli,Hubli Apmc Market,2026-01-12,1.1,0,0.8,23.53,30.2,16.3,58.43,7
Karnataka,Hubli,Hubli Apmc Market,2026-01-19,0.0,0,0.0,22.06,29.7,15.6,52.14,7
Karnataka,Hubli,Hubli Apmc Market,2026-01-26,0.2,0,0.2,24.09,30.2,17.2,52.57,7
Karnataka,Hubli,Hubli Apmc Market,2026-02-02,0.1,0,0.1,23.9,30.7,17.9,46.14,7
Karnataka,Hubli,Hubli Apmc Market,2026-02-09,0.0,0,0.0,24.13,31.6,17.2,37.86,7
Karnataka,Hubli,Hubli Apmc Market,2026-02-16,0.0,0,0.0,25.96,33.3,18.6,42.29,7
Karnataka,Hubli,Hubli Apmc Market,2026-02-23,0.8,0,0.7,26.13,33.4,18.9,48.86,7
Karnataka,Hubli,Hubli Apmc Market,2026-03-02,0.0,0,0.0,27.44,35.4,19.5,45.29,7
Karnataka,Hubli,Hubli Apmc Market,2026-03-09,0.2,0,0.2,27.96,36.5,20.4,42.57,7
Karnataka,Hubli,Hubli Apmc Market,2026-03-16,1.7,0,1.7,26.3,35.1,18.9,52.29,7
Karnataka,Hubli,Hubli Apmc Market,2026-03-23,9.8,2,5.4,27.84,36.3,22.0,54.0,7
Karnataka,Hubli,Hubli Apmc Market,2026-03-30,0.5,0,0.2,27.89,35.4,21.3,57.14,7
Karnataka,Hubli,Hubli Apmc Market,2026-04-06,0.1,0,0.1,28.59,38.5,18.7,51.57,7
Karnataka,Hubli,Hubli Apmc Market,2026-04-13,0.5,0,0.4,30.04,39.3,23.3,56.57,7
Karnataka,Hubli,Hubli Apmc Market,2026-04-20,2.3,0,1.7,29.79,38.6,22.9,54.14,7
Karnataka,Hubli,Hubli Apmc Market,2026-04-27,10.2,1,8.8,28.24,37.4,21.7,68.43,7
Karnataka,Hubli,Hubli Apmc Market,2026-05-04,0.1,0,0.1,29.33,36.9,21.3,54.0,7
Karnataka,Hubli,Hubli Apmc Market,2026-05-11,8.7,1,3.2,28.86,36.9,23.6,67.14,7
Karnataka,Hubli,Hubli Apmc Market,2026-05-18,13.8,2,6.0,26.43,33.7,22.3,79.86,7
Karnataka,Hubli,Hubli Apmc Market,2026-05-25,12.8,2,5.3,27.73,35.2,23.2,74.29,7
Karnataka,Hubli,Hubli Apmc Market,2026-06-01,42.1,5,16.3,25.84,34.6,21.9,79.14,7
Karnataka,Hubli,Hubli Apmc Market,2026-06-08,32.5,4,11.3,25.43,32.6,21.9,81.86,7
Karnataka,Hubli,Hubli Apmc Market,2026-06-15,11.9,2,4.7,26.63,33.9,22.1,71.43,7
Karnataka,Hubli,Hubli Apmc Market,2026-06-22,41.0,5,18.5,24.34,30.7,21.3,83.86,7
Karnataka,Hubli,Hubli Apmc Market,2026-06-29,87.8,7,23.1,23.07,27.9,21.3,90.86,7
Karnataka,Hubli,Hubli Apmc Market,2026-07-06,39.2,3,19.4,24.23,30.0,21.2,85.0,7
Karnataka,Hubli,Hubli Apmc Market,2026-07-13,21.4,4,6.5,24.43,30.5,21.1,81.14,7
Karnataka,Hubli,Hubli Apmc Market,2026-07-20,26.4,7,6.1,23.64,28.7,21.2,87.0,7
Karnataka,Hubli,Hubli Apmc Market,2026-07-27,35.9,7,8.6,23.83,27.7,21.6,88.71,7
Karnataka,Hubli,Hubli Apmc Market,2026-08-03,29.9,5,10.9,24.01,29.4,22.0,85.86,7
Karnataka,Hubli,Hubli Apmc Market,2026-08-10,20.5,4,4.5,24.16,29.0,21.6,83.71,7
Karnataka,Hubli,Hubli Apmc Market,2026-08-17,16.4,3,4.8,24.26,29.1,21.3,82.57,7
Karnataka,Hubli,Hubli Apmc Market,2026-08-24,16.4,2,4.7,24.29,29.2,21.7,82.43,7
Karnataka,Hubli,Hubli Apmc Market,2026-08-31,11.3,1,2.5,24.4,29.9,21.1,81.0,7
Karnataka,Hubli,Hubli Apmc Market,2026-09-07,6.7,0,1.6,25.21,31.0,21.1,75.43,7
Karnataka,Hubli,Hubli Apmc Market,2026-09-14,11.4,1,5.2,26.03,33.1,20.5,72.71,7
Karnataka,Hubli,Hubli Apmc Market,2026-09-21,23.6,3,13.4,25.19,32.5,20.9,78.71,7
Karnataka,Hubli,Hubli Apmc Market,2026-09-28,21.9,2,14.6,25.98,32.7,20.7,72.8,5
Madhya Pradesh,Bhopal,Bhopal Apmc Market,2025-09-29,12.8,2,5.3,25.84,30.3,22.7,81.29,7
Madhya Pradesh,Bhopal,Bhopal Apmc Market,2025-10-06,0.8,0,0.6,24.67,30.5,18.8,59.29,7
Madhya Pradesh,Bhopal,Bhopal Apmc Market,2025-10-13,1.7,0,1.3,25.51,31.1,19.2,59.71,7
Madhya Pradesh,Bhopal,Bhopal Apmc Market,2025-10-20,13.2,2,7.6,25.06,31.6,19.9,69.0,7
Madhya Pradesh,Bhopal,Bhopal Apmc Market,2025-10-27,4.6,0,1.3,23.76,29.2,20.0,83.14,7
Madhya Pradesh,Bhopal,Bhopal Apmc Market,2025-11-03,0.9,0,0.9,22.04,29.3,14.1,61.86,7
Madhya Pradesh,Bhopal,Bhopal Apmc Market,2025-11-10,0.0,0,0.0,19.49,27.0,12.7,49.86,7
Madhya Pradesh,Bhopal,Bhopal Apmc Market,2025-11-17,0.0,0,0.0,19.44,27.2,12.1,59.57,7
Madhya Pradesh,Bhopal,Bhopal Apmc Market,2025-11-24,1.5,0,1.5,20.11,27.1,13.4,60.43,7
Madhya Pradesh,Bhopal,Bhopal Apmc Market,2025-12-01,0.0,0,0.0,18.33,25.5,11.4,60.43,7
Madhya Pradesh,Bhopal,Bhopal Apmc Market,2025-12-08,0.0,0,0.0,18.54,26.8,11.0,52.43,7
Madhya Pradesh,Bhopal,Bhopal Apmc Market,2025-12-15,0.0,0,0.0,17.57,27.5,9.8,60.57,7
Madhya Pradesh,Bhopal,Bhopal Apmc Market,2025-12-22,0.0,0,0.0,17.36,25.8,9.4,62.43,7
Madhya Pradesh,Bhopal,Bhopal Apmc Market,2025-12-29,0.1,0,0.1,17.3,25.6,10.2,67.57,7
Madhya Pradesh,Bhopal,Bhopal Apmc Market,2026-01-05,0.0,0,0.0,16.54,25.3,8.4,63.0,7
Madhya Pradesh,Bhopal,Bhopal Apmc Market,2026-01-12,0.2,0,0.2,18.39,28.2,10.6,60.86,7
Madhya Pradesh,Bhopal,Bhopal Apmc Market,2026-01-19,0.9,0,0.5,19.77,27.5,13.2,59.57,7
Madhya Pradesh,Bhopal,Bhopal Apmc Market,2026-01-26,1.3,0,1.1,18.97,27.4,10.7,69.14,7
Madhya Pradesh,Bhopal,Bhopal Apmc Market,2026-02-02,1.6,0,0.7,19.79,27.1,13.5,67.57,7
Madhya Pradesh,Bhopal,Bhopal Apmc Market,2026-02-09,0.0,0,0.0,22.27,29.9,14.7,53.14,7
Madhya Pradesh,Bhopal,Bhopal Apmc Market,2026-02-16,1.9,0,1.2,22.1,31.3,15.8,52.29,7
Madhya Pradesh,Bhopal,Bhopal Apmc Market,2026-02-23,0.0,0,0.0,24.23,32.1,17.1,42.29,7
Madhya Pradesh,Bhopal,Bhopal Apmc Market,2026-03-02,0.0,0,0.0,27.01,35.1,18.5,30.86,7
Madhya Pradesh,Bhopal,Bhopal Apmc Market,2026-03-09,0.0,0,0.0,29.03,37.0,19.6,23.57,7
Madhya Pradesh,Bhopal,Bhopal Apmc Market,2026-03-16,3.4,1,3.2,26.11,34.7,16.9,33.14,7
Madhya Pradesh,Bhopal,Bhopal Apmc Market,2026-03-23,0.0,0,0.0,28.94,36.7,19.1,31.86,7
Madhya Pradesh,Bhopal,Bhopal Apmc Market,2026-03-30,5.0,0,2.3,28.89,37.0,20.8,37.43,7
Madhya Pradesh,Bhopal,Bhopal Apmc Market,2026-04-06,0.0,0,0.0,27.69,37.6,19.6,31.43,7
Madhya Pradesh,Bhopal,Bhopal Apmc Market,2026-04-13,0.0,0,0.0,32.66,41.3,23.2,21.86,7
Madhya Pradesh,Bhopal,Bhopal Apmc Market,2026-04-20,0.2,0,0.2,34.29,42.4,27.1,18.29,7
Madhya Pradesh,Bhopal,Bhopal Apmc Market,2026-04-27,1.0,0,1.0,33.96,43.0,25.5,24.29,7
Madhya Pradesh,Bhopal,Bhopal Apmc Market,2026-05-04,0.0,0,0.0,32.07,39.7,23.6,28.86,7
Madhya Pradesh,Bhopal,Bhopal Apmc Market,2026-05-11,0.0,0,0.0,35.64,42.2,26.7,23.57,7
Madhya Pradesh,Bhopal,Bhopal Apmc Market,2026-05-18,0.0,0,0.0,36.77,43.1,30.4,19.14,7
Madhya Pradesh,Bhopal,Bhopal Apmc Market,2026-05-25,1.6,0,1.3,35.19,42.4,24.5,29.0,7
Madhya Pradesh,Bhopal,Bhopal Apmc Market,2026-06-01,14.9,2,5.4,30.41,37.7,21.8,52.43,7
Madhya Pradesh,Bhopal,Bhopal Apmc Market,2026-06-08,17.8,3,7.2,31.9,39.5,25.1,52.14,7
Madhya Pradesh,Bhopal,Bhopal Apmc Market,2026-06-15,21.2,3,7.3,28.74,34.5,22.4,65.71,7
Madhya Pradesh,Bhopal,Bhopal Apmc Market,2026-06-22,65.0,6,20.4,27.56,34.6,22.2,78.0,7
Madhya Pradesh,Bhopal,Bhopal Apmc Market,2026-06-29,71.0,7,24.0,26.91,32.9,23.1,84.29,7
Madhya Pradesh,Bhopal,Bhopal Apmc Market,2026-07-06,51.3,4,15.2,27.24,31.5,23.0,79.29,7
Madhya Pradesh,Bhopal,Bhopal Apmc Market,2026-07-13,10.5,2,5.2,28.34,33.4,24.7,69.57,7
Madhya Pradesh,Bhopal,Bhopal Apmc Market,2026-07-20,117.3,4,48.1,25.66,30.0,23.3,85.86,7
Madhya Pradesh,Bhopal,Bhopal Apmc Market,2026-07-27,67.5,6,23.8,26.33,30.5,23.3,84.86,7
Madhya Pradesh,Bhopal,Bhopal Apmc Market,2026-08-03,72.1,6,42.0,26.03,30.3,23.2,84.71,7
Madhya Pradesh,Bhopal,Bhopal Apmc Market,2026-08-10,153.1,6,84.0,24.81,29.7,22.8,89.71,7
Madhya Pradesh,Bhopal,Bhopal Apmc Market,2026-08-17,29.2,3,13.7,25.41,29.7,22.9,84.71,7
Madhya Pradesh,Bhopal,Bhopal Apmc Market,2026-08-24,30.5,5,9.6,25.24,29.7,23.1,85.0,7
Madhya Pradesh,Bhopal,Bhopal Apmc Market,2026-08-31,42.2,4,24.6,24.49,27.9,21.6,84.29,7
Madhya Pradesh,Bhopal,Bhopal Apmc Market,2026-09-07,27.7,4,7.1,25.64,30.1,22.6,83.57,7
Madhya Pradesh,Bhopal,Bhopal Apmc Market,2026-09-14,53.1,7,11.6,25.39,30.4,20.8,85.0,7
Madhya Pradesh,Bhopal,Bhopal Apmc Market,2026-09-21,14.6,3,3.6,25.81,30.7,20.9,78.86,7
Madhya Pradesh,Bhopal,Bhopal Apmc Market,2026-09-28,0.8,0,0.8,27.16,33.4,21.6,59.4,5
Madhya Pradesh,Gwalior,Gwalior Apmc Market,2025-09-29,36.6,4,16.8,27.56,33.1,23.4,81.43,7
Madhya Pradesh,Gwalior,Gwalior Apmc Market,2025-10-06,10.4,1,9.2,24.83,30.4,18.9,69.86,7
Madhya Pradesh,Gwalior,Gwalior Apmc Market,2025-10-13,0.0,0,0.0,25.44,31.8,19.3,57.14,7
Madhya Pradesh,Gwalior,Gwalior Apmc Market,2025-10-20,0.5,0,0.4,25.51,30.8,20.3,67.71,7
Madhya Pradesh,Gwalior,Gwalior Apmc Market,2025-10-27,101.5,3,71.1,22.6,29.0,18.7,86.29,7
Madhya Pradesh,Gwalior,Gwalior Apmc Market,2025-11-03,1.9,0,1.9,21.24,29.7,14.1,63.43,7
Madhya Pradesh,Gwalior,Gwalior Apmc Market,2025-11-10,0.0,0,0.0,19.04,26.6,12.4,59.86,7
Madhya Pradesh,Gwalior,Gwalior Apmc Market,2025-11-17,0.0,0,0.0,18.69,25.5,12.3,69.43,7
Madhya Pradesh,Gwalior,Gwalior Apmc Market,2025-11-24,0.0,0,0.0,17.74,24.8,11.8,69.0,7
Madhya Pradesh,Gwalior,Gwalior Apmc Market,2025-12-01,0.0,0,0.0,17.43,25.7,9.3,68.14,7
Madhya Pradesh,Gwalior,Gwalior Apmc Market,2025-12-08,0.0,0,0.0,17.76,25.5,11.4,67.14,7
Madhya Pradesh,Gwalior,Gwalior Apmc Market,2025-12-15,0.0,0,0.0,16.19,24.2,9.1,79.0,7
Madhya Pradesh,Gwalior,Gwalior Apmc Market,2025-12-22,0.0,0,0.0,15.17,24.5,9.2,77.0,7
Madhya Pradesh,Gwalior,Gwalior Apmc Market,2025-12-29,0.8,0,0.6,13.73,22.0,8.2,86.57,7
Madhya Pradesh,Gwalior,Gwalior Apmc Market,2026-01-05,0.0,0,0.0,12.21,20.0,6.6,86.0,7
Madhya Pradesh,Gwalior,Gwalior Apmc Market,2026-01-12,0.2,0,0.2,14.94,23.6,7.8,75.14,7
Madhya Pradesh,Gwalior,Gwalior Apmc Market,2026-01-19,6.1,1,6.1,16.93,25.4,9.1,70.14,7
Madhya Pradesh,Gwalior,Gwalior Apmc Market,2026-01-26,23.3,1,21.2,15.69,23.7,8.9,83.0,7
Madhya Pradesh,Gwalior,Gwalior Apmc Market,2026-02-02,4.4,1,2.7,17.34,25.7,11.3,72.14,7
Madhya Pradesh,Gwalior,Gwalior Apmc Market,2026-02-09,0.0,0,0.0,20.59,29.8,12.2,56.43,7
Madhya Pradesh,Gwalior,Gwalior Apmc Market,2026-02-16,9.2,1,9.0,21.99,30.7,15.0,54.0,7
Madhya Pradesh,Gwalior,Gwalior Apmc Market,2026-02-23,0.0,0,0.0,24.54,32.8,17.1,39.29,7
Madhya Pradesh,Gwalior,Gwalior Apmc Market,2026-03-02,0.0,0,0.0,27.66,36.7,19.7,34.43,7
Madhya Pradesh,Gwalior,Gwalior Apmc Market,2026-03-09,1.2,0,1.2,28.84,37.5,20.5,31.86,7
Madhya Pradesh,Gwalior,Gwalior Apmc Market,2026-03-16,4.2,1,3.8,25.04,35.5,15.8,47.57,7
Madhya Pradesh,Gwalior,Gwalior Apmc Market,2026-03-23,0.1,0,0.1,27.74,38.0,18.1,41.14,7
Madhya Pradesh,Gwalior,Gwalior Apmc Market,2026-03-30,2.5,0,1.6,27.89,37.7,19.5,46.14,7
Madhya Pradesh,Gwalior,Gwalior Apmc Market,2026-04-06,9.2,1,9.2,26.07,36.4,18.2,42.43,7
Madhya Pradesh,Gwalior,Gwalior Apmc Market,2026-04-13,0.0,0,0.0,32.97,41.9,21.7,21.86,7
Madhya Pradesh,Gwalior,Gwalior Apmc Market,2026-04-20,0.0,0,0.0,34.86,43.4,26.9,18.29,7
Madhya Pradesh,Gwalior,Gwalior Apmc Market,2026-04-27,0.4,0,0.3,33.41,43.0,23.3,30.71,7
Madhya Pradesh,Gwalior,Gwalior Apmc Market,2026-05-04,9.8,1,8.2,28.37,36.5,21.3,53.86,7
Madhya Pradesh,Gwalior,Gwalior Apmc Market,2026-05-11,0.6,0,0.6,34.64,42.0,26.4,33.43,7
Madhya Pradesh,Gwalior,Gwalior Apmc Market,2026-05-18,0.0,0,0.0,37.51,44.5,30.8,20.43,7
Madhya Pradesh,Gwalior,Gwalior Apmc Market,2026-05-25,2.9,1,2.5,34.7,43.7,23.7,36.29,7
Madhya Pradesh,Gwalior,Gwalior Apmc Market,2026-06-01,2.5,0,0.9,31.67,39.5,23.7,49.71,7
Madhya Pradesh,Gwalior,Gwalior Apmc Market,2026-06-08,0.6,0,0.2,34.14,41.8,25.0,44.29,7
Madhya Pradesh,Gwalior,Gwalior Apmc Market,2026-06-15,0.7,0,0.3,33.83,39.2,27.7,43.29,7
Madhya Pradesh,Gwalior,Gwalior Apmc Market,2026-06-22,4.5,0,1.5,34.19,40.1,27.5,44.57,7
Madhya Pradesh,Gwalior,Gwalior Apmc Market,2026-06-29,46.1,5,15.5,31.27,39.1,25.6,69.14,7
Madhya Pradesh,Gwalior,Gwalior Apmc Market,2026-07-06,37.7,3,18.6,29.74,34.6,25.6,75.14,7
Madhya Pradesh,Gwalior,Gwalior Apmc Market,2026-07-13,7.7,1,4.9,31.36,37.2,27.7,64.71,7
Madhya Pradesh,Gwalior,Gwalior Apmc Market,2026-07-20,32.2,4,14.3,28.79,34.1,25.4,80.14,7
Madhya Pradesh,Gwalior,Gwalior Apmc Market,2026-07-27,41.6,3,17.4,29.66,33.7,26.5,78.71,7
Madhya Pradesh,Gwalior,Gwalior Apmc Market,2026-08-03,193.3,6,55.0,27.79,32.6,25.0,88.43,7
Madhya Pradesh,Gwalior,Gwalior Apmc Market,2026-08-10,51.9,5,16.1,28.57,33.2,25.5,86.71,7
Madhya Pradesh,Gwalior,Gwalior Apmc Market,2026-08-17,33.4,4,10.8,28.57,32.5,25.0,82.29,7
Madhya Pradesh,Gwalior,Gwalior Apmc Market,2026-08-24,79.1,5,32.9,27.7,32.2,24.9,84.29,7
Madhya Pradesh,Gwalior,Gwalior Apmc Market,2026-08-31,102.5,5,43.1,26.83,31.6,23.9,86.29,7
Madhya Pradesh,Gwalior,Gwalior Apmc Market,2026-09-07,47.4,5,24.2,28.06,32.6,24.4,78.0,7
Madhya Pradesh,Gwalior,Gwalior Apmc Market,2026-09-14,35.7,4,14.0,27.53,33.4,23.6,81.29,7
Madhya Pradesh,Gwalior,Gwalior Apmc Market,2026-09-21,5.3,1,3.9,27.13,34.0,21.0,74.57,7
Madhya Pradesh,Gwalior,Gwalior Apmc Market,2026-09-28,2.3,0,2.2,27.52,33.9,22.4,67.0,5
Madhya Pradesh,Indore,Indore Apmc Market,2025-09-29,14.5,2,5.4,25.06,30.2,21.1,80.86,7
Madhya Pradesh,Indore,Indore Apmc Market,2025-10-06,0.7,0,0.5,24.63,30.5,18.6,54.14,7
Madhya Pradesh,Indore,Indore Apmc Market,2025-10-13,2.6,0,1.5,25.84,31.0,19.5,58.71,7
Madhya Pradesh,Indore,Indore Apmc Market,2025-10-20,12.7,2,9.4,25.56,31.5,20.8,64.29,7
Madhya Pradesh,Indore,Indore Apmc Market,2025-10-27,12.5,3,4.5,23.47,28.9,19.8,83.57,7
Madhya Pradesh,Indore,Indore Apmc Market,2025-11-03,0.7,0,0.6,21.86,29.3,13.1,59.57,7
Madhya Pradesh,Indore,Indore Apmc Market,2025-11-10,0.0,0,0.0,20.7,27.6,13.5,41.71,7
Madhya Pradesh,Indore,Indore Apmc Market,2025-11-17,0.0,0,0.0,20.73,28.7,12.9,50.0,7
Madhya Pradesh,Indore,Indore Apmc Market,2025-11-24,2.1,0,1.6,22.37,28.4,15.3,56.71,7
Madhya Pradesh,Indore,Indore Apmc Market,2025-12-01,0.0,0,0.0,19.8,27.5,12.1,51.86,7
Madhya Pradesh,Indore,Indore Apmc Market,2025-12-08,0.0,0,0.0,20.04,27.9,13.2,43.14,7
Madhya Pradesh,Indore,Indore Apmc Market,2025-12-15,0.0,0,0.0,19.6,28.0,11.9,47.0,7
Madhya Pradesh,Indore,Indore Apmc Market,2025-12-22,0.0,0,0.0,19.17,27.0,11.3,50.0,7
Madhya Pradesh,Indore,Indore Apmc Market,2025-12-29,0.0,0,0.0,18.77,26.0,12.3,60.86,7
Madhya Pradesh,Indore,Indore Apmc Market,2026-01-05,0.0,0,0.0,18.46,25.9,10.0,51.43,7
Madhya Pradesh,Indore,Indore Apmc Market,2026-01-12,0.0,0,0.0,20.16,28.5,12.5,48.57,7
Madhya Pradesh,Indore,Indore Apmc Market,2026-01-19,0.0,0,0.0,19.89,27.1,13.3,55.29,7
Madhya Pradesh,Indore,Indore Apmc Market,2026-01-26,1.8,0,1.5,20.11,28.2,11.5,61.0,7
Madhya Pradesh,Indore,Indore Apmc Market,2026-02-02,0.1,0,0.1,21.56,28.3,14.5,55.71,7
Madhya Pradesh,Indore,Indore Apmc Market,2026-02-09,0.0,0,0.0,23.83,30.9,17.3,43.57,7
Madhya Pradesh,Indore,Indore Apmc Market,2026-02-16,0.7,0,0.6,23.73,31.3,17.0,44.29,7
Madhya Pradesh,Indore,Indore Apmc Market,2026-02-23,0.0,0,0.0,24.7,32.4,18.3,39.43,7
Madhya Pradesh,Indore,Indore Apmc Market,2026-03-02,0.0,0,0.0,27.39,36.0,19.5,29.57,7
Madhya Pradesh,Indore,Indore Apmc Market,2026-03-09,0.0,0,0.0,29.13,36.9,21.6,20.71,7
Madhya Pradesh,Indore,Indore Apmc Market,2026-03-16,0.4,0,0.3,26.34,34.5,18.4,30.14,7
Madhya Pradesh,Indore,Indore Apmc Market,2026-03-23,0.0,0,0.0,29.04,36.5,21.7,30.57,7
Madhya Pradesh,Indore,Indore Apmc Market,2026-03-30,2.6,0,1.7,27.97,35.8,21.1,40.29,7
Madhya Pradesh,Indore,Indore Apmc Market,2026-04-06,1.6,0,1.4,27.81,37.9,20.4,32.29,7
Madhya Pradesh,Indore,Indore Apmc Market,2026-04-13,0.0,0,0.0,32.33,40.1,24.3,22.14,7
Madhya Pradesh,Indore,Indore Apmc Market,2026-04-20,0.2,0,0.2,33.56,42.0,26.5,19.86,7
Madhya Pradesh,Indore,Indore Apmc Market,2026-04-27,0.0,0,0.0,32.89,41.1,25.4,29.14,7
Madhya Pradesh,Indore,Indore Apmc Market,2026-05-04,0.0,0,0.0,32.69,41.2,24.5,26.57,7
Madhya Pradesh,Indore,Indore Apmc Market,2026-05-11,0.0,0,0.0,35.56,42.1,26.7,22.14,7
Madhya Pradesh,Indore,Indore Apmc Market,2026-05-18,0.0,0,0.0,34.96,42.3,27.7,27.14,7
Madhya Pradesh,Indore,Indore Apmc Market,2026-05-25,2.1,0,1.6,33.1,40.9,24.2,41.0,7
Madhya Pradesh,Indore,Indore Apmc Market,2026-06-01,16.2,2,6.9,30.13,36.8,21.7,56.14,7
Madhya Pradesh,Indore,Indore Apmc Market,2026-06-08,3.8,1,2.8,31.79,38.4,21.9,51.86,7
Madhya Pradesh,Indore,Indore Apmc Market,2026-06-15,7.3,0,2.4,30.24,36.4,25.5,53.71,7
Madhya Pradesh,Indore,Indore Apmc Market,2026-06-22,71.4,6,20.3,27.34,33.3,23.4,74.71,7
Madhya Pradesh,Indore,Indore Apmc Market,2026-06-29,93.4,7,24.0,26.07,31.8,23.1,86.14,7
Madhya Pradesh,Indore,Indore Apmc Market,2026-07-06,46.9,4,17.9,26.49,31.0,23.2,81.29,7
Madhya Pradesh,Indore,Indore Apmc Market,2026-07-13,9.4,1,6.4,27.7,32.7,23.8,70.0,7
Madhya Pradesh,Indore,Indore Apmc Market,2026-07-20,71.8,5,25.1,25.27,29.8,23.0,84.71,7
Madhya Pradesh,Indore,Indore Apmc Market,2026-07-27,120.3,6,36.6,25.5,30.2,23.3,87.86,7
Madhya Pradesh,Indore,Indore Apmc Market,2026-08-03,19.6,3,5.3,25.71,29.3,23.1,82.14,7
Madhya Pradesh,Indore,Indore Apmc Market,2026-08-10,136.6,6,59.2,24.6,29.5,22.2,87.43,7
Madhya Pradesh,Indore,Indore Apmc Market,2026-08-17,20.6,3,8.6,25.36,29.8,22.5,81.86,7
Madhya Pradesh,Indore,Indore Apmc Market,2026-08-24,47.7,3,26.5,25.07,29.2,22.3,82.71,7
Madhya Pradesh,Indore,Indore Apmc Market,2026-08-31,31.0,2,16.2,24.67,28.5,22.3,81.71,7
Madhya Pradesh,Indore,Indore Apmc Market,2026-09-07,38.7,4,16.8,25.09,30.0,21.8,83.0,7
Madhya Pradesh,Indore,Indore Apmc Market,2026-09-14,14.7,3,5.6,25.39,30.1,21.2,80.29,7
Madhya Pradesh,Indore,Indore Apmc Market,2026-09-21,1.2,0,0.5,27.17,32.6,21.4,66.43,7
Madhya Pradesh,Indore,Indore Apmc Market,2026-09-28,0.0,0,0.0,27.6,34.3,21.0,52.2,5
Madhya Pradesh,Jabalpur,Jabalpur Apmc Market,2025-09-29,38.2,6,9.6,25.73,30.6,22.4,87.0,7
Madhya Pradesh,Jabalpur,Jabalpur Apmc Market,2025-10-06,8.8,1,4.3,24.59,29.8,18.4,76.86,7
Madhya Pradesh,Jabalpur,Jabalpur Apmc Market,2025-10-13,1.8,0,1.6,24.57,30.4,18.4,70.0,7
Madhya Pradesh,Jabalpur,Jabalpur Apmc Market,2025-10-20,21.6,1,17.5,25.11,31.4,18.2,74.86,7
Madhya Pradesh,Jabalpur,Jabalpur Apmc Market,2025-10-27,37.0,2,21.4,24.11,30.1,20.1,86.14,7
Madhya Pradesh,Jabalpur,Jabalpur Apmc Market,2025-11-03,0.5,0,0.5,21.8,29.5,13.1,68.57,7
Madhya Pradesh,Jabalpur,Jabalpur Apmc Market,2025-11-10,0.0,0,0.0,18.16,26.3,10.8,58.57,7
Madhya Pradesh,Jabalpur,Jabalpur Apmc Market,2025-11-17,0.0,0,0.0,18.56,27.2,11.2,66.14,7
Madhya Pradesh,Jabalpur,Jabalpur Apmc Market,2025-11-24,0.0,0,0.0,18.8,27.1,10.4,63.43,7
Madhya Pradesh,Jabalpur,Jabalpur Apmc Market,2025-12-01,0.0,0,0.0,17.49,25.7,9.2,60.29,7
Madhya Pradesh,Jabalpur,Jabalpur Apmc Market,2025-12-08,0.0,0,0.0,17.16,26.3,8.9,58.0,7
Madhya Pradesh,Jabalpur,Jabalpur Apmc Market,2025-12-15,0.0,0,0.0,15.96,25.5,8.5,68.57,7
Madhya Pradesh,Jabalpur,Jabalpur Apmc Market,2025-12-22,0.0,0,0.0,15.71,24.4,8.2,69.86,7
Madhya Pradesh,Jabalpur,Jabalpur Apmc Market,2025-12-29,0.0,0,0.0,16.39,25.5,7.5,67.43,7
Madhya Pradesh,Jabalpur,Jabalpur Apmc Market,2026-01-05,0.0,0,0.0,15.8,25.2,7.4,60.0,7
Madhya Pradesh,Jabalpur,Jabalpur Apmc Market,2026-01-12,0.0,0,0.0,17.33,28.4,8.8,54.57,7
Madhya Pradesh,Jabalpur,Jabalpur Apmc Market,2026-01-19,0.0,0,0.0,20.14,28.5,12.1,53.14,7
Madhya Pradesh,Jabalpur,Jabalpur Apmc Market,2026-01-26,0.3,0,0.3,19.04,28.8,10.6,63.57,7
Madhya Pradesh,Jabalpur,Jabalpur Apmc Market,2026-02-02,0.1,0,0.1,19.17,27.1,11.4,64.57,7
Madhya Pradesh,Jabalpur,Jabalpur Apmc Market,2026-02-09,0.0,0,0.0,20.99,29.6,12.1,52.86,7
Madhya Pradesh,Jabalpur,Jabalpur Apmc Market,2026-02-16,0.0,0,0.0,22.29,30.7,13.8,45.86,7
Madhya Pradesh,Jabalpur,Jabalpur Apmc Market,2026-02-23,0.0,0,0.0,24.04,32.7,15.2,42.0,7
Madhya Pradesh,Jabalpur,Jabalpur Apmc Market,2026-03-02,0.0,0,0.0,25.71,35.0,17.6,39.86,7
Madhya Pradesh,Jabalpur,Jabalpur Apmc Market,2026-03-09,0.0,0,0.0,28.07,37.3,18.8,30.29,7
Madhya Pradesh,Jabalpur,Jabalpur Apmc Market,2026-03-16,7.6,1,7.6,26.33,35.4,16.9,34.43,7
Madhya Pradesh,Jabalpur,Jabalpur Apmc Market,2026-03-23,0.0,0,0.0,28.76,37.8,18.3,31.86,7
Madhya Pradesh,Jabalpur,Jabalpur Apmc Market,2026-03-30,0.3,0,0.2,29.63,38.5,20.6,37.43,7
Madhya Pradesh,Jabalpur,Jabalpur Apmc Market,2026-04-06,0.0,0,0.0,27.87,38.7,19.6,32.86,7
Madhya Pradesh,Jabalpur,Jabalpur Apmc Market,2026-04-13,0.0,0,0.0,32.67,42.4,22.5,22.14,7
Madhya Pradesh,Jabalpur,Jabalpur Apmc Market,2026-04-20,0.0,0,0.0,33.79,42.9,25.0,19.0,7
Madhya Pradesh,Jabalpur,Jabalpur Apmc Market,2026-04-27,1.5,0,1.4,32.77,43.5,22.8,29.71,7
Madhya Pradesh,Jabalpur,Jabalpur Apmc Market,2026-05-04,0.3,0,0.3,30.97,38.8,22.5,36.14,7
Madhya Pradesh,Jabalpur,Jabalpur Apmc Market,2026-05-11,0.0,0,0.0,34.66,42.2,25.0,32.29,7
Madhya Pradesh,Jabalpur,Jabalpur Apmc Market,2026-05-18,0.0,0,0.0,36.91,44.2,29.4,21.14,7
Madhya Pradesh,Jabalpur,Jabalpur Apmc Market,2026-05-25,4.7,1,3.9,35.49,44.0,24.6,28.57,7
Madhya Pradesh,Jabalpur,Jabalpur Apmc Market,2026-06-01,2.9,0,1.3,32.09,37.7,25.5,44.71,7
Madhya Pradesh,Jabalpur,Jabalpur Apmc Market,2026-06-08,18.2,1,13.2,32.6,39.6,23.6,48.57,7
Madhya Pradesh,Jabalpur,Jabalpur Apmc Market,2026-06-15,11.9,1,4.0,31.19,37.7,25.5,55.29,7
Madhya Pradesh,Jabalpur,Jabalpur Apmc Market,2026-06-22,22.0,5,6.9,29.94,36.4,24.6,66.43,7
Madhya Pradesh,Jabalpur,Jabalpur Apmc Market,2026-06-29,97.1,7,29.6,27.49,36.5,23.9,85.0,7
Madhya Pradesh,Jabalpur,Jabalpur Apmc Market,2026-07-06,75.3,5,18.7,26.96,31.7,23.3,83.0,7
Madhya Pradesh,Jabalpur,Jabalpur Apmc Market,2026-07-13,48.7,4,17.5,27.76,32.8,24.3,79.29,7
Madhya Pradesh,Jabalpur,Jabalpur Apmc Market,2026-07-20,111.4,5,40.8,26.41,32.0,23.1,86.43,7
Madhya Pradesh,Jabalpur,Jabalpur Apmc Market,2026-07-27,61.5,3,26.1,27.57,31.6,23.8,80.71,7
Madhya Pradesh,Jabalpur,Jabalpur Apmc Market,2026-08-03,85.4,6,33.7,26.67,31.8,22.9,86.29,7
Madhya Pradesh,Jabalpur,Jabalpur Apmc Market,2026-08-10,127.5,6,67.1,25.83,30.9,23.6,89.57,7
Madhya Pradesh,Jabalpur,Jabalpur Apmc Market,2026-08-17,156.7,7,37.7,25.13,29.4,22.9,93.0,7
Madhya Pradesh,Jabalpur,Jabalpur Apmc Market,2026-08-24,78.3,7,18.2,25.47,29.7,23.5,91.43,7
Madhya Pradesh,Jabalpur,Jabalpur Apmc Market,2026-08-31,99.9,6,37.0,24.46,29.6,21.9,90.14,7
Madhya Pradesh,Jabalpur,Jabalpur Apmc Market,2026-09-07,63.1,6,25.1,26.2,31.4,23.2,85.14,7
Madhya Pradesh,Jabalpur,Jabalpur Apmc Market,2026-09-14,30.1,4,13.1,26.29,30.9,23.0,85.0,7
Madhya Pradesh,Jabalpur,Jabalpur Apmc Market,2026-09-21,84.8,6,41.4,25.29,31.0,20.8,87.43,7
Madhya Pradesh,Jabalpur,Jabalpur Apmc Market,2026-09-28,0.1,0,0.1,26.24,32.0,21.4,72.6,5
Madhya Pradesh,Ujjain,Ujjain Apmc Market,2025-09-29,5.1,0,1.2,25.39,30.7,21.2,80.14,7
Madhya Pradesh,Ujjain,Ujjain Apmc Market,2025-10-06,0.6,0,0.5,23.87,29.7,16.8,58.86,7
Madhya Pradesh,Ujjain,Ujjain Apmc Market,2025-10-13,0.4,0,0.3,25.47,32.0,17.9,59.86,7
Madhya Pradesh,Ujjain,Ujjain Apmc Market,2025-10-20,13.3,1,9.4,25.36,31.4,20.2,65.43,7
Madhya Pradesh,Ujjain,Ujjain Apmc Market,2025-10-27,20.8,3,9.1,23.61,30.1,20.0,82.0,7
Madhya Pradesh,Ujjain,Ujjain Apmc Market,2025-11-03,1.1,0,1.1,21.27,29.1,11.3,62.86,7
Madhya Pradesh,Ujjain,Ujjain Apmc Market,2025-11-10,0.0,0,0.0,19.27,26.9,11.3,48.43,7
Madhya Pradesh,Ujjain,Ujjain Apmc Market,2025-11-17,0.0,0,0.0,19.14,27.5,11.3,58.57,7
Madhya Pradesh,Ujjain,Ujjain Apmc Market,2025-11-24,2.1,0,1.7,21.16,28.1,13.8,65.29,7
Madhya Pradesh,Ujjain,Ujjain Apmc Market,2025-12-01,0.0,0,0.0,18.17,25.5,11.1,62.14,7
Madhya Pradesh,Ujjain,Ujjain Apmc Market,2025-12-08,0.0,0,0.0,17.77,26.4,9.3,56.57,7
Madhya Pradesh,Ujjain,Ujjain Apmc Market,2025-12-15,0.0,0,0.0,17.44,26.3,8.9,61.86,7
Madhya Pradesh,Ujjain,Ujjain Apmc Market,2025-12-22,0.0,0,0.0,17.31,26.1,8.8,60.86,7
Madhya Pradesh,Ujjain,Ujjain Apmc Market,2025-12-29,0.0,0,0.0,17.33,24.8,10.5,68.71,7
Madhya Pradesh,Ujjain,Ujjain Apmc Market,2026-01-05,0.0,0,0.0,16.73,25.2,9.0,61.86,7
Madhya Pradesh,Ujjain,Ujjain Apmc Market,2026-01-12,0.0,0,0.0,18.16,27.3,10.4,61.43,7
Madhya Pradesh,Ujjain,Ujjain Apmc Market,2026-01-19,0.2,0,0.1,18.29,26.3,11.3,64.0,7
Madhya Pradesh,Ujjain,Ujjain Apmc Market,2026-01-26,1.9,0,1.7,18.84,26.5,11.1,70.0,7
Madhya Pradesh,Ujjain,Ujjain Apmc Market,2026-02-02,0.8,0,0.7,19.91,26.5,12.5,67.71,7
Madhya Pradesh,Ujjain,Ujjain Apmc Market,2026-02-09,0.0,0,0.0,21.89,29.0,14.5,55.43,7
Madhya Pradesh,Ujjain,Ujjain Apmc Market,2026-02-16,4.6,1,3.0,22.09,29.4,15.4,55.29,7
Madhya Pradesh,Ujjain,Ujjain Apmc Market,2026-02-23,0.0,0,0.0,22.9,30.5,14.9,49.14,7
Madhya Pradesh,Ujjain,Ujjain Apmc Market,2026-03-02,0.0,0,0.0,25.51,35.0,17.2,39.14,7
Madhya Pradesh,Ujjain,Ujjain Apmc Market,2026-03-09,0.0,0,0.0,27.66,35.8,17.9,26.29,7
Madhya Pradesh,Ujjain,Ujjain Apmc Market,2026-03-16,0.3,0,0.3,25.66,33.8,17.8,32.86,7
Madhya Pradesh,Ujjain,Ujjain Apmc Market,2026-03-23,0.0,0,0.0,28.44,36.4,19.9,33.14,7
Madhya Pradesh,Ujjain,Ujjain Apmc Market,2026-03-30,1.2,0,1.1,28.04,35.8,20.5,39.57,7
Madhya Pradesh,Ujjain,Ujjain Apmc Market,2026-04-06,2.2,0,2.2,27.57,37.6,19.3,32.29,7
Madhya Pradesh,Ujjain,Ujjain Apmc Market,2026-04-13,0.0,0,0.0,31.77,40.7,22.6,24.29,7
Madhya Pradesh,Ujjain,Ujjain Apmc Market,2026-04-20,0.0,0,0.0,33.29,41.7,25.6,20.71,7
Madhya Pradesh,Ujjain,Ujjain Apmc Market,2026-04-27,0.0,0,0.0,32.89,41.2,25.3,30.0,7
Madhya Pradesh,Ujjain,Ujjain Apmc Market,2026-05-04,0.0,0,0.0,32.37,40.7,23.6,28.0,7
Madhya Pradesh,Ujjain,Ujjain Apmc Market,2026-05-11,0.0,0,0.0,35.43,42.1,27.1,22.29,7
Madhya Pradesh,Ujjain,Ujjain Apmc Market,2026-05-18,0.0,0,0.0,35.06,42.6,27.7,26.86,7
Madhya Pradesh,Ujjain,Ujjain Apmc Market,2026-05-25,2.4,0,1.8,33.23,41.1,22.7,41.43,7
Madhya Pradesh,Ujjain,Ujjain Apmc Market,2026-06-01,17.4,2,9.4,30.33,36.5,22.6,56.43,7
Madhya Pradesh,Ujjain,Ujjain Apmc Market,2026-06-08,12.9,1,11.3,31.6,38.0,21.9,54.57,7
Madhya Pradesh,Ujjain,Ujjain Apmc Market,2026-06-15,10.1,1,3.1,30.26,36.0,25.7,54.86,7
Madhya Pradesh,Ujjain,Ujjain Apmc Market,2026-06-22,56.0,7,22.1,27.99,34.5,24.3,72.14,7
Madhya Pradesh,Ujjain,Ujjain Apmc Market,2026-06-29,78.6,7,23.8,26.97,32.8,23.3,82.43,7
Madhya Pradesh,Ujjain,Ujjain Apmc Market,2026-07-06,54.0,3,26.7,26.94,31.9,24.2,80.29,7
Madhya Pradesh,Ujjain,Ujjain Apmc Market,2026-07-13,11.0,1,7.3,27.71,32.4,24.1,72.0,7
Madhya Pradesh,Ujjain,Ujjain Apmc Market,2026-07-20,79.4,6,23.2,25.36,30.0,23.1,86.29,7
Madhya Pradesh,Ujjain,Ujjain Apmc Market,2026-07-27,88.2,7,24.8,26.16,31.1,23.3,86.14,7
Madhya Pradesh,Ujjain,Ujjain Apmc Market,2026-08-03,18.9,3,5.2,26.11,30.2,23.5,81.43,7
Madhya Pradesh,Ujjain,Ujjain Apmc Market,2026-08-10,149.9,6,53.3,24.99,29.5,22.4,87.0,7
Madhya Pradesh,Ujjain,Ujjain Apmc Market,2026-08-17,11.3,1,2.7,25.64,30.0,23.1,82.14,7
Madhya Pradesh,Ujjain,Ujjain Apmc Market,2026-08-24,78.4,3,61.2,25.33,29.9,22.7,82.29,7
Madhya Pradesh,Ujjain,Ujjain Apmc Market,2026-08-31,35.4,5,16.1,24.57,28.6,22.3,83.57,7
Madhya Pradesh,Ujjain,Ujjain Apmc Market,2026-09-07,59.6,4,35.6,25.36,30.4,21.8,83.43,7
Madhya Pradesh,Ujjain,Ujjain Apmc Market,2026-09-14,27.7,4,10.1,25.31,30.4,21.2,82.86,7
Madhya Pradesh,Ujjain,Ujjain Apmc Market,2026-09-21,1.0,0,0.3,26.5,31.7,21.8,73.0,7
Madhya Pradesh,Ujjain,Ujjain Apmc Market,2026-09-28,0.0,0,0.0,26.62,33.2,20.0,59.2,5
Maharashtra,Lasalgaon,Lasalgaon Apmc Market,2025-09-29,14.9,2,6.5,23.66,29.3,19.6,84.14,7
Maharashtra,Lasalgaon,Lasalgaon Apmc Market,2025-10-06,2.3,0,1.9,23.81,29.6,18.5,69.43,7
Maharashtra,Lasalgaon,Lasalgaon Apmc Market,2025-10-13,2.7,0,1.2,24.99,30.5,17.7,65.71,7
Maharashtra,Lasalgaon,Lasalgaon Apmc Market,2025-10-20,65.6,5,32.3,25.11,30.9,21.1,76.29,7
Maharashtra,Lasalgaon,Lasalgaon Apmc Market,2025-10-27,45.3,4,22.0,23.9,28.9,20.0,85.71,7
Maharashtra,Lasalgaon,Lasalgaon Apmc Market,2025-11-03,0.4,0,0.2,22.43,28.7,15.1,67.86,7
Maharashtra,Lasalgaon,Lasalgaon Apmc Market,2025-11-10,0.0,0,0.0,19.83,27.0,12.9,55.29,7
Maharashtra,Lasalgaon,Lasalgaon Apmc Market,2025-11-17,0.0,0,0.0,20.51,29.6,11.4,60.57,7
Maharashtra,Lasalgaon,Lasalgaon Apmc Market,2025-11-24,0.0,0,0.0,22.04,29.2,13.7,62.14,7
Maharashtra,Lasalgaon,Lasalgaon Apmc Market,2025-12-01,0.0,0,0.0,19.86,27.4,13.1,60.29,7
Maharashtra,Lasalgaon,Lasalgaon Apmc Market,2025-12-08,0.0,0,0.0,19.37,28.1,11.6,48.86,7
Maharashtra,Lasalgaon,Lasalgaon Apmc Market,2025-12-15,0.0,0,0.0,19.6,28.7,12.3,50.43,7
Maharashtra,Lasalgaon,Lasalgaon Apmc Market,2025-12-22,0.0,0,0.0,19.6,27.8,12.0,50.57,7
Maharashtra,Lasalgaon,Lasalgaon Apmc Market,2025-12-29,0.0,0,0.0,20.24,28.0,11.8,58.57,7
Maharashtra,Lasalgaon,Lasalgaon Apmc Market,2026-01-05,0.0,0,0.0,19.53,27.4,11.7,49.14,7
Maharashtra,Lasalgaon,Lasalgaon Apmc Market,2026-01-12,0.0,0,0.0,20.97,29.0,12.7,56.29,7
Maharashtra,Lasalgaon,Lasalgaon Apmc Market,2026-01-19,0.0,0,0.0,20.44,28.1,12.0,59.29,7
Maharashtra,Lasalgaon,Lasalgaon Apmc Market,2026-01-26,0.4,0,0.4,21.77,28.8,14.4,59.43,7
Maharashtra,Lasalgaon,Lasalgaon Apmc Market,2026-02-02,0.0,0,0.0,21.86,28.8,15.1,49.86,7
Maharashtra,Lasalgaon,Lasalgaon Apmc Market,2026-02-09,0.0,0,0.0,23.49,30.9,15.6,44.14,7
Maharashtra,Lasalgaon,Lasalgaon Apmc Market,2026-02-16,0.0,0,0.0,24.8,33.3,16.9,44.43,7
Maharashtra,Lasalgaon,Lasalgaon Apmc Market,2026-02-23,0.0,0,0.0,24.1,32.2,15.7,44.14,7
Maharashtra,Lasalgaon,Lasalgaon Apmc Market,2026-03-02,0.0,0,0.0,27.14,36.1,18.2,32.71,7
Maharashtra,Lasalgaon,Lasalgaon Apmc Market,2026-03-09,0.0,0,0.0,28.41,36.6,20.2,24.14,7
Maharashtra,Lasalgaon,Lasalgaon Apmc Market,2026-03-16,0.3,0,0.2,25.63,34.2,17.7,41.43,7
Maharashtra,Lasalgaon,Lasalgaon Apmc Market,2026-03-23,0.4,0,0.4,28.21,37.1,20.0,35.86,7
Maharashtra,Lasalgaon,Lasalgaon Apmc Market,2026-03-30,3.7,1,3.1,26.67,35.8,19.5,53.86,7
Maharashtra,Lasalgaon,Lasalgaon Apmc Market,2026-04-06,0.0,0,0.0,27.8,38.9,18.3,43.43,7
Maharashtra,Lasalgaon,Lasalgaon Apmc Market,2026-04-13,0.0,0,0.0,31.1,40.2,21.1,27.0,7
Maharashtra,Lasalgaon,Lasalgaon Apmc Market,2026-04-20,1.0,0,1.0,32.59,40.9,24.6,23.43,7
Maharashtra,Lasalgaon,Lasalgaon Apmc Market,2026-04-27,0.0,0,0.0,30.93,40.9,22.8,40.29,7
Maharashtra,Lasalgaon,Lasalgaon Apmc Market,2026-05-04,0.0,0,0.0,31.09,40.7,22.1,40.0,7
Maharashtra,Lasalgaon,Lasalgaon Apmc Market,2026-05-11,0.1,0,0.1,33.2,41.6,23.6,34.29,7
Maharashtra,Lasalgaon,Lasalgaon Apmc Market,2026-05-18,5.4,1,3.2,31.06,42.0,23.3,51.29,7
Maharashtra,Lasalgaon,Lasalgaon Apmc Market,2026-05-25,1.9,0,0.9,30.17,37.6,23.9,59.86,7
Maharashtra,Lasalgaon,Lasalgaon Apmc Market,2026-06-01,3.2,0,1.1,30.07,37.9,24.2,58.71,7
Maharashtra,Lasalgaon,Lasalgaon Apmc Market,2026-06-08,5.2,1,3.0,29.89,37.0,24.9,59.86,7
Maharashtra,Lasalgaon,Lasalgaon Apmc Market,2026-06-15,3.6,0,1.2,29.2,36.1,24.0,58.14,7
Maharashtra,Lasalgaon,Lasalgaon Apmc Market,2026-06-22,42.7,2,31.0,27.04,34.5,22.7,72.29,7
Maharashtra,Lasalgaon,Lasalgaon Apmc Market,2026-06-29,93.6,6,22.3,25.03,32.3,22.4,86.0,7
Maharashtra,Lasalgaon,Lasalgaon Apmc Market,2026-07-06,87.6,3,43.0,25.46,30.5,22.9,83.57,7
Maharashtra,Lasalgaon,Lasalgaon Apmc Market,2026-07-13,27.2,3,16.4,25.34,30.7,22.5,80.86,7
Maharashtra,Lasalgaon,Lasalgaon Apmc Market,2026-07-20,114.3,7,46.3,23.99,28.3,21.9,89.0,7
Maharashtra,Lasalgaon,Lasalgaon Apmc Market,2026-07-27,98.3,6,59.1,24.51,29.0,22.5,87.86,7
Maharashtra,Lasalgaon,Lasalgaon Apmc Market,2026-08-03,19.9,3,7.2,24.93,29.3,21.9,82.86,7
Maharashtra,Lasalgaon,Lasalgaon Apmc Market,2026-08-10,15.6,2,6.3,24.49,28.7,22.0,82.86,7
Maharashtra,Lasalgaon,Lasalgaon Apmc Market,2026-08-17,14.1,4,3.3,24.47,28.8,21.8,83.57,7
Maharashtra,Lasalgaon,Lasalgaon Apmc Market,2026-08-24,9.6,1,2.8,24.51,29.0,21.7,81.57,7
Maharashtra,Lasalgaon,Lasalgaon Apmc Market,2026-08-31,11.2,1,2.6,24.37,28.9,20.8,81.86,7
Maharashtra,Lasalgaon,Lasalgaon Apmc Market,2026-09-07,40.3,4,19.6,24.07,30.0,21.1,84.0,7
Maharashtra,Lasalgaon,Lasalgaon Apmc Market,2026-09-14,12.0,2,3.7,24.77,30.2,21.2,81.71,7
Maharashtra,Lasalgaon,Lasalgaon Apmc Market,2026-09-21,6.7,1,3.9,25.87,32.5,21.3,77.29,7
Maharashtra,Lasalgaon,Lasalgaon Apmc Market,2026-09-28,3.0,1,2.7,26.36,32.8,20.5,65.0,5
Maharashtra,Nagpur,Nagpur Apmc Market,2025-09-29,37.0,4,13.7,26.93,32.2,23.0,80.57,7
Maharashtra,Nagpur,Nagpur Apmc Market,2025-10-06,11.1,1,7.0,26.94,32.5,22.3,66.86,7
Maharashtra,Nagpur,Nagpur Apmc Market,2025-10-13,2.2,0,1.0,27.9,32.8,22.0,61.57,7
Maharashtra,Nagpur,Nagpur Apmc Market,2025-10-20,14.4,2,7.6,27.17,33.2,21.7,69.71,7
Maharashtra,Nagpur,Nagpur Apmc Market,2025-10-27,38.3,2,23.1,25.93,30.8,22.3,82.14,7
Maharashtra,Nagpur,Nagpur Apmc Market,2025-11-03,0.7,0,0.4,24.81,30.8,16.6,63.43,7
Maharashtra,Nagpur,Nagpur Apmc Market,2025-11-10,0.0,0,0.0,21.91,28.7,15.4,47.0,7
Maharashtra,Nagpur,Nagpur Apmc Market,2025-11-17,0.0,0,0.0,22.09,30.1,15.3,53.29,7
Maharashtra,Nagpur,Nagpur Apmc Market,2025-11-24,0.0,0,0.0,22.96,29.9,15.5,55.29,7
Maharashtra,Nagpur,Nagpur Apmc Market,2025-12-01,0.0,0,0.0,21.17,28.2,14.4,49.57,7
Maharashtra,Nagpur,Nagpur Apmc Market,2025-12-08,0.0,0,0.0,21.07,29.7,14.1,41.29,7
Maharashtra,Nagpur,Nagpur Apmc Market,2025-12-15,0.0,0,0.0,20.5,29.0,13.1,48.86,7
Maharashtra,Nagpur,Nagpur Apmc Market,2025-12-22,0.0,0,0.0,20.71,28.1,14.3,49.0,7
Maharashtra,Nagpur,Nagpur Apmc Market,2025-12-29,0.0,0,0.0,21.29,28.7,12.7,49.0,7
Maharashtra,Nagpur,Nagpur Apmc Market,2026-01-05,0.0,0,0.0,20.26,27.2,12.8,42.86,7
Maharashtra,Nagpur,Nagpur Apmc Market,2026-01-12,0.0,0,0.0,22.03,30.2,14.4,42.14,7
Maharashtra,Nagpur,Nagpur Apmc Market,2026-01-19,0.0,0,0.0,23.37,29.9,16.8,39.71,7
Maharashtra,Nagpur,Nagpur Apmc Market,2026-01-26,0.3,0,0.3,23.56,30.1,16.5,46.86,7
Maharashtra,Nagpur,Nagpur Apmc Market,2026-02-02,0.0,0,0.0,23.97,30.7,17.4,41.86,7
Maharashtra,Nagpur,Nagpur Apmc Market,2026-02-09,0.0,0,0.0,25.47,32.7,18.0,37.57,7
Maharashtra,Nagpur,Nagpur Apmc Market,2026-02-16,0.0,0,0.0,25.94,33.6,18.0,34.0,7
Maharashtra,Nagpur,Nagpur Apmc Market,2026-02-23,0.3,0,0.3,27.27,35.0,20.5,37.29,7
Maharashtra,Nagpur,Nagpur Apmc Market,2026-03-02,0.0,0,0.0,29.71,38.2,21.7,24.57,7
Maharashtra,Nagpur,Nagpur Apmc Market,2026-03-09,0.0,0,0.0,31.06,38.4,23.3,22.71,7
Maharashtra,Nagpur,Nagpur Apmc Market,2026-03-16,0.4,0,0.4,28.6,37.3,21.5,32.14,7
Maharashtra,Nagpur,Nagpur Apmc Market,2026-03-23,0.0,0,0.0,31.83,39.7,22.4,25.0,7
Maharashtra,Nagpur,Nagpur Apmc Market,2026-03-30,6.4,1,5.7,30.37,38.8,22.3,41.43,7
Maharashtra,Nagpur,Nagpur Apmc Market,2026-04-06,0.0,0,0.0,31.2,40.3,24.1,26.14,7
Maharashtra,Nagpur,Nagpur Apmc Market,2026-04-13,0.0,0,0.0,35.54,43.4,27.0,19.43,7
Maharashtra,Nagpur,Nagpur Apmc Market,2026-04-20,0.0,0,0.0,36.24,44.8,29.0,17.86,7
Maharashtra,Nagpur,Nagpur Apmc Market,2026-04-27,0.0,0,0.0,35.83,43.7,27.2,23.0,7
Maharashtra,Nagpur,Nagpur Apmc Market,2026-05-04,0.0,0,0.0,33.04,41.9,24.8,32.71,7
Maharashtra,Nagpur,Nagpur Apmc Market,2026-05-11,0.1,0,0.1,36.31,43.4,28.7,31.29,7
Maharashtra,Nagpur,Nagpur Apmc Market,2026-05-18,0.0,0,0.0,38.63,44.8,31.8,22.0,7
Maharashtra,Nagpur,Nagpur Apmc Market,2026-05-25,1.5,0,0.6,37.07,44.2,27.2,26.71,7
Maharashtra,Nagpur,Nagpur Apmc Market,2026-06-01,2.7,0,1.4,35.04,40.9,28.5,33.14,7
Maharashtra,Nagpur,Nagpur Apmc Market,2026-06-08,10.3,1,5.8,33.94,42.1,27.1,46.0,7
Maharashtra,Nagpur,Nagpur Apmc Market,2026-06-15,6.9,0,2.4,33.61,39.4,28.3,43.29,7
Maharashtra,Nagpur,Nagpur Apmc Market,2026-06-22,42.0,6,9.8,29.06,38.0,24.6,74.14,7
Maharashtra,Nagpur,Nagpur Apmc Market,2026-06-29,166.2,7,42.0,26.69,33.0,24.0,88.57,7
Maharashtra,Nagpur,Nagpur Apmc Market,2026-07-06,9.8,1,3.2,28.54,32.5,25.3,71.86,7
Maharashtra,Nagpur,Nagpur Apmc Market,2026-07-13,31.2,3,13.4,28.94,34.6,25.1,70.57,7
Maharashtra,Nagpur,Nagpur Apmc Market,2026-07-20,73.3,5,31.1,26.56,32.0,23.6,83.71,7
Maharashtra,Nagpur,Nagpur Apmc Market,2026-07-27,117.1,6,36.1,26.8,31.5,24.2,85.57,7
Maharashtra,Nagpur,Nagpur Apmc Market,2026-08-03,50.3,3,18.7,27.99,32.4,24.4,78.0,7
Maharashtra,Nagpur,Nagpur Apmc Market,2026-08-10,25.0,4,6.7,26.9,31.2,24.2,80.43,7
Maharashtra,Nagpur,Nagpur Apmc Market,2026-08-17,34.6,6,7.5,26.56,31.3,24.1,82.29,7
Maharashtra,Nagpur,Nagpur Apmc Market,2026-08-24,35.0,5,16.8,26.53,30.9,24.3,81.71,7
Maharashtra,Nagpur,Nagpur Apmc Market,2026-08-31,30.5,4,16.3,26.06,31.3,22.7,80.71,7
Maharashtra,Nagpur,Nagpur Apmc Market,2026-09-07,62.6,3,37.2,27.33,32.9,23.6,77.57,7
Maharashtra,Nagpur,Nagpur Apmc Market,2026-09-14,31.8,3,13.6,27.41,33.2,23.2,80.14,7
Maharashtra,Nagpur,Nagpur Apmc Market,2026-09-21,24.9,3,11.7,28.0,34.2,23.2,71.57,7
Maharashtra,Nagpur,Nagpur Apmc Market,2026-09-28,0.5,0,0.4,29.1,35.0,22.1,56.4,5
Maharashtra,Pimpalgaon,Pimpalgaon Apmc Market,2025-09-29,11.9,2,3.7,23.57,28.6,20.4,84.57,7
Maharashtra,Pimpalgaon,Pimpalgaon Apmc Market,2025-10-06,1.6,0,1.1,23.33,28.8,18.4,73.0,7
Maharashtra,Pimpalgaon,Pimpalgaon Apmc Market,2025-10-13,2.6,0,1.1,24.26,30.2,17.4,70.14,7
Maharashtra,Pimpalgaon,Pimpalgaon Apmc Market,2025-10-20,45.3,4,18.3,24.67,30.3,20.3,78.71,7
Maharashtra,Pimpalgaon,Pimpalgaon Apmc Market,2025-10-27,38.3,2,18.0,23.5,28.9,18.7,88.0,7
Maharashtra,Pimpalgaon,Pimpalgaon Apmc Market,2025-11-03,1.1,0,0.6,21.94,28.1,14.6,71.86,7
Maharashtra,Pimpalgaon,Pimpalgaon Apmc Market,2025-11-10,0.0,0,0.0,18.8,26.1,11.9,62.43,7
Maharashtra,Pimpalgaon,Pimpalgaon Apmc Market,2025-11-17,0.0,0,0.0,19.03,28.9,10.3,69.0,7
Maharashtra,Pimpalgaon,Pimpalgaon Apmc Market,2025-11-24,0.0,0,0.0,21.07,28.5,12.6,67.86,7
Maharashtra,Pimpalgaon,Pimpalgaon Apmc Market,2025-12-01,0.0,0,0.0,18.79,26.5,11.4,66.29,7
Maharashtra,Pimpalgaon,Pimpalgaon Apmc Market,2025-12-08,0.0,0,0.0,18.3,27.3,10.5,54.14,7
Maharashtra,Pimpalgaon,Pimpalgaon Apmc Market,2025-12-15,0.0,0,0.0,18.56,28.5,10.9,54.43,7
Maharashtra,Pimpalgaon,Pimpalgaon Apmc Market,2025-12-22,0.0,0,0.0,18.51,27.0,10.5,55.0,7
Maharashtra,Pimpalgaon,Pimpalgaon Apmc Market,2025-12-29,0.0,0,0.0,19.43,27.6,10.9,64.14,7
Maharashtra,Pimpalgaon,Pimpalgaon Apmc Market,2026-01-05,0.0,0,0.0,18.7,26.8,10.5,53.57,7
Maharashtra,Pimpalgaon,Pimpalgaon Apmc Market,2026-01-12,2.4,0,1.4,19.86,28.9,11.3,62.57,7
Maharashtra,Pimpalgaon,Pimpalgaon Apmc Market,2026-01-19,0.0,0,0.0,19.59,27.4,10.7,63.86,7
Maharashtra,Pimpalgaon,Pimpalgaon Apmc Market,2026-01-26,0.7,0,0.7,20.89,28.7,13.2,64.0,7
Maharashtra,Pimpalgaon,Pimpalgaon Apmc Market,2026-02-02,0.0,0,0.0,20.83,28.3,14.3,54.86,7
Maharashtra,Pimpalgaon,Pimpalgaon Apmc Market,2026-02-09,0.0,0,0.0,22.37,30.2,14.4,50.71,7
Maharashtra,Pimpalgaon,Pimpalgaon Apmc Market,2026-02-16,0.0,0,0.0,24.16,32.4,16.2,48.14,7
Maharashtra,Pimpalgaon,Pimpalgaon Apmc Market,2026-02-23,0.0,0,0.0,23.46,31.7,15.4,47.57,7
Maharashtra,Pimpalgaon,Pimpalgaon Apmc Market,2026-03-02,0.0,0,0.0,26.63,36.5,16.1,35.43,7
Maharashtra,Pimpalgaon,Pimpalgaon Apmc Market,2026-03-09,0.0,0,0.0,27.9,36.7,19.2,25.43,7
Maharashtra,Pimpalgaon,Pimpalgaon Apmc Market,2026-03-16,0.0,0,0.0,24.9,33.9,16.7,45.57,7
Maharashtra,Pimpalgaon,Pimpalgaon Apmc Market,2026-03-23,0.0,0,0.0,27.69,36.4,18.5,38.14,7
Maharashtra,Pimpalgaon,Pimpalgaon Apmc Market,2026-03-30,3.5,1,2.8,26.09,35.6,18.7,57.14,7
Maharashtra,Pimpalgaon,Pimpalgaon Apmc Market,2026-04-06,0.1,0,0.1,27.07,38.8,18.0,47.71,7
Maharashtra,Pimpalgaon,Pimpalgaon Apmc Market,2026-04-13,0.0,0,0.0,30.21,39.7,20.2,30.86,7
Maharashtra,Pimpalgaon,Pimpalgaon Apmc Market,2026-04-20,0.1,0,0.1,32.0,41.0,24.2,24.71,7
Maharashtra,Pimpalgaon,Pimpalgaon Apmc Market,2026-04-27,0.0,0,0.0,30.1,39.7,22.7,44.0,7
Maharashtra,Pimpalgaon,Pimpalgaon Apmc Market,2026-05-04,0.0,0,0.0,30.44,40.4,21.8,43.43,7
Maharashtra,Pimpalgaon,Pimpalgaon Apmc Market,2026-05-11,0.6,0,0.6,32.13,41.6,23.4,39.14,7
Maharashtra,Pimpalgaon,Pimpalgaon Apmc Market,2026-05-18,10.1,1,2.6,30.03,40.0,23.0,56.14,7
Maharashtra,Pimpalgaon,Pimpalgaon Apmc Market,2026-05-25,3.1,0,1.5,29.36,36.2,23.8,64.43,7
Maharashtra,Pimpalgaon,Pimpalgaon Apmc Market,2026-06-01,5.6,0,1.9,29.16,36.6,23.9,63.86,7
Maharashtra,Pimpalgaon,Pimpalgaon Apmc Market,2026-06-08,0.9,0,0.5,29.06,35.6,24.6,64.71,7
Maharashtra,Pimpalgaon,Pimpalgaon Apmc Market,2026-06-15,6.5,1,3.7,28.49,34.5,23.8,62.29,7
Maharashtra,Pimpalgaon,Pimpalgaon Apmc Market,2026-06-22,37.2,3,17.0,26.51,33.0,22.6,74.71,7
Maharashtra,Pimpalgaon,Pimpalgaon Apmc Market,2026-06-29,110.5,6,41.1,24.67,30.7,22.5,87.71,7
Maharashtra,Pimpalgaon,Pimpalgaon Apmc Market,2026-07-06,96.7,3,41.1,25.16,30.4,23.0,85.14,7
Maharashtra,Pimpalgaon,Pimpalgaon Apmc Market,2026-07-13,17.6,3,6.0,25.07,29.8,22.6,81.29,7
Maharashtra,Pimpalgaon,Pimpalgaon Apmc Market,2026-07-20,158.4,7,71.6,23.8,28.0,21.9,90.0,7
Maharashtra,Pimpalgaon,Pimpalgaon Apmc Market,2026-07-27,82.6,6,50.0,24.23,27.6,22.5,89.43,7
Maharashtra,Pimpalgaon,Pimpalgaon Apmc Market,2026-08-03,14.6,2,5.6,24.57,28.0,22.2,84.71,7
Maharashtra,Pimpalgaon,Pimpalgaon Apmc Market,2026-08-10,15.0,2,6.5,24.19,28.6,22.1,85.0,7
Maharashtra,Pimpalgaon,Pimpalgaon Apmc Market,2026-08-17,15.1,3,5.3,24.14,28.4,21.9,85.43,7
Maharashtra,Pimpalgaon,Pimpalgaon Apmc Market,2026-08-24,6.0,0,1.3,24.24,28.4,21.7,83.71,7
Maharashtra,Pimpalgaon,Pimpalgaon Apmc Market,2026-08-31,11.7,3,2.6,24.03,28.1,21.1,84.14,7
Maharashtra,Pimpalgaon,Pimpalgaon Apmc Market,2026-09-07,45.0,4,27.3,23.73,29.4,21.3,85.86,7
Maharashtra,Pimpalgaon,Pimpalgaon Apmc Market,2026-09-14,20.9,3,6.8,24.49,29.7,20.9,83.29,7
Maharashtra,Pimpalgaon,Pimpalgaon Apmc Market,2026-09-21,13.2,2,7.8,25.39,31.2,21.5,80.71,7
Maharashtra,Pimpalgaon,Pimpalgaon Apmc Market,2026-09-28,3.5,0,1.9,25.96,33.2,20.1,68.2,5
Maharashtra,Pune,Pune Apmc Market,2025-09-29,12.2,2,3.5,23.61,28.8,21.0,84.0,7
Maharashtra,Pune,Pune Apmc Market,2025-10-06,3.6,0,2.4,24.47,31.3,20.0,72.71,7
Maharashtra,Pune,Pune Apmc Market,2025-10-13,1.6,0,0.7,26.59,32.3,20.3,57.57,7
Maharashtra,Pune,Pune Apmc Market,2025-10-20,47.3,4,19.5,25.24,32.4,21.0,74.57,7
Maharashtra,Pune,Pune Apmc Market,2025-10-27,32.0,3,15.2,23.76,30.2,19.8,85.0,7
Maharashtra,Pune,Pune Apmc Market,2025-11-03,0.7,0,0.5,23.27,29.3,16.8,71.86,7
Maharashtra,Pune,Pune Apmc Market,2025-11-10,0.0,0,0.0,22.59,30.1,15.2,48.29,7
Maharashtra,Pune,Pune Apmc Market,2025-11-17,0.0,0,0.0,22.87,32.7,13.7,47.14,7
Maharashtra,Pune,Pune Apmc Market,2025-11-24,0.0,0,0.0,23.66,31.7,14.1,52.57,7
Maharashtra,Pune,Pune Apmc Market,2025-12-01,0.0,0,0.0,22.33,29.9,14.5,51.86,7
Maharashtra,Pune,Pune Apmc Market,2025-12-08,0.0,0,0.0,21.41,30.1,13.0,37.29,7
Maharashtra,Pune,Pune Apmc Market,2025-12-15,0.0,0,0.0,21.36,30.6,13.3,39.86,7
Maharashtra,Pune,Pune Apmc Market,2025-12-22,0.0,0,0.0,21.09,29.1,13.2,42.29,7
Maharashtra,Pune,Pune Apmc Market,2025-12-29,0.0,0,0.0,21.83,29.6,13.3,53.14,7
Maharashtra,Pune,Pune Apmc Market,2026-01-05,0.0,0,0.0,21.24,28.3,13.1,40.71,7
Maharashtra,Pune,Pune Apmc Market,2026-01-12,1.8,0,1.5,23.16,31.0,15.3,52.29,7
Maharashtra,Pune,Pune Apmc Market,2026-01-19,0.0,0,0.0,22.07,29.7,14.3,53.14,7
Maharashtra,Pune,Pune Apmc Market,2026-01-26,2.3,0,1.9,23.76,30.9,16.0,54.86,7
Maharashtra,Pune,Pune Apmc Market,2026-02-02,0.0,0,0.0,23.77,31.7,16.8,44.29,7
Maharashtra,Pune,Pune Apmc Market,2026-02-09,0.0,0,0.0,25.0,32.8,17.3,40.43,7
Maharashtra,Pune,Pune Apmc Market,2026-02-16,0.0,0,0.0,26.06,34.1,18.7,45.14,7
Maharashtra,Pune,Pune Apmc Market,2026-02-23,0.0,0,0.0,25.04,33.6,16.8,43.43,7
Maharashtra,Pune,Pune Apmc Market,2026-03-02,0.0,0,0.0,28.03,36.9,19.0,34.14,7
Maharashtra,Pune,Pune Apmc Market,2026-03-09,0.0,0,0.0,29.09,36.6,21.0,28.0,7
Maharashtra,Pune,Pune Apmc Market,2026-03-16,0.2,0,0.1,26.27,34.5,18.8,47.14,7
Maharashtra,Pune,Pune Apmc Market,2026-03-23,0.0,0,0.0,29.29,37.0,21.0,35.0,7
Maharashtra,Pune,Pune Apmc Market,2026-03-30,3.7,0,2.4,26.99,36.6,20.2,57.71,7
Maharashtra,Pune,Pune Apmc Market,2026-04-06,0.0,0,0.0,27.77,39.4,18.6,49.71,7
Maharashtra,Pune,Pune Apmc Market,2026-04-13,0.0,0,0.0,31.01,40.2,22.2,35.14,7
Maharashtra,Pune,Pune Apmc Market,2026-04-20,0.8,0,0.8,31.86,41.0,24.9,33.86,7
Maharashtra,Pune,Pune Apmc Market,2026-04-27,0.0,0,0.0,30.1,39.9,21.9,45.71,7
Maharashtra,Pune,Pune Apmc Market,2026-05-04,0.0,0,0.0,30.54,40.7,21.7,45.43,7
Maharashtra,Pune,Pune Apmc Market,2026-05-11,0.8,0,0.6,31.39,41.8,23.6,45.43,7
Maharashtra,Pune,Pune Apmc Market,2026-05-18,13.5,2,3.4,29.23,40.2,23.9,62.71,7
Maharashtra,Pune,Pune Apmc Market,2026-05-25,5.5,0,2.4,29.07,37.2,23.7,64.57,7
Maharashtra,Pune,Pune Apmc Market,2026-06-01,10.3,0,2.4,28.91,36.6,23.7,63.29,7
Maharashtra,Pune,Pune Apmc Market,2026-06-08,7.0,0,2.1,28.31,35.2,24.3,67.0,7
Maharashtra,Pune,Pune Apmc Market,2026-06-15,12.4,2,2.8,28.03,35.7,22.7,62.57,7
Maharashtra,Pune,Pune Apmc Market,2026-06-22,49.7,4,19.5,25.47,32.8,21.9,78.86,7
Maharashtra,Pune,Pune Apmc Market,2026-06-29,197.4,7,87.7,23.81,28.3,22.2,90.14,7
Maharashtra,Pune,Pune Apmc Market,2026-07-06,105.6,3,45.2,24.76,29.5,22.6,84.29,7
Maharashtra,Pune,Pune Apmc Market,2026-07-13,17.9,3,6.5,25.01,29.9,22.6,78.71,7
Maharashtra,Pune,Pune Apmc Market,2026-07-20,62.1,6,15.4,23.89,27.8,20.7,86.29,7
Maharashtra,Pune,Pune Apmc Market,2026-07-27,50.3,7,17.3,24.29,27.2,22.3,87.0,7
Maharashtra,Pune,Pune Apmc Market,2026-08-03,33.1,3,11.4,24.41,27.9,22.5,84.57,7
Maharashtra,Pune,Pune Apmc Market,2026-08-10,43.8,6,21.3,23.94,27.7,22.2,84.71,7
Maharashtra,Pune,Pune Apmc Market,2026-08-17,11.2,1,2.5,24.3,28.2,22.3,82.86,7
Maharashtra,Pune,Pune Apmc Market,2026-08-24,12.6,1,5.0,24.37,28.3,21.8,81.29,7
Maharashtra,Pune,Pune Apmc Market,2026-08-31,16.6,3,5.4,24.51,29.1,22.2,79.71,7
Maharashtra,Pune,Pune Apmc Market,2026-09-07,17.8,1,8.7,24.46,29.9,21.3,79.14,7
Maharashtra,Pune,Pune Apmc Market,2026-09-14,27.5,4,9.3,25.06,32.6,21.3,78.0,7
Maharashtra,Pune,Pune Apmc Market,2026-09-21,22.8,3,7.4,25.2,31.9,21.2,79.71,7
Maharashtra,Pune,Pune Apmc Market,2026-09-28,7.9,2,3.0,26.06,32.7,20.3,72.0,5
Maharashtra,Solapur,Solapur Apmc Market,2025-09-29,10.2,1,3.9,25.43,30.6,20.9,78.29,7
Maharashtra,Solapur,Solapur Apmc Market,2025-10-06,1.8,0,0.9,26.27,32.0,21.3,64.57,7
Maharashtra,Solapur,Solapur Apmc Market,2025-10-13,3.4,0,1.7,26.81,32.8,21.7,62.29,7
Maharashtra,Solapur,Solapur Apmc Market,2025-10-20,62.0,5,24.8,25.76,32.6,21.2,76.29,7
Maharashtra,Solapur,Solapur Apmc Market,2025-10-27,22.1,2,13.8,25.44,31.4,20.3,76.86,7
Maharashtra,Solapur,Solapur Apmc Market,2025-11-03,2.9,0,0.8,25.9,32.7,18.2,57.0,7
Maharashtra,Solapur,Solapur Apmc Market,2025-11-10,0.0,0,0.0,24.56,32.4,17.3,40.71,7
Maharashtra,Solapur,Solapur Apmc Market,2025-11-17,0.0,0,0.0,24.79,32.6,16.2,45.0,7
Maharashtra,Solapur,Solapur Apmc Market,2025-11-24,0.2,0,0.2,24.94,32.0,17.2,49.86,7
Maharashtra,Solapur,Solapur Apmc Market,2025-12-01,0.0,0,0.0,24.91,31.9,17.9,47.57,7
Maharashtra,Solapur,Solapur Apmc Market,2025-12-08,0.0,0,0.0,23.0,31.7,13.8,33.29,7
Maharashtra,Solapur,Solapur Apmc Market,2025-12-15,0.0,0,0.0,23.01,32.4,14.2,39.86,7
Maharashtra,Solapur,Solapur Apmc Market,2025-12-22,0.0,0,0.0,22.39,30.6,15.4,41.57,7
Maharashtra,Solapur,Solapur Apmc Market,2025-12-29,0.1,0,0.1,23.33,30.5,14.2,47.0,7
Maharashtra,Solapur,Solapur Apmc Market,2026-01-05,0.0,0,0.0,22.49,29.3,15.5,37.71,7
Maharashtra,Solapur,Solapur Apmc Market,2026-01-12,0.0,0,0.0,25.26,32.0,17.9,45.0,7
Maharashtra,Solapur,Solapur Apmc Market,2026-01-19,0.0,0,0.0,23.49,30.5,17.1,43.57,7
Maharashtra,Solapur,Solapur Apmc Market,2026-01-26,0.1,0,0.1,25.4,31.0,19.4,48.43,7
Maharashtra,Solapur,Solapur Apmc Market,2026-02-02,0.0,0,0.0,24.86,31.2,18.4,42.86,7
Maharashtra,Solapur,Solapur Apmc Market,2026-02-09,0.0,0,0.0,25.1,31.9,18.2,37.14,7
Maharashtra,Solapur,Solapur Apmc Market,2026-02-16,0.0,0,0.0,26.89,33.2,20.7,39.0,7
Maharashtra,Solapur,Solapur Apmc Market,2026-02-23,0.1,0,0.1,27.33,34.7,20.7,40.57,7
Maharashtra,Solapur,Solapur Apmc Market,2026-03-02,0.0,0,0.0,29.46,37.6,21.4,29.29,7
Maharashtra,Solapur,Solapur Apmc Market,2026-03-09,0.0,0,0.0,30.11,37.1,22.8,30.14,7
Maharashtra,Solapur,Solapur Apmc Market,2026-03-16,0.9,0,0.9,28.54,35.9,21.0,34.14,7
Maharashtra,Solapur,Solapur Apmc Market,2026-03-23,0.0,0,0.0,31.2,37.7,23.3,33.71,7
Maharashtra,Solapur,Solapur Apmc Market,2026-03-30,1.2,0,1.2,30.69,38.3,23.1,38.29,7
Maharashtra,Solapur,Solapur Apmc Market,2026-04-06,0.0,0,0.0,31.31,39.6,22.8,29.57,7
Maharashtra,Solapur,Solapur Apmc Market,2026-04-13,2.3,0,2.3,34.53,41.8,25.8,22.86,7
Maharashtra,Solapur,Solapur Apmc Market,2026-04-20,0.5,0,0.5,33.09,40.4,24.5,31.71,7
Maharashtra,Solapur,Solapur Apmc Market,2026-04-27,0.0,0,0.0,34.26,41.5,26.4,29.0,7
Maharashtra,Solapur,Solapur Apmc Market,2026-05-04,0.8,0,0.8,32.91,40.8,26.0,32.57,7
Maharashtra,Solapur,Solapur Apmc Market,2026-05-11,1.1,0,0.6,34.03,41.4,27.2,38.71,7
Maharashtra,Solapur,Solapur Apmc Market,2026-05-18,4.5,0,2.0,32.49,40.2,26.3,48.86,7
Maharashtra,Solapur,Solapur Apmc Market,2026-05-25,0.2,0,0.2,32.17,38.3,26.6,48.0,7
Maharashtra,Solapur,Solapur Apmc Market,2026-06-01,3.8,0,1.7,31.01,36.7,24.2,53.29,7
Maharashtra,Solapur,Solapur Apmc Market,2026-06-08,16.3,2,11.2,30.71,37.5,25.4,55.57,7
Maharashtra,Solapur,Solapur Apmc Market,2026-06-15,0.9,0,0.4,31.57,37.2,25.8,45.14,7
Maharashtra,Solapur,Solapur Apmc Market,2026-06-22,41.9,4,26.4,28.53,36.0,24.3,65.29,7
Maharashtra,Solapur,Solapur Apmc Market,2026-06-29,79.5,6,30.0,25.79,32.1,23.2,82.0,7
Maharashtra,Solapur,Solapur Apmc Market,2026-07-06,24.1,3,9.8,27.5,33.0,23.6,70.57,7
Maharashtra,Solapur,Solapur Apmc Market,2026-07-13,40.8,4,17.6,27.31,33.7,21.9,70.29,7
Maharashtra,Solapur,Solapur Apmc Market,2026-07-20,29.0,3,10.2,26.37,32.2,23.4,74.43,7
Maharashtra,Solapur,Solapur Apmc Market,2026-07-27,69.4,6,17.7,26.19,31.9,22.9,79.86,7
Maharashtra,Solapur,Solapur Apmc Market,2026-08-03,49.8,5,17.7,26.57,31.2,23.3,76.0,7
Maharashtra,Solapur,Solapur Apmc Market,2026-08-10,36.5,5,11.9,26.49,31.9,23.1,75.43,7
Maharashtra,Solapur,Solapur Apmc Market,2026-08-17,45.0,4,24.6,26.4,31.3,22.8,74.43,7
Maharashtra,Solapur,Solapur Apmc Market,2026-08-24,13.7,3,3.6,26.76,31.5,23.3,70.57,7
Maharashtra,Solapur,Solapur Apmc Market,2026-08-31,13.5,1,4.3,26.99,32.2,22.6,68.43,7
Maharashtra,Solapur,Solapur Apmc Market,2026-09-07,6.4,1,2.6,28.23,33.2,23.8,60.29,7
Maharashtra,Solapur,Solapur Apmc Market,2026-09-14,24.7,2,17.0,28.99,34.6,22.5,60.86,7
Maharashtra,Solapur,Solapur Apmc Market,2026-09-21,24.5,3,15.7,27.5,33.1,23.0,69.43,7
Maharashtra,Solapur,Solapur Apmc Market,2026-09-28,3.0,0,1.5,28.82,34.1,23.9,56.2,5
Odisha,Balasore,Balasore Apmc Market,2025-09-29,118.4,5,55.9,27.91,32.6,24.8,86.43,7
Odisha,Balasore,Balasore Apmc Market,2025-10-06,44.9,4,20.4,26.94,31.7,23.1,86.71,7
Odisha,Balasore,Balasore Apmc Market,2025-10-13,14.8,1,14.7,26.91,31.7,22.0,79.29,7
Odisha,Balasore,Balasore Apmc Market,2025-10-20,1.1,0,0.8,27.99,33.3,22.6,75.43,7
Odisha,Balasore,Balasore Apmc Market,2025-10-27,112.4,4,52.7,27.31,32.0,23.8,85.0,7
Odisha,Balasore,Balasore Apmc Market,2025-11-03,0.0,0,0.0,24.67,31.1,18.2,67.86,7
Odisha,Balasore,Balasore Apmc Market,2025-11-10,0.0,0,0.0,21.16,29.2,14.6,67.0,7
Odisha,Balasore,Balasore Apmc Market,2025-11-17,0.0,0,0.0,22.8,30.3,14.8,72.0,7
Odisha,Balasore,Balasore Apmc Market,2025-11-24,0.0,0,0.0,21.23,28.5,14.9,69.0,7
Odisha,Balasore,Balasore Apmc Market,2025-12-01,0.0,0,0.0,20.51,28.3,12.8,66.0,7
Odisha,Balasore,Balasore Apmc Market,2025-12-08,0.0,0,0.0,19.31,27.2,12.1,66.86,7
Odisha,Balasore,Balasore Apmc Market,2025-12-15,0.0,0,0.0,19.83,27.6,13.3,68.43,7
Odisha,Balasore,Balasore Apmc Market,2025-12-22,0.0,0,0.0,18.27,26.0,12.8,73.14,7
Odisha,Balasore,Balasore Apmc Market,2025-12-29,0.0,0,0.0,17.76,25.5,11.5,78.43,7
Odisha,Balasore,Balasore Apmc Market,2026-01-05,0.0,0,0.0,16.81,25.8,10.2,56.71,7
Odisha,Balasore,Balasore Apmc Market,2026-01-12,0.0,0,0.0,17.59,27.0,10.7,56.43,7
Odisha,Balasore,Balasore Apmc Market,2026-01-19,0.0,0,0.0,19.83,29.6,11.1,69.29,7
Odisha,Balasore,Balasore Apmc Market,2026-01-26,0.0,0,0.0,20.7,28.4,14.6,75.0,7
Odisha,Balasore,Balasore Apmc Market,2026-02-02,0.0,0,0.0,20.76,29.1,13.6,68.0,7
Odisha,Balasore,Balasore Apmc Market,2026-02-09,0.0,0,0.0,21.04,31.1,14.2,64.71,7
Odisha,Balasore,Balasore Apmc Market,2026-02-16,0.0,0,0.0,23.16,33.0,14.5,61.29,7
Odisha,Balasore,Balasore Apmc Market,2026-02-23,5.3,1,5.1,24.99,33.5,17.8,71.71,7
Odisha,Balasore,Balasore Apmc Market,2026-03-02,1.1,0,1.1,26.26,35.2,18.8,73.71,7
Odisha,Balasore,Balasore Apmc Market,2026-03-09,16.1,1,9.8,27.5,35.1,23.7,79.57,7
Odisha,Balasore,Balasore Apmc Market,2026-03-16,41.8,2,33.6,26.3,33.9,19.1,71.71,7
Odisha,Balasore,Balasore Apmc Market,2026-03-23,10.0,1,5.5,27.77,35.7,20.6,74.86,7
Odisha,Balasore,Balasore Apmc Market,2026-03-30,3.4,0,2.3,29.8,38.3,24.2,69.57,7
Odisha,Balasore,Balasore Apmc Market,2026-04-06,14.9,2,5.4,27.37,35.8,21.4,76.86,7
Odisha,Balasore,Balasore Apmc Market,2026-04-13,0.3,0,0.3,30.23,37.2,25.9,78.57,7
Odisha,Balasore,Balasore Apmc Market,2026-04-20,0.8,0,0.8,30.74,38.9,25.8,75.43,7
Odisha,Balasore,Balasore Apmc Market,2026-04-27,10.6,1,8.0,29.61,37.5,22.5,74.0,7
Odisha,Balasore,Balasore Apmc Market,2026-05-04,19.8,2,7.9,28.49,34.4,23.5,76.71,7
Odisha,Balasore,Balasore Apmc Market,2026-05-11,19.3,2,11.4,30.2,36.9,24.3,76.14,7
Odisha,Balasore,Balasore Apmc Market,2026-05-18,1.2,0,0.5,32.41,38.7,28.5,77.71,7
Odisha,Balasore,Balasore Apmc Market,2026-05-25,14.3,2,5.0,30.73,37.8,25.9,78.43,7
Odisha,Balasore,Balasore Apmc Market,2026-06-01,18.5,2,5.9,31.46,37.2,27.2,76.0,7
Odisha,Balasore,Balasore Apmc Market,2026-06-08,38.9,4,23.4,31.24,38.0,26.2,76.0,7
Odisha,Balasore,Balasore Apmc Market,2026-06-15,48.6,5,18.5,30.97,36.7,26.5,76.43,7
Odisha,Balasore,Balasore Apmc Market,2026-06-22,36.0,4,8.5,30.51,36.4,28.0,79.57,7
Odisha,Balasore,Balasore Apmc Market,2026-06-29,110.6,6,33.9,28.8,36.3,25.8,87.29,7
Odisha,Balasore,Balasore Apmc Market,2026-07-06,36.0,5,10.7,29.67,35.1,25.4,79.86,7
Odisha,Balasore,Balasore Apmc Market,2026-07-13,124.4,7,41.9,28.93,33.2,25.1,86.43,7
Odisha,Balasore,Balasore Apmc Market,2026-07-20,176.2,7,38.6,27.23,32.6,25.3,91.86,7
Odisha,Balasore,Balasore Apmc Market,2026-07-27,150.8,7,57.0,28.53,33.4,24.4,85.43,7
Odisha,Balasore,Balasore Apmc Market,2026-08-03,108.1,6,26.0,28.96,33.8,25.2,86.14,7
Odisha,Balasore,Balasore Apmc Market,2026-08-10,260.4,7,79.3,28.16,33.0,25.6,90.71,7
Odisha,Balasore,Balasore Apmc Market,2026-08-17,127.8,5,54.5,28.8,33.6,25.8,85.43,7
Odisha,Balasore,Balasore Apmc Market,2026-08-24,162.9,7,66.0,28.63,33.3,25.8,89.29,7
Odisha,Balasore,Balasore Apmc Market,2026-08-31,85.3,7,38.8,28.79,34.1,25.7,84.29,7
Odisha,Balasore,Balasore Apmc Market,2026-09-07,107.4,7,31.9,28.43,33.2,25.3,86.0,7
Odisha,Balasore,Balasore Apmc Market,2026-09-14,48.2,5,16.7,28.86,33.9,25.3,85.43,7
Odisha,Balasore,Balasore Apmc Market,2026-09-21,278.7,6,82.1,27.5,33.0,24.9,88.43,7
Odisha,Balasore,Balasore Apmc Market,2026-09-28,3.7,0,1.6,29.56,33.9,26.0,77.6,5
Odisha,Berhampur,Berhampur Apmc Market,2025-09-29,96.7,4,68.9,27.76,33.5,24.7,86.71,7
Odisha,Berhampur,Berhampur Apmc Market,2025-10-06,41.3,5,14.3,26.74,31.5,23.9,89.71,7
Odisha,Berhampur,Berhampur Apmc Market,2025-10-13,70.9,3,40.4,26.71,32.0,23.3,82.86,7
Odisha,Berhampur,Berhampur Apmc Market,2025-10-20,32.7,3,18.6,26.51,31.4,23.3,87.0,7
Odisha,Berhampur,Berhampur Apmc Market,2025-10-27,95.2,3,45.7,26.83,32.1,23.0,86.71,7
Odisha,Berhampur,Berhampur Apmc Market,2025-11-03,0.0,0,0.0,26.19,32.2,20.3,68.71,7
Odisha,Berhampur,Berhampur Apmc Market,2025-11-10,0.0,0,0.0,23.39,30.9,16.0,59.43,7
Odisha,Berhampur,Berhampur Apmc Market,2025-11-17,0.5,0,0.3,24.41,31.5,15.5,68.29,7
Odisha,Berhampur,Berhampur Apmc Market,2025-11-24,0.0,0,0.0,23.44,30.4,16.8,67.86,7
Odisha,Berhampur,Berhampur Apmc Market,2025-12-01,0.7,0,0.7,22.73,29.3,15.4,66.29,7
Odisha,Berhampur,Berhampur Apmc Market,2025-12-08,0.0,0,0.0,21.13,28.9,14.3,64.29,7
Odisha,Berhampur,Berhampur Apmc Market,2025-12-15,0.0,0,0.0,21.39,29.0,15.3,67.14,7
Odisha,Berhampur,Berhampur Apmc Market,2025-12-22,0.0,0,0.0,21.11,28.0,15.2,73.57,7
Odisha,Berhampur,Berhampur Apmc Market,2025-12-29,0.4,0,0.3,21.31,28.0,15.9,80.0,7
Odisha,Berhampur,Berhampur Apmc Market,2026-01-05,0.2,0,0.2,20.56,27.8,13.1,60.0,7
Odisha,Berhampur,Berhampur Apmc Market,2026-01-12,0.0,0,0.0,20.69,29.5,13.3,62.86,7
Odisha,Berhampur,Berhampur Apmc Market,2026-01-19,0.0,0,0.0,22.33,30.4,14.8,66.43,7
Odisha,Berhampur,Berhampur Apmc Market,2026-01-26,0.1,0,0.1,23.16,29.8,16.9,71.57,7
Odisha,Berhampur,Berhampur Apmc Market,2026-02-02,0.0,0,0.0,23.27,32.2,16.8,64.43,7
Odisha,Berhampur,Berhampur Apmc Market,2026-02-09,0.0,0,0.0,23.97,33.3,17.0,65.71,7
Odisha,Berhampur,Berhampur Apmc Market,2026-02-16,0.3,0,0.3,24.9,33.2,18.0,64.57,7
Odisha,Berhampur,Berhampur Apmc Market,2026-02-23,7.0,1,5.9,26.29,34.8,19.2,67.71,7
Odisha,Berhampur,Berhampur Apmc Market,2026-03-02,0.4,0,0.4,27.34,37.2,19.5,63.0,7
Odisha,Berhampur,Berhampur Apmc Market,2026-03-09,0.1,0,0.1,27.8,37.7,21.1,70.14,7
Odisha,Berhampur,Berhampur Apmc Market,2026-03-16,10.9,1,4.1,27.13,34.3,20.5,67.43,7
Odisha,Berhampur,Berhampur Apmc Market,2026-03-23,6.7,0,2.2,28.97,37.0,20.8,67.43,7
Odisha,Berhampur,Berhampur Apmc Market,2026-03-30,12.2,2,6.4,29.94,37.8,25.0,67.0,7
Odisha,Berhampur,Berhampur Apmc Market,2026-04-06,14.4,1,7.6,29.43,37.4,24.1,74.86,7
Odisha,Berhampur,Berhampur Apmc Market,2026-04-13,0.4,0,0.4,30.67,37.8,25.3,72.57,7
Odisha,Berhampur,Berhampur Apmc Market,2026-04-20,2.3,0,1.7,31.44,40.2,25.3,67.71,7
Odisha,Berhampur,Berhampur Apmc Market,2026-04-27,4.9,0,2.3,30.71,39.3,25.4,69.71,7
Odisha,Berhampur,Berhampur Apmc Market,2026-05-04,7.9,1,2.7,29.0,34.2,24.7,76.43,7
Odisha,Berhampur,Berhampur Apmc Market,2026-05-11,0.0,0,0.0,30.4,36.0,25.7,73.0,7
Odisha,Berhampur,Berhampur Apmc Market,2026-05-18,0.7,0,0.3,32.53,38.6,28.8,74.71,7
Odisha,Berhampur,Berhampur Apmc Market,2026-05-25,5.4,1,4.4,30.93,36.8,25.3,78.86,7
Odisha,Berhampur,Berhampur Apmc Market,2026-06-01,9.9,0,2.3,32.51,39.2,26.9,71.86,7
Odisha,Berhampur,Berhampur Apmc Market,2026-06-08,34.4,5,9.9,31.73,39.3,27.3,75.57,7
Odisha,Berhampur,Berhampur Apmc Market,2026-06-15,39.1,5,20.0,30.83,37.0,26.5,76.43,7
Odisha,Berhampur,Berhampur Apmc Market,2026-06-22,49.1,6,20.8,29.9,34.0,26.1,82.57,7
Odisha,Berhampur,Berhampur Apmc Market,2026-06-29,252.2,6,110.8,28.37,34.8,25.0,88.57,7
Odisha,Berhampur,Berhampur Apmc Market,2026-07-06,24.7,2,13.5,29.96,35.6,25.3,76.71,7
Odisha,Berhampur,Berhampur Apmc Market,2026-07-13,139.7,6,52.8,28.47,35.4,25.2,86.57,7
Odisha,Berhampur,Berhampur Apmc Market,2026-07-20,119.9,7,44.7,28.26,33.3,25.0,87.29,7
Odisha,Berhampur,Berhampur Apmc Market,2026-07-27,43.7,5,15.3,28.6,33.3,25.8,84.0,7
Odisha,Berhampur,Berhampur Apmc Market,2026-08-03,142.8,7,49.7,28.54,33.1,25.8,90.71,7
Odisha,Berhampur,Berhampur Apmc Market,2026-08-10,90.3,6,21.7,28.96,33.2,25.4,85.14,7
Odisha,Berhampur,Berhampur Apmc Market,2026-08-17,143.8,7,51.7,28.2,33.4,25.0,87.14,7
Odisha,Berhampur,Berhampur Apmc Market,2026-08-24,81.9,7,19.1,28.76,33.1,25.9,86.86,7
Odisha,Berhampur,Berhampur Apmc Market,2026-08-31,29.9,4,16.1,29.03,33.6,25.4,80.0,7
Odisha,Berhampur,Berhampur Apmc Market,2026-09-07,113.4,6,47.4,28.1,34.5,24.4,85.57,7
Odisha,Berhampur,Berhampur Apmc Market,2026-09-14,43.4,6,19.0,28.51,33.3,25.3,87.29,7
Odisha,Berhampur,Berhampur Apmc Market,2026-09-21,230.8,6,61.8,27.21,32.7,24.7,89.43,7
Odisha,Berhampur,Berhampur Apmc Market,2026-09-28,1.7,0,1.3,29.02,33.7,24.8,76.2,5
Odisha,Bhubaneswar,Bhubaneswar Apmc Market,2025-09-29,68.6,6,41.1,27.64,33.4,24.6,87.14,7
Odisha,Bhubaneswar,Bhubaneswar Apmc Market,2025-10-06,43.9,5,17.6,26.83,31.6,24.3,87.57,7
Odisha,Bhubaneswar,Bhubaneswar Apmc Market,2025-10-13,15.5,2,7.1,26.93,31.8,22.9,79.43,7
Odisha,Bhubaneswar,Bhubaneswar Apmc Market,2025-10-20,11.5,2,6.3,27.4,32.5,23.9,81.57,7
Odisha,Bhubaneswar,Bhubaneswar Apmc Market,2025-10-27,65.8,5,20.7,26.9,31.9,23.6,86.0,7
Odisha,Bhubaneswar,Bhubaneswar Apmc Market,2025-11-03,0.2,0,0.2,25.41,31.7,19.5,67.86,7
Odisha,Bhubaneswar,Bhubaneswar Apmc Market,2025-11-10,0.0,0,0.0,22.99,29.7,17.6,59.14,7
Odisha,Bhubaneswar,Bhubaneswar Apmc Market,2025-11-17,0.0,0,0.0,24.2,30.9,17.5,65.14,7
Odisha,Bhubaneswar,Bhubaneswar Apmc Market,2025-11-24,0.0,0,0.0,22.69,29.0,16.6,65.71,7
Odisha,Bhubaneswar,Bhubaneswar Apmc Market,2025-12-01,0.1,0,0.1,22.11,28.4,15.9,63.0,7
Odisha,Bhubaneswar,Bhubaneswar Apmc Market,2025-12-08,0.0,0,0.0,20.91,27.1,15.2,62.14,7
Odisha,Bhubaneswar,Bhubaneswar Apmc Market,2025-12-15,0.0,0,0.0,20.97,27.5,15.6,67.86,7
Odisha,Bhubaneswar,Bhubaneswar Apmc Market,2025-12-22,0.0,0,0.0,19.91,27.4,14.4,73.71,7
Odisha,Bhubaneswar,Bhubaneswar Apmc Market,2025-12-29,1.9,0,1.8,19.69,27.5,14.0,79.86,7
Odisha,Bhubaneswar,Bhubaneswar Apmc Market,2026-01-05,0.0,0,0.0,18.94,25.7,12.4,56.57,7
Odisha,Bhubaneswar,Bhubaneswar Apmc Market,2026-01-12,0.0,0,0.0,19.76,27.7,13.1,58.57,7
Odisha,Bhubaneswar,Bhubaneswar Apmc Market,2026-01-19,0.0,0,0.0,21.96,30.5,14.4,63.57,7
Odisha,Bhubaneswar,Bhubaneswar Apmc Market,2026-01-26,0.0,0,0.0,23.01,30.5,16.9,69.14,7
Odisha,Bhubaneswar,Bhubaneswar Apmc Market,2026-02-02,0.0,0,0.0,22.87,31.0,16.5,65.29,7
Odisha,Bhubaneswar,Bhubaneswar Apmc Market,2026-02-09,0.0,0,0.0,23.89,33.0,16.0,65.71,7
Odisha,Bhubaneswar,Bhubaneswar Apmc Market,2026-02-16,0.0,0,0.0,25.51,34.7,18.4,60.71,7
Odisha,Bhubaneswar,Bhubaneswar Apmc Market,2026-02-23,8.9,1,7.1,26.23,36.5,19.7,69.86,7
Odisha,Bhubaneswar,Bhubaneswar Apmc Market,2026-03-02,2.7,0,2.4,27.8,36.7,20.9,66.14,7
Odisha,Bhubaneswar,Bhubaneswar Apmc Market,2026-03-09,1.2,0,0.8,28.06,37.8,23.3,74.14,7
Odisha,Bhubaneswar,Bhubaneswar Apmc Market,2026-03-16,7.1,1,4.0,27.01,35.0,20.8,70.86,7
Odisha,Bhubaneswar,Bhubaneswar Apmc Market,2026-03-23,10.4,1,6.4,28.83,37.3,22.3,71.0,7
Odisha,Bhubaneswar,Bhubaneswar Apmc Market,2026-03-30,1.3,0,0.8,29.83,39.4,24.8,70.14,7
Odisha,Bhubaneswar,Bhubaneswar Apmc Market,2026-04-06,27.6,3,18.3,28.17,36.9,22.9,78.43,7
Odisha,Bhubaneswar,Bhubaneswar Apmc Market,2026-04-13,6.3,1,5.9,30.11,37.4,25.7,78.14,7
Odisha,Bhubaneswar,Bhubaneswar Apmc Market,2026-04-20,0.0,0,0.0,30.6,40.8,25.8,75.71,7
Odisha,Bhubaneswar,Bhubaneswar Apmc Market,2026-04-27,8.7,1,4.0,29.53,35.9,22.8,75.71,7
Odisha,Bhubaneswar,Bhubaneswar Apmc Market,2026-05-04,17.8,2,9.1,28.81,35.2,24.2,76.71,7
Odisha,Bhubaneswar,Bhubaneswar Apmc Market,2026-05-11,1.6,0,1.2,30.67,38.4,25.3,72.0,7
Odisha,Bhubaneswar,Bhubaneswar Apmc Market,2026-05-18,14.9,3,7.7,32.67,40.9,28.5,74.29,7
Odisha,Bhubaneswar,Bhubaneswar Apmc Market,2026-05-25,22.9,3,11.7,30.93,38.2,25.6,77.57,7
Odisha,Bhubaneswar,Bhubaneswar Apmc Market,2026-06-01,33.5,4,14.0,31.53,38.0,26.6,76.43,7
Odisha,Bhubaneswar,Bhubaneswar Apmc Market,2026-06-08,58.8,4,26.4,30.91,38.6,26.4,77.29,7
Odisha,Bhubaneswar,Bhubaneswar Apmc Market,2026-06-15,44.5,5,19.6,30.23,36.7,25.6,79.0,7
Odisha,Bhubaneswar,Bhubaneswar Apmc Market,2026-06-22,59.1,6,23.3,29.56,35.3,26.1,83.57,7
Odisha,Bhubaneswar,Bhubaneswar Apmc Market,2026-06-29,449.7,7,234.8,27.4,35.3,25.0,91.29,7
Odisha,Bhubaneswar,Bhubaneswar Apmc Market,2026-07-06,40.5,4,18.2,29.34,34.4,25.2,79.71,7
Odisha,Bhubaneswar,Bhubaneswar Apmc Market,2026-07-13,344.5,6,237.4,27.96,34.3,24.8,88.29,7
Odisha,Bhubaneswar,Bhubaneswar Apmc Market,2026-07-20,287.8,7,137.5,27.21,32.5,25.1,91.71,7
Odisha,Bhubaneswar,Bhubaneswar Apmc Market,2026-07-27,128.8,5,65.9,28.34,32.0,25.0,84.43,7
Odisha,Bhubaneswar,Bhubaneswar Apmc Market,2026-08-03,134.3,7,46.3,28.19,33.2,24.9,90.0,7
Odisha,Bhubaneswar,Bhubaneswar Apmc Market,2026-08-10,260.2,7,63.2,27.57,32.1,24.9,91.71,7
Odisha,Bhubaneswar,Bhubaneswar Apmc Market,2026-08-17,145.6,7,47.4,27.93,33.1,24.8,87.43,7
Odisha,Bhubaneswar,Bhubaneswar Apmc Market,2026-08-24,166.5,7,48.4,27.96,33.3,25.5,90.0,7
Odisha,Bhubaneswar,Bhubaneswar Apmc Market,2026-08-31,65.6,5,42.1,28.37,33.4,24.9,82.0,7
Odisha,Bhubaneswar,Bhubaneswar Apmc Market,2026-09-07,90.2,5,33.5,27.84,33.8,25.0,86.0,7
Odisha,Bhubaneswar,Bhubaneswar Apmc Market,2026-09-14,58.7,7,22.4,28.47,33.5,25.3,85.71,7
Odisha,Bhubaneswar,Bhubaneswar Apmc Market,2026-09-21,184.1,6,51.8,27.03,32.3,23.6,88.57,7
Odisha,Bhubaneswar,Bhubaneswar Apmc Market,2026-09-28,3.0,0,2.1,29.1,33.6,25.1,75.2,5
Odisha,Cuttack,Cuttack Apmc Market,2025-09-29,84.0,6,43.0,27.74,33.5,24.2,87.14,7
Odisha,Cuttack,Cuttack Apmc Market,2025-10-06,42.9,4,11.2,27.13,32.0,24.6,86.43,7
Odisha,Cuttack,Cuttack Apmc Market,2025-10-13,8.2,1,7.3,27.2,32.0,23.0,79.86,7
Odisha,Cuttack,Cuttack Apmc Market,2025-10-20,14.3,1,12.6,27.43,32.3,23.9,82.0,7
Odisha,Cuttack,Cuttack Apmc Market,2025-10-27,68.2,4,32.2,27.09,32.0,24.3,86.0,7
Odisha,Cuttack,Cuttack Apmc Market,2025-11-03,0.1,0,0.1,25.39,31.6,18.6,70.86,7
Odisha,Cuttack,Cuttack Apmc Market,2025-11-10,0.0,0,0.0,22.5,29.6,16.1,67.86,7
Odisha,Cuttack,Cuttack Apmc Market,2025-11-17,0.0,0,0.0,23.89,30.7,16.9,68.0,7
Odisha,Cuttack,Cuttack Apmc Market,2025-11-24,0.0,0,0.0,22.73,29.3,16.4,66.57,7
Odisha,Cuttack,Cuttack Apmc Market,2025-12-01,0.0,0,0.0,21.6,28.2,13.7,68.14,7
Odisha,Cuttack,Cuttack Apmc Market,2025-12-08,0.0,0,0.0,20.24,27.2,14.0,69.71,7
Odisha,Cuttack,Cuttack Apmc Market,2025-12-15,0.0,0,0.0,20.37,27.3,14.6,72.43,7
Odisha,Cuttack,Cuttack Apmc Market,2025-12-22,0.0,0,0.0,19.47,26.5,13.7,76.57,7
Odisha,Cuttack,Cuttack Apmc Market,2025-12-29,0.5,0,0.5,19.26,26.6,13.7,81.0,7
Odisha,Cuttack,Cuttack Apmc Market,2026-01-05,0.0,0,0.0,18.09,26.4,10.9,64.43,7
Odisha,Cuttack,Cuttack Apmc Market,2026-01-12,0.0,0,0.0,18.73,26.9,11.6,64.0,7
Odisha,Cuttack,Cuttack Apmc Market,2026-01-19,0.0,0,0.0,21.14,29.9,14.0,67.43,7
Odisha,Cuttack,Cuttack Apmc Market,2026-01-26,0.0,0,0.0,22.3,29.2,16.0,72.14,7
Odisha,Cuttack,Cuttack Apmc Market,2026-02-02,0.0,0,0.0,22.46,30.6,16.1,67.86,7
Odisha,Cuttack,Cuttack Apmc Market,2026-02-09,0.0,0,0.0,23.3,31.8,15.9,67.0,7
Odisha,Cuttack,Cuttack Apmc Market,2026-02-16,0.0,0,0.0,25.06,33.8,18.2,61.57,7
Odisha,Cuttack,Cuttack Apmc Market,2026-02-23,1.4,0,0.8,26.31,36.3,19.9,68.0,7
Odisha,Cuttack,Cuttack Apmc Market,2026-03-02,0.6,0,0.4,28.17,37.1,20.8,63.86,7
Odisha,Cuttack,Cuttack Apmc Market,2026-03-09,4.7,1,2.9,28.74,37.5,23.5,70.43,7
Odisha,Cuttack,Cuttack Apmc Market,2026-03-16,4.2,0,2.0,27.39,35.8,21.0,68.43,7
Odisha,Cuttack,Cuttack Apmc Market,2026-03-23,6.4,1,3.4,29.04,37.8,23.1,69.14,7
Odisha,Cuttack,Cuttack Apmc Market,2026-03-30,1.0,0,0.9,30.1,38.8,25.1,68.29,7
Odisha,Cuttack,Cuttack Apmc Market,2026-04-06,23.7,3,10.7,28.06,36.8,22.9,77.57,7
Odisha,Cuttack,Cuttack Apmc Market,2026-04-13,10.1,2,7.4,30.39,37.8,25.7,77.43,7
Odisha,Cuttack,Cuttack Apmc Market,2026-04-20,19.3,1,17.6,30.93,40.8,25.6,73.71,7
Odisha,Cuttack,Cuttack Apmc Market,2026-04-27,5.6,0,1.6,29.86,37.1,22.9,74.43,7
Odisha,Cuttack,Cuttack Apmc Market,2026-05-04,29.7,3,17.9,28.91,35.6,24.7,76.71,7
Odisha,Cuttack,Cuttack Apmc Market,2026-05-11,4.4,0,1.4,30.9,38.3,25.5,71.43,7
Odisha,Cuttack,Cuttack Apmc Market,2026-05-18,39.7,3,17.5,32.56,39.9,28.5,75.57,7
Odisha,Cuttack,Cuttack Apmc Market,2026-05-25,29.3,4,19.1,30.73,37.1,25.3,78.86,7
Odisha,Cuttack,Cuttack Apmc Market,2026-06-01,27.3,2,16.7,31.53,37.5,27.2,77.14,7
Odisha,Cuttack,Cuttack Apmc Market,2026-06-08,78.2,4,39.4,30.77,37.7,26.6,77.86,7
Odisha,Cuttack,Cuttack Apmc Market,2026-06-15,31.2,3,14.6,30.29,36.4,26.2,79.57,7
Odisha,Cuttack,Cuttack Apmc Market,2026-06-22,56.4,5,17.2,29.83,35.2,26.4,82.0,7
Odisha,Cuttack,Cuttack Apmc Market,2026-06-29,289.5,7,86.8,27.73,33.6,25.4,90.43,7
Odisha,Cuttack,Cuttack Apmc Market,2026-07-06,48.6,3,31.3,29.51,34.6,25.4,79.57,7
Odisha,Cuttack,Cuttack Apmc Market,2026-07-13,258.9,6,150.6,28.17,34.4,24.9,87.43,7
Odisha,Cuttack,Cuttack Apmc Market,2026-07-20,233.2,7,89.3,27.39,32.2,25.2,91.43,7
Odisha,Cuttack,Cuttack Apmc Market,2026-07-27,170.7,7,96.5,28.57,32.6,25.2,84.29,7
Odisha,Cuttack,Cuttack Apmc Market,2026-08-03,112.1,6,33.3,28.6,33.7,25.3,88.29,7
Odisha,Cuttack,Cuttack Apmc Market,2026-08-10,177.8,7,32.1,27.83,32.4,25.1,90.86,7
Odisha,Cuttack,Cuttack Apmc Market,2026-08-17,128.3,6,39.8,28.24,33.2,25.6,86.86,7
Odisha,Cuttack,Cuttack Apmc Market,2026-08-24,132.7,7,57.2,28.23,33.5,25.8,89.14,7
Odisha,Cuttack,Cuttack Apmc Market,2026-08-31,69.1,4,39.2,28.6,33.5,25.4,81.71,7
Odisha,Cuttack,Cuttack Apmc Market,2026-09-07,104.3,5,40.0,28.19,33.7,25.0,85.57,7
Odisha,Cuttack,Cuttack Apmc Market,2026-09-14,46.2,6,11.8,28.9,34.1,24.8,85.0,7
Odisha,Cuttack,Cuttack Apmc Market,2026-09-21,189.4,6,45.9,27.16,32.4,24.8,88.29,7
Odisha,Cuttack,Cuttack Apmc Market,2026-09-28,8.6,1,8.2,29.4,33.8,25.0,75.6,5
Odisha,Sambalpur,Sambalpur Apmc Market,2025-09-29,87.1,6,36.4,26.61,31.8,24.0,90.14,7
Odisha,Sambalpur,Sambalpur Apmc Market,2025-10-06,17.8,5,4.9,26.41,31.5,22.4,86.14,7
Odisha,Sambalpur,Sambalpur Apmc Market,2025-10-13,0.6,0,0.6,26.0,31.4,20.6,77.71,7
Odisha,Sambalpur,Sambalpur Apmc Market,2025-10-20,0.9,0,0.3,26.77,32.1,22.4,76.71,7
Odisha,Sambalpur,Sambalpur Apmc Market,2025-10-27,14.8,2,7.6,26.57,31.5,23.0,82.14,7
Odisha,Sambalpur,Sambalpur Apmc Market,2025-11-03,0.0,0,0.0,23.74,30.7,15.7,70.43,7
Odisha,Sambalpur,Sambalpur Apmc Market,2025-11-10,0.0,0,0.0,19.83,27.6,13.2,66.71,7
Odisha,Sambalpur,Sambalpur Apmc Market,2025-11-17,0.0,0,0.0,20.63,28.9,13.2,71.43,7
Odisha,Sambalpur,Sambalpur Apmc Market,2025-11-24,0.0,0,0.0,19.9,28.5,13.4,68.43,7
Odisha,Sambalpur,Sambalpur Apmc Market,2025-12-01,0.4,0,0.4,18.96,27.0,11.9,71.0,7
Odisha,Sambalpur,Sambalpur Apmc Market,2025-12-08,0.0,0,0.0,18.07,26.8,10.4,63.71,7
Odisha,Sambalpur,Sambalpur Apmc Market,2025-12-15,0.0,0,0.0,18.07,26.2,11.5,69.86,7
Odisha,Sambalpur,Sambalpur Apmc Market,2025-12-22,0.0,0,0.0,17.91,26.2,10.9,67.71,7
Odisha,Sambalpur,Sambalpur Apmc Market,2025-12-29,0.0,0,0.0,18.44,27.1,10.7,64.14,7
Odisha,Sambalpur,Sambalpur Apmc Market,2026-01-05,0.0,0,0.0,17.49,26.6,8.9,53.0,7
Odisha,Sambalpur,Sambalpur Apmc Market,2026-01-12,0.0,0,0.0,18.23,28.0,9.9,51.14,7
Odisha,Sambalpur,Sambalpur Apmc Market,2026-01-19,0.0,0,0.0,20.23,29.5,12.2,50.71,7
Odisha,Sambalpur,Sambalpur Apmc Market,2026-01-26,0.0,0,0.0,21.69,29.7,14.0,55.14,7
Odisha,Sambalpur,Sambalpur Apmc Market,2026-02-02,0.0,0,0.0,22.2,30.3,13.4,47.71,7
Odisha,Sambalpur,Sambalpur Apmc Market,2026-02-09,0.0,0,0.0,22.31,31.7,13.0,43.14,7
Odisha,Sambalpur,Sambalpur Apmc Market,2026-02-16,0.0,0,0.0,24.21,32.9,14.2,41.57,7
Odisha,Sambalpur,Sambalpur Apmc Market,2026-02-23,0.4,0,0.3,25.31,33.8,16.6,44.29,7
Odisha,Sambalpur,Sambalpur Apmc Market,2026-03-02,0.0,0,0.0,27.01,34.9,17.8,45.71,7
Odisha,Sambalpur,Sambalpur Apmc Market,2026-03-09,0.3,0,0.3,28.99,37.5,20.6,43.71,7
Odisha,Sambalpur,Sambalpur Apmc Market,2026-03-16,7.3,1,3.6,26.13,33.9,18.9,53.29,7
Odisha,Sambalpur,Sambalpur Apmc Market,2026-03-23,0.8,0,0.8,27.93,37.1,18.0,47.0,7
Odisha,Sambalpur,Sambalpur Apmc Market,2026-03-30,0.6,0,0.4,29.76,38.3,22.4,49.14,7
Odisha,Sambalpur,Sambalpur Apmc Market,2026-04-06,10.6,2,5.7,28.04,37.5,20.4,51.71,7
Odisha,Sambalpur,Sambalpur Apmc Market,2026-04-13,0.0,0,0.0,32.41,40.8,22.7,43.29,7
Odisha,Sambalpur,Sambalpur Apmc Market,2026-04-20,0.3,0,0.3,33.29,42.1,24.1,35.14,7
Odisha,Sambalpur,Sambalpur Apmc Market,2026-04-27,3.1,0,1.6,32.07,42.3,22.9,45.43,7
Odisha,Sambalpur,Sambalpur Apmc Market,2026-05-04,1.5,0,0.6,29.81,38.0,23.5,56.14,7
Odisha,Sambalpur,Sambalpur Apmc Market,2026-05-11,0.5,0,0.3,31.44,37.9,24.7,60.71,7
Odisha,Sambalpur,Sambalpur Apmc Market,2026-05-18,1.9,0,1.9,33.83,40.7,27.8,51.57,7
Odisha,Sambalpur,Sambalpur Apmc Market,2026-05-25,15.9,2,10.7,32.63,41.3,24.7,57.29,7
Odisha,Sambalpur,Sambalpur Apmc Market,2026-06-01,3.2,0,1.2,32.23,38.3,25.9,58.86,7
Odisha,Sambalpur,Sambalpur Apmc Market,2026-06-08,6.4,1,3.0,32.17,38.4,26.1,57.57,7
Odisha,Sambalpur,Sambalpur Apmc Market,2026-06-15,4.3,0,1.4,32.01,38.4,26.6,59.57,7
Odisha,Sambalpur,Sambalpur Apmc Market,2026-06-22,20.5,4,6.7,31.16,37.2,25.8,66.29,7
Odisha,Sambalpur,Sambalpur Apmc Market,2026-06-29,204.2,6,54.9,27.93,37.0,24.7,87.0,7
Odisha,Sambalpur,Sambalpur Apmc Market,2026-07-06,74.4,4,40.3,28.69,33.7,25.1,79.0,7
Odisha,Sambalpur,Sambalpur Apmc Market,2026-07-13,142.6,5,53.3,28.27,34.0,25.1,83.86,7
Odisha,Sambalpur,Sambalpur Apmc Market,2026-07-20,187.4,6,54.9,26.83,31.7,24.3,88.14,7
Odisha,Sambalpur,Sambalpur Apmc Market,2026-07-27,164.5,7,74.8,27.59,32.8,24.1,87.86,7
Odisha,Sambalpur,Sambalpur Apmc Market,2026-08-03,132.6,7,45.3,27.43,33.2,24.0,90.14,7
Odisha,Sambalpur,Sambalpur Apmc Market,2026-08-10,141.8,7,42.8,27.41,32.0,24.6,89.86,7
Odisha,Sambalpur,Sambalpur Apmc Market,2026-08-17,175.0,7,49.9,26.91,31.1,24.5,89.71,7
Odisha,Sambalpur,Sambalpur Apmc Market,2026-08-24,144.3,7,38.9,27.31,31.7,24.7,89.86,7
Odisha,Sambalpur,Sambalpur Apmc Market,2026-08-31,77.3,5,26.9,26.94,31.4,24.2,85.14,7
Odisha,Sambalpur,Sambalpur Apmc Market,2026-09-07,79.9,4,43.0,27.8,32.6,24.5,84.14,7
Odisha,Sambalpur,Sambalpur Apmc Market,2026-09-14,20.1,4,6.9,28.44,33.0,24.6,83.29,7
Odisha,Sambalpur,Sambalpur Apmc Market,2026-09-21,131.6,6,40.5,26.51,31.6,22.6,88.29,7
Odisha,Sambalpur,Sambalpur Apmc Market,2026-09-28,0.0,0,0.0,27.94,32.3,24.0,76.4,5
Punjab,Amritsar,Amritsar Apmc Market,2025-09-29,25.1,2,12.6,27.51,34.9,19.6,71.57,7
Punjab,Amritsar,Amritsar Apmc Market,2025-10-06,57.6,2,53.5,22.3,30.0,16.7,74.71,7
Punjab,Amritsar,Amritsar Apmc Market,2025-10-13,0.0,0,0.0,24.34,31.2,17.7,66.57,7
Punjab,Amritsar,Amritsar Apmc Market,2025-10-20,0.0,0,0.0,23.94,31.4,17.4,63.29,7
Punjab,Amritsar,Amritsar Apmc Market,2025-10-27,0.0,0,0.0,23.01,29.5,17.2,70.43,7
Punjab,Amritsar,Amritsar Apmc Market,2025-11-03,15.0,1,14.3,19.47,29.6,11.6,62.14,7
Punjab,Amritsar,Amritsar Apmc Market,2025-11-10,0.0,0,0.0,17.44,25.8,10.2,62.29,7
Punjab,Amritsar,Amritsar Apmc Market,2025-11-17,0.0,0,0.0,16.87,24.7,10.3,67.86,7
Punjab,Amritsar,Amritsar Apmc Market,2025-11-24,0.0,0,0.0,14.33,22.8,6.4,71.14,7
Punjab,Amritsar,Amritsar Apmc Market,2025-12-01,0.0,0,0.0,13.44,22.1,6.6,69.43,7
Punjab,Amritsar,Amritsar Apmc Market,2025-12-08,0.0,0,0.0,14.46,22.4,6.8,77.14,7
Punjab,Amritsar,Amritsar Apmc Market,2025-12-15,0.0,0,0.0,14.39,21.6,9.6,85.29,7
Punjab,Amritsar,Amritsar Apmc Market,2025-12-22,0.3,0,0.2,13.17,20.6,5.2,83.43,7
Punjab,Amritsar,Amritsar Apmc Market,2025-12-29,3.2,1,2.8,11.23,17.2,7.1,91.71,7
Punjab,Amritsar,Amritsar Apmc Market,2026-01-05,1.2,0,0.7,8.96,16.1,4.0,91.29,7
Punjab,Amritsar,Amritsar Apmc Market,2026-01-12,0.0,0,0.0,7.89,16.8,3.4,93.29,7
Punjab,Amritsar,Amritsar Apmc Market,2026-01-19,14.7,2,12.0,11.27,20.0,3.8,81.14,7
Punjab,Amritsar,Amritsar Apmc Market,2026-01-26,30.8,2,26.8,12.26,19.1,7.2,84.14,7
Punjab,Amritsar,Amritsar Apmc Market,2026-02-02,0.0,0,0.0,13.69,21.1,6.4,77.14,7
Punjab,Amritsar,Amritsar Apmc Market,2026-02-09,0.0,0,0.0,16.09,24.7,6.5,73.0,7
Punjab,Amritsar,Amritsar Apmc Market,2026-02-16,0.1,0,0.1,18.06,25.5,10.1,77.43,7
Punjab,Amritsar,Amritsar Apmc Market,2026-02-23,0.4,0,0.4,19.43,28.0,10.2,71.29,7
Punjab,Amritsar,Amritsar Apmc Market,2026-03-02,0.0,0,0.0,23.26,32.2,14.3,62.43,7
Punjab,Amritsar,Amritsar Apmc Market,2026-03-09,13.3,2,9.5,22.89,32.5,14.9,71.43,7
Punjab,Amritsar,Amritsar Apmc Market,2026-03-16,16.0,4,6.8,17.7,26.5,12.6,77.71,7
Punjab,Amritsar,Amritsar Apmc Market,2026-03-23,17.4,1,15.3,23.34,30.6,16.1,59.86,7
Punjab,Amritsar,Amritsar Apmc Market,2026-03-30,21.9,2,10.6,22.93,33.5,15.4,64.0,7
Punjab,Amritsar,Amritsar Apmc Market,2026-04-06,18.9,3,9.5,20.66,30.2,13.7,65.71,7
Punjab,Amritsar,Amritsar Apmc Market,2026-04-13,0.0,0,0.0,27.16,36.8,17.1,42.0,7
Punjab,Amritsar,Amritsar Apmc Market,2026-04-20,0.1,0,0.1,31.17,40.1,21.8,32.29,7
Punjab,Amritsar,Amritsar Apmc Market,2026-04-27,1.9,0,1.2,29.19,39.6,21.4,42.57,7
Punjab,Amritsar,Amritsar Apmc Market,2026-05-04,0.3,0,0.2,28.19,36.8,19.6,48.29,7
Punjab,Amritsar,Amritsar Apmc Market,2026-05-11,5.0,1,4.4,29.93,38.8,21.6,48.86,7
Punjab,Amritsar,Amritsar Apmc Market,2026-05-18,0.7,0,0.6,33.86,42.7,25.8,34.0,7
Punjab,Amritsar,Amritsar Apmc Market,2026-05-25,2.7,0,1.8,31.66,42.6,21.3,38.0,7
Punjab,Amritsar,Amritsar Apmc Market,2026-06-01,7.0,1,5.4,31.76,39.6,24.3,43.86,7
Punjab,Amritsar,Amritsar Apmc Market,2026-06-08,23.2,1,21.2,32.06,42.5,21.5,47.71,7
Punjab,Amritsar,Amritsar Apmc Market,2026-06-15,4.8,0,1.7,30.0,36.2,24.1,62.29,7
Punjab,Amritsar,Amritsar Apmc Market,2026-06-22,19.0,2,9.6,30.69,37.3,24.0,64.71,7
Punjab,Amritsar,Amritsar Apmc Market,2026-06-29,10.5,2,5.5,31.41,36.5,24.5,71.71,7
Punjab,Amritsar,Amritsar Apmc Market,2026-07-06,38.2,3,15.6,29.6,34.6,24.1,79.0,7
Punjab,Amritsar,Amritsar Apmc Market,2026-07-13,1.2,0,0.6,31.11,36.5,25.8,72.43,7
Punjab,Amritsar,Amritsar Apmc Market,2026-07-20,139.1,5,50.2,28.13,33.6,24.2,86.0,7
Punjab,Amritsar,Amritsar Apmc Market,2026-07-27,41.2,4,22.1,29.59,34.3,24.8,82.57,7
Punjab,Amritsar,Amritsar Apmc Market,2026-08-03,28.5,5,9.2,29.09,34.0,24.6,83.14,7
Punjab,Amritsar,Amritsar Apmc Market,2026-08-10,35.2,3,17.7,29.86,35.0,24.1,83.29,7
Punjab,Amritsar,Amritsar Apmc Market,2026-08-17,42.4,6,9.5,29.24,33.9,23.7,83.43,7
Punjab,Amritsar,Amritsar Apmc Market,2026-08-24,1.8,0,1.4,31.24,35.4,26.0,73.43,7
Punjab,Amritsar,Amritsar Apmc Market,2026-08-31,22.5,4,6.6,29.34,34.7,22.4,76.29,7
Punjab,Amritsar,Amritsar Apmc Market,2026-09-07,0.8,0,0.4,29.96,34.6,25.0,71.14,7
Punjab,Amritsar,Amritsar Apmc Market,2026-09-14,13.0,1,8.4,27.61,32.7,20.6,75.29,7
Punjab,Amritsar,Amritsar Apmc Market,2026-09-21,4.1,1,4.0,28.33,33.8,23.6,73.57,7
Punjab,Amritsar,Amritsar Apmc Market,2026-09-28,0.1,0,0.1,26.98,33.4,21.6,70.6,5
Punjab,Bathinda,Bathinda Apmc Market,2025-09-29,3.2,0,2.2,29.07,35.3,22.0,69.14,7
Punjab,Bathinda,Bathinda Apmc Market,2025-10-06,19.4,2,13.9,23.1,30.7,18.5,73.57,7
Punjab,Bathinda,Bathinda Apmc Market,2025-10-13,0.0,0,0.0,25.11,32.6,18.4,59.86,7
Punjab,Bathinda,Bathinda Apmc Market,2025-10-20,0.0,0,0.0,24.96,32.7,18.5,55.43,7
Punjab,Bathinda,Bathinda Apmc Market,2025-10-27,0.0,0,0.0,23.73,30.7,17.4,63.71,7
Punjab,Bathinda,Bathinda Apmc Market,2025-11-03,0.4,0,0.4,20.26,30.9,11.8,55.57,7
Punjab,Bathinda,Bathinda Apmc Market,2025-11-10,0.0,0,0.0,18.09,26.9,10.8,58.57,7
Punjab,Bathinda,Bathinda Apmc Market,2025-11-17,0.0,0,0.0,17.76,26.1,10.6,63.29,7
Punjab,Bathinda,Bathinda Apmc Market,2025-11-24,0.0,0,0.0,15.53,24.1,7.3,65.0,7
Punjab,Bathinda,Bathinda Apmc Market,2025-12-01,0.0,0,0.0,14.29,23.4,6.9,63.43,7
Punjab,Bathinda,Bathinda Apmc Market,2025-12-08,0.0,0,0.0,16.04,24.2,9.4,71.57,7
Punjab,Bathinda,Bathinda Apmc Market,2025-12-15,0.0,0,0.0,15.24,23.5,7.1,80.29,7
Punjab,Bathinda,Bathinda Apmc Market,2025-12-22,0.0,0,0.0,14.49,22.2,7.5,78.0,7
Punjab,Bathinda,Bathinda Apmc Market,2025-12-29,5.2,1,3.5,12.63,20.1,5.0,86.71,7
Punjab,Bathinda,Bathinda Apmc Market,2026-01-05,0.0,0,0.0,9.49,16.7,4.8,89.14,7
Punjab,Bathinda,Bathinda Apmc Market,2026-01-12,0.0,0,0.0,9.69,19.5,2.3,87.86,7
Punjab,Bathinda,Bathinda Apmc Market,2026-01-19,13.6,2,9.0,12.81,22.3,4.0,72.29,7
Punjab,Bathinda,Bathinda Apmc Market,2026-01-26,2.9,1,2.5,13.44,20.6,5.1,78.0,7
Punjab,Bathinda,Bathinda Apmc Market,2026-02-02,0.0,0,0.0,15.81,24.4,8.0,63.0,7
Punjab,Bathinda,Bathinda Apmc Market,2026-02-09,2.7,1,2.7,18.27,27.8,9.4,58.43,7
Punjab,Bathinda,Bathinda Apmc Market,2026-02-16,3.5,0,2.3,19.87,28.7,11.9,63.14,7
Punjab,Bathinda,Bathinda Apmc Market,2026-02-23,0.0,0,0.0,21.34,29.8,13.7,56.71,7
Punjab,Bathinda,Bathinda Apmc Market,2026-03-02,0.0,0,0.0,24.69,34.3,16.1,53.0,7
Punjab,Bathinda,Bathinda Apmc Market,2026-03-09,1.9,0,1.9,24.96,34.0,18.2,55.29,7
Punjab,Bathinda,Bathinda Apmc Market,2026-03-16,8.1,1,6.2,19.51,27.5,14.0,70.43,7
Punjab,Bathinda,Bathinda Apmc Market,2026-03-23,4.7,1,4.0,24.9,31.9,16.8,53.57,7
Punjab,Bathinda,Bathinda Apmc Market,2026-03-30,6.1,1,3.9,24.17,35.0,16.7,58.57,7
Punjab,Bathinda,Bathinda Apmc Market,2026-04-06,6.0,1,5.2,23.31,33.4,14.7,50.57,7
Punjab,Bathinda,Bathinda Apmc Market,2026-04-13,0.0,0,0.0,30.3,39.5,19.0,28.14,7
Punjab,Bathinda,Bathinda Apmc Market,2026-04-20,0.0,0,0.0,33.36,41.7,23.3,24.57,7
Punjab,Bathinda,Bathinda Apmc Market,2026-04-27,0.6,0,0.4,31.54,42.3,22.9,35.57,7
Punjab,Bathinda,Bathinda Apmc Market,2026-05-04,3.0,1,2.9,29.6,38.9,21.4,43.71,7
Punjab,Bathinda,Bathinda Apmc Market,2026-05-11,2.8,0,1.4,32.7,41.6,24.5,39.57,7
Punjab,Bathinda,Bathinda Apmc Market,2026-05-18,0.5,0,0.5,35.9,43.5,28.0,27.29,7
Punjab,Bathinda,Bathinda Apmc Market,2026-05-25,0.5,0,0.3,33.46,43.5,23.1,36.29,7
Punjab,Bathinda,Bathinda Apmc Market,2026-06-01,4.3,1,3.0,33.09,40.3,25.3,41.14,7
Punjab,Bathinda,Bathinda Apmc Market,2026-06-08,4.0,0,2.4,33.7,43.6,25.0,44.57,7
Punjab,Bathinda,Bathinda Apmc Market,2026-06-15,4.6,1,2.6,32.46,39.0,25.4,50.0,7
Punjab,Bathinda,Bathinda Apmc Market,2026-06-22,8.4,1,5.5,33.37,39.7,23.9,52.29,7
Punjab,Bathinda,Bathinda Apmc Market,2026-06-29,13.4,2,7.0,33.86,41.0,25.7,58.86,7
Punjab,Bathinda,Bathinda Apmc Market,2026-07-06,26.0,4,10.9,31.84,37.9,25.4,69.71,7
Punjab,Bathinda,Bathinda Apmc Market,2026-07-13,1.3,0,0.5,34.73,39.1,28.0,50.29,7
Punjab,Bathinda,Bathinda Apmc Market,2026-07-20,45.8,5,13.5,30.31,37.8,25.4,77.14,7
Punjab,Bathinda,Bathinda Apmc Market,2026-07-27,12.9,3,4.9,31.51,35.9,27.0,73.29,7
Punjab,Bathinda,Bathinda Apmc Market,2026-08-03,49.2,7,14.1,29.77,34.7,24.8,81.43,7
Punjab,Bathinda,Bathinda Apmc Market,2026-08-10,19.3,2,7.2,30.93,34.8,26.1,79.0,7
Punjab,Bathinda,Bathinda Apmc Market,2026-08-17,25.5,2,12.5,32.01,36.3,25.1,65.14,7
Punjab,Bathinda,Bathinda Apmc Market,2026-08-24,0.0,0,0.0,32.09,36.2,28.1,65.29,7
Punjab,Bathinda,Bathinda Apmc Market,2026-08-31,7.2,1,3.1,30.94,35.3,25.8,67.71,7
Punjab,Bathinda,Bathinda Apmc Market,2026-09-07,3.4,0,2.2,30.8,35.8,26.7,66.0,7
Punjab,Bathinda,Bathinda Apmc Market,2026-09-14,3.0,0,2.0,29.31,34.8,23.1,68.71,7
Punjab,Bathinda,Bathinda Apmc Market,2026-09-21,0.0,0,0.0,29.23,34.7,23.7,69.0,7
Punjab,Bathinda,Bathinda Apmc Market,2026-09-28,0.8,0,0.8,28.26,36.2,21.8,65.8,5
Punjab,Jalandhar,Jalandhar Apmc Market,2025-09-29,20.4,2,13.2,27.87,35.2,19.9,70.86,7
Punjab,Jalandhar,Jalandhar Apmc Market,2025-10-06,23.9,2,17.9,22.07,30.7,16.9,78.29,7
Punjab,Jalandhar,Jalandhar Apmc Market,2025-10-13,0.0,0,0.0,24.37,31.9,18.0,69.43,7
Punjab,Jalandhar,Jalandhar Apmc Market,2025-10-20,0.0,0,0.0,24.16,31.9,16.8,62.86,7
Punjab,Jalandhar,Jalandhar Apmc Market,2025-10-27,0.0,0,0.0,23.4,30.7,16.7,66.29,7
Punjab,Jalandhar,Jalandhar Apmc Market,2025-11-03,0.0,0,0.0,20.13,30.0,11.3,59.57,7
Punjab,Jalandhar,Jalandhar Apmc Market,2025-11-10,0.0,0,0.0,17.73,26.4,10.5,60.29,7
Punjab,Jalandhar,Jalandhar Apmc Market,2025-11-17,0.0,0,0.0,17.11,25.2,9.8,66.14,7
Punjab,Jalandhar,Jalandhar Apmc Market,2025-11-24,0.0,0,0.0,14.57,22.7,6.4,70.29,7
Punjab,Jalandhar,Jalandhar Apmc Market,2025-12-01,0.0,0,0.0,13.34,23.0,6.1,69.43,7
Punjab,Jalandhar,Jalandhar Apmc Market,2025-12-08,0.0,0,0.0,14.59,22.7,6.3,74.29,7
Punjab,Jalandhar,Jalandhar Apmc Market,2025-12-15,0.0,0,0.0,14.06,22.0,9.0,86.43,7
Punjab,Jalandhar,Jalandhar Apmc Market,2025-12-22,0.0,0,0.0,12.56,19.2,5.8,88.14,7
Punjab,Jalandhar,Jalandhar Apmc Market,2025-12-29,21.7,1,21.7,11.36,17.7,7.6,92.29,7
Punjab,Jalandhar,Jalandhar Apmc Market,2026-01-05,0.0,0,0.0,8.99,16.1,4.1,91.71,7
Punjab,Jalandhar,Jalandhar Apmc Market,2026-01-12,0.0,0,0.0,8.3,16.9,1.9,92.0,7
Punjab,Jalandhar,Jalandhar Apmc Market,2026-01-19,62.4,1,61.2,11.41,21.0,4.0,80.71,7
Punjab,Jalandhar,Jalandhar Apmc Market,2026-01-26,23.8,1,23.5,12.37,18.9,6.3,87.0,7
Punjab,Jalandhar,Jalandhar Apmc Market,2026-02-02,0.0,0,0.0,13.1,20.9,5.8,83.57,7
Punjab,Jalandhar,Jalandhar Apmc Market,2026-02-09,0.0,0,0.0,15.87,25.0,8.8,76.0,7
Punjab,Jalandhar,Jalandhar Apmc Market,2026-02-16,0.0,0,0.0,18.26,25.9,9.5,74.0,7
Punjab,Jalandhar,Jalandhar Apmc Market,2026-02-23,0.0,0,0.0,19.27,27.3,12.4,76.0,7
Punjab,Jalandhar,Jalandhar Apmc Market,2026-03-02,0.0,0,0.0,21.9,31.5,12.6,73.0,7
Punjab,Jalandhar,Jalandhar Apmc Market,2026-03-09,10.9,1,9.4,22.4,31.5,14.8,74.43,7
Punjab,Jalandhar,Jalandhar Apmc Market,2026-03-16,22.1,2,13.1,17.57,25.8,11.7,78.57,7
Punjab,Jalandhar,Jalandhar Apmc Market,2026-03-23,18.0,2,12.1,22.54,29.4,15.3,67.14,7
Punjab,Jalandhar,Jalandhar Apmc Market,2026-03-30,22.0,2,12.3,22.57,33.0,15.1,67.43,7
Punjab,Jalandhar,Jalandhar Apmc Market,2026-04-06,12.9,2,7.5,20.69,29.7,12.7,63.43,7
Punjab,Jalandhar,Jalandhar Apmc Market,2026-04-13,0.0,0,0.0,27.06,37.0,17.2,40.29,7
Punjab,Jalandhar,Jalandhar Apmc Market,2026-04-20,0.5,0,0.5,30.5,39.8,20.1,35.71,7
Punjab,Jalandhar,Jalandhar Apmc Market,2026-04-27,1.7,0,1.6,28.59,38.8,21.0,45.86,7
Punjab,Jalandhar,Jalandhar Apmc Market,2026-05-04,1.1,0,0.4,26.79,35.9,19.1,55.14,7
Punjab,Jalandhar,Jalandhar Apmc Market,2026-05-11,10.3,1,10.2,29.73,39.1,21.7,49.71,7
Punjab,Jalandhar,Jalandhar Apmc Market,2026-05-18,0.2,0,0.1,34.31,43.0,26.2,30.14,7
Punjab,Jalandhar,Jalandhar Apmc Market,2026-05-25,17.5,1,17.5,31.71,42.3,20.6,37.71,7
Punjab,Jalandhar,Jalandhar Apmc Market,2026-06-01,2.1,0,0.7,32.03,40.1,23.8,44.43,7
Punjab,Jalandhar,Jalandhar Apmc Market,2026-06-08,29.5,3,19.4,31.69,42.4,21.5,48.29,7
Punjab,Jalandhar,Jalandhar Apmc Market,2026-06-15,4.7,0,1.2,31.07,38.3,25.4,55.57,7
Punjab,Jalandhar,Jalandhar Apmc Market,2026-06-22,16.2,1,13.5,32.44,39.1,25.2,53.0,7
Punjab,Jalandhar,Jalandhar Apmc Market,2026-06-29,25.6,3,12.2,31.26,38.4,25.1,71.71,7
Punjab,Jalandhar,Jalandhar Apmc Market,2026-07-06,31.5,4,15.3,29.29,35.1,23.7,80.57,7
Punjab,Jalandhar,Jalandhar Apmc Market,2026-07-13,2.3,0,0.7,31.16,36.3,25.4,72.71,7
Punjab,Jalandhar,Jalandhar Apmc Market,2026-07-20,87.5,7,23.7,28.61,33.5,25.0,85.43,7
Punjab,Jalandhar,Jalandhar Apmc Market,2026-07-27,44.3,4,15.1,29.51,34.2,24.8,83.29,7
Punjab,Jalandhar,Jalandhar Apmc Market,2026-08-03,41.0,5,16.8,28.59,33.2,25.2,86.0,7
Punjab,Jalandhar,Jalandhar Apmc Market,2026-08-10,26.3,4,7.8,29.69,34.8,24.3,84.14,7
Punjab,Jalandhar,Jalandhar Apmc Market,2026-08-17,31.1,5,12.7,29.19,33.3,24.3,83.14,7
Punjab,Jalandhar,Jalandhar Apmc Market,2026-08-24,3.9,0,1.1,30.57,34.9,24.9,77.0,7
Punjab,Jalandhar,Jalandhar Apmc Market,2026-08-31,34.6,5,8.7,28.56,33.9,22.9,80.29,7
Punjab,Jalandhar,Jalandhar Apmc Market,2026-09-07,5.2,0,1.5,29.66,34.6,24.9,73.14,7
Punjab,Jalandhar,Jalandhar Apmc Market,2026-09-14,19.8,2,14.1,27.61,33.2,21.5,74.14,7
Punjab,Jalandhar,Jalandhar Apmc Market,2026-09-21,4.9,1,3.5,28.0,34.3,21.6,74.71,7
Punjab,Jalandhar,Jalandhar Apmc Market,2026-09-28,16.0,1,16.0,25.96,32.7,20.9,77.4,5
Punjab,Ludhiana,Ludhiana Apmc Market,2025-09-29,18.9,2,12.8,29.04,36.8,21.2,65.57,7
Punjab,Ludhiana,Ludhiana Apmc Market,2025-10-06,20.9,2,13.2,22.4,30.6,17.2,78.57,7
Punjab,Ludhiana,Ludhiana Apmc Market,2025-10-13,0.0,0,0.0,25.49,32.9,18.5,61.71,7
Punjab,Ludhiana,Ludhiana Apmc Market,2025-10-20,0.3,0,0.3,24.93,32.9,17.8,58.0,7
Punjab,Ludhiana,Ludhiana Apmc Market,2025-10-27,0.0,0,0.0,24.04,31.1,17.7,63.0,7
Punjab,Ludhiana,Ludhiana Apmc Market,2025-11-03,0.0,0,0.0,20.87,30.5,13.4,55.0,7
Punjab,Ludhiana,Ludhiana Apmc Market,2025-11-10,0.0,0,0.0,18.5,26.7,11.6,55.0,7
Punjab,Ludhiana,Ludhiana Apmc Market,2025-11-17,0.0,0,0.0,17.83,25.9,11.4,64.29,7
Punjab,Ludhiana,Ludhiana Apmc Market,2025-11-24,0.0,0,0.0,15.6,23.4,8.6,65.0,7
Punjab,Ludhiana,Ludhiana Apmc Market,2025-12-01,0.0,0,0.0,14.19,23.4,7.0,65.29,7
Punjab,Ludhiana,Ludhiana Apmc Market,2025-12-08,0.0,0,0.0,15.44,23.5,8.2,73.0,7
Punjab,Ludhiana,Ludhiana Apmc Market,2025-12-15,0.0,0,0.0,14.86,22.7,10.4,83.29,7
Punjab,Ludhiana,Ludhiana Apmc Market,2025-12-22,0.0,0,0.0,13.73,20.6,7.7,83.71,7
Punjab,Ludhiana,Ludhiana Apmc Market,2025-12-29,16.3,1,16.0,12.06,18.5,8.3,90.57,7
Punjab,Ludhiana,Ludhiana Apmc Market,2026-01-05,0.1,0,0.1,9.64,16.2,4.6,91.14,7
Punjab,Ludhiana,Ludhiana Apmc Market,2026-01-12,0.0,0,0.0,9.17,17.5,4.2,91.29,7
Punjab,Ludhiana,Ludhiana Apmc Market,2026-01-19,71.8,1,71.8,12.2,21.6,5.1,79.71,7
Punjab,Ludhiana,Ludhiana Apmc Market,2026-01-26,14.5,1,12.4,12.94,18.9,6.3,87.0,7
Punjab,Ludhiana,Ludhiana Apmc Market,2026-02-02,0.0,0,0.0,14.01,21.3,8.0,82.29,7
Punjab,Ludhiana,Ludhiana Apmc Market,2026-02-09,0.0,0,0.0,16.66,25.5,9.8,72.86,7
Punjab,Ludhiana,Ludhiana Apmc Market,2026-02-16,1.0,0,1.0,18.97,26.6,10.1,71.86,7
Punjab,Ludhiana,Ludhiana Apmc Market,2026-02-23,0.0,0,0.0,20.29,28.4,12.7,69.86,7
Punjab,Ludhiana,Ludhiana Apmc Market,2026-03-02,0.0,0,0.0,23.31,33.0,14.1,66.14,7
Punjab,Ludhiana,Ludhiana Apmc Market,2026-03-09,3.3,1,3.3,23.96,33.9,16.8,65.86,7
Punjab,Ludhiana,Ludhiana Apmc Market,2026-03-16,33.0,3,14.6,17.79,25.0,12.1,81.43,7
Punjab,Ludhiana,Ludhiana Apmc Market,2026-03-23,10.4,3,4.0,22.93,30.2,16.3,66.29,7
Punjab,Ludhiana,Ludhiana Apmc Market,2026-03-30,15.3,2,9.9,23.56,33.9,16.5,63.43,7
Punjab,Ludhiana,Ludhiana Apmc Market,2026-04-06,16.4,3,6.6,21.2,30.0,13.8,62.86,7
Punjab,Ludhiana,Ludhiana Apmc Market,2026-04-13,0.0,0,0.0,27.84,37.7,17.0,39.86,7
Punjab,Ludhiana,Ludhiana Apmc Market,2026-04-20,0.2,0,0.2,31.24,39.8,21.6,32.71,7
Punjab,Ludhiana,Ludhiana Apmc Market,2026-04-27,1.8,0,1.6,29.3,39.7,21.5,43.57,7
Punjab,Ludhiana,Ludhiana Apmc Market,2026-05-04,3.3,0,2.2,27.09,36.2,19.7,55.0,7
Punjab,Ludhiana,Ludhiana Apmc Market,2026-05-11,6.2,1,5.8,30.6,39.2,22.2,46.71,7
Punjab,Ludhiana,Ludhiana Apmc Market,2026-05-18,0.2,0,0.1,34.49,43.4,26.6,31.0,7
Punjab,Ludhiana,Ludhiana Apmc Market,2026-05-25,15.4,1,15.2,31.71,42.4,21.3,38.0,7
Punjab,Ludhiana,Ludhiana Apmc Market,2026-06-01,4.2,1,3.1,31.84,40.0,23.8,45.86,7
Punjab,Ludhiana,Ludhiana Apmc Market,2026-06-08,15.9,2,9.5,31.9,42.4,22.2,48.43,7
Punjab,Ludhiana,Ludhiana Apmc Market,2026-06-15,2.7,0,1.0,31.54,39.0,24.7,55.43,7
Punjab,Ludhiana,Ludhiana Apmc Market,2026-06-22,4.5,1,3.4,33.06,38.9,26.8,50.43,7
Punjab,Ludhiana,Ludhiana Apmc Market,2026-06-29,43.5,3,17.2,31.41,39.3,25.4,72.43,7
Punjab,Ludhiana,Ludhiana Apmc Market,2026-07-06,28.1,4,13.4,29.49,35.1,25.1,80.29,7
Punjab,Ludhiana,Ludhiana Apmc Market,2026-07-13,3.5,0,1.4,31.94,37.6,24.9,70.0,7
Punjab,Ludhiana,Ludhiana Apmc Market,2026-07-20,72.0,5,21.5,28.94,34.4,24.1,83.29,7
Punjab,Ludhiana,Ludhiana Apmc Market,2026-07-27,19.9,3,10.2,30.13,35.4,26.0,78.57,7
Punjab,Ludhiana,Ludhiana Apmc Market,2026-08-03,50.2,4,16.4,29.19,34.5,24.8,81.43,7
Punjab,Ludhiana,Ludhiana Apmc Market,2026-08-10,20.7,2,9.4,30.19,35.6,25.8,80.86,7
Punjab,Ludhiana,Ludhiana Apmc Market,2026-08-17,32.8,4,8.3,29.81,35.0,24.1,79.43,7
Punjab,Ludhiana,Ludhiana Apmc Market,2026-08-24,3.4,0,1.1,32.16,37.3,26.0,64.86,7
Punjab,Ludhiana,Ludhiana Apmc Market,2026-08-31,15.8,3,5.0,29.73,35.7,24.2,73.86,7
Punjab,Ludhiana,Ludhiana Apmc Market,2026-09-07,3.4,0,0.9,30.84,36.0,25.0,65.57,7
Punjab,Ludhiana,Ludhiana Apmc Market,2026-09-14,13.0,1,9.9,28.49,34.2,21.5,70.0,7
Punjab,Ludhiana,Ludhiana Apmc Market,2026-09-21,5.0,0,1.7,28.67,34.9,23.6,71.43,7
Punjab,Ludhiana,Ludhiana Apmc Market,2026-09-28,6.5,1,6.5,26.86,33.6,21.4,71.8,5
Punjab,Patiala,Patiala Apmc Market,2025-09-29,5.7,1,3.6,29.37,36.7,21.7,63.29,7
Punjab,Patiala,Patiala Apmc Market,2025-10-06,42.1,3,28.9,22.64,29.9,17.9,78.71,7
Punjab,Patiala,Patiala Apmc Market,2025-10-13,0.0,0,0.0,25.0,33.2,19.1,65.43,7
Punjab,Patiala,Patiala Apmc Market,2025-10-20,0.0,0,0.0,24.96,33.2,17.5,58.57,7
Punjab,Patiala,Patiala Apmc Market,2025-10-27,0.4,0,0.4,24.03,31.2,17.0,63.71,7
Punjab,Patiala,Patiala Apmc Market,2025-11-03,1.3,0,1.3,21.29,30.2,13.8,52.43,7
Punjab,Patiala,Patiala Apmc Market,2025-11-10,0.0,0,0.0,19.09,27.3,12.1,50.0,7
Punjab,Patiala,Patiala Apmc Market,2025-11-17,0.0,0,0.0,18.27,26.4,10.9,62.14,7
Punjab,Patiala,Patiala Apmc Market,2025-11-24,0.0,0,0.0,16.17,24.8,9.2,62.57,7
Punjab,Patiala,Patiala Apmc Market,2025-12-01,0.0,0,0.0,15.09,25.0,7.9,59.57,7
Punjab,Patiala,Patiala Apmc Market,2025-12-08,0.0,0,0.0,16.43,25.0,9.4,65.57,7
Punjab,Patiala,Patiala Apmc Market,2025-12-15,0.0,0,0.0,14.97,24.1,9.9,80.14,7
Punjab,Patiala,Patiala Apmc Market,2025-12-22,0.0,0,0.0,13.84,22.2,7.2,84.0,7
Punjab,Patiala,Patiala Apmc Market,2025-12-29,3.0,0,2.4,11.96,18.8,7.6,89.57,7
Punjab,Patiala,Patiala Apmc Market,2026-01-05,0.0,0,0.0,9.9,16.2,4.8,90.43,7
Punjab,Patiala,Patiala Apmc Market,2026-01-12,0.0,0,0.0,9.67,18.2,4.2,91.29,7
Punjab,Patiala,Patiala Apmc Market,2026-01-19,43.5,1,43.5,12.73,22.3,5.2,77.43,7
Punjab,Patiala,Patiala Apmc Market,2026-01-26,35.9,1,31.8,12.99,19.4,6.2,88.0,7
Punjab,Patiala,Patiala Apmc Market,2026-02-02,0.0,0,0.0,14.33,21.2,8.6,82.0,7
Punjab,Patiala,Patiala Apmc Market,2026-02-09,0.0,0,0.0,16.87,26.2,9.4,71.86,7
Punjab,Patiala,Patiala Apmc Market,2026-02-16,0.0,0,0.0,19.43,27.8,12.6,66.43,7
Punjab,Patiala,Patiala Apmc Market,2026-02-23,0.0,0,0.0,21.17,29.9,13.9,62.0,7
Punjab,Patiala,Patiala Apmc Market,2026-03-02,0.0,0,0.0,24.6,34.6,15.9,57.43,7
Punjab,Patiala,Patiala Apmc Market,2026-03-09,0.9,0,0.9,25.5,36.2,16.3,54.0,7
Punjab,Patiala,Patiala Apmc Market,2026-03-16,14.3,3,6.5,19.2,29.1,11.6,73.43,7
Punjab,Patiala,Patiala Apmc Market,2026-03-23,4.3,1,3.4,24.43,33.0,16.2,55.14,7
Punjab,Patiala,Patiala Apmc Market,2026-03-30,7.3,1,3.5,24.94,36.4,17.8,54.14,7
Punjab,Patiala,Patiala Apmc Market,2026-04-06,26.0,2,14.3,21.97,31.6,14.3,58.0,7
Punjab,Patiala,Patiala Apmc Market,2026-04-13,0.0,0,0.0,29.09,39.5,18.4,32.86,7
Punjab,Patiala,Patiala Apmc Market,2026-04-20,0.0,0,0.0,32.41,41.2,22.7,27.29,7
Punjab,Patiala,Patiala Apmc Market,2026-04-27,3.7,1,3.4,29.6,40.7,20.9,44.14,7
Punjab,Patiala,Patiala Apmc Market,2026-05-04,4.1,0,2.1,26.66,34.8,19.6,55.71,7
Punjab,Patiala,Patiala Apmc Market,2026-05-11,5.3,1,3.1,31.0,39.8,23.0,44.71,7
Punjab,Patiala,Patiala Apmc Market,2026-05-18,0.0,0,0.0,35.23,43.4,27.6,27.29,7
Punjab,Patiala,Patiala Apmc Market,2026-05-25,21.9,1,21.4,31.54,42.8,21.0,40.71,7
Punjab,Patiala,Patiala Apmc Market,2026-06-01,2.6,0,1.8,31.2,39.3,23.4,49.43,7
Punjab,Patiala,Patiala Apmc Market,2026-06-08,10.4,1,8.8,32.04,42.3,23.4,49.29,7
Punjab,Patiala,Patiala Apmc Market,2026-06-15,4.4,1,3.2,31.67,38.2,25.3,53.71,7
Punjab,Patiala,Patiala Apmc Market,2026-06-22,2.8,0,1.7,32.9,38.6,27.0,51.57,7
Punjab,Patiala,Patiala Apmc Market,2026-06-29,52.3,4,29.0,30.94,38.3,25.4,73.57,7
Punjab,Patiala,Patiala Apmc Market,2026-07-06,26.9,4,9.0,29.19,34.3,25.3,81.71,7
Punjab,Patiala,Patiala Apmc Market,2026-07-13,3.1,0,1.8,31.5,35.4,24.4,71.29,7
Punjab,Patiala,Patiala Apmc Market,2026-07-20,43.9,5,13.6,28.67,34.1,25.2,83.71,7
Punjab,Patiala,Patiala Apmc Market,2026-07-27,21.8,4,8.7,29.31,34.4,25.4,82.57,7
Punjab,Patiala,Patiala Apmc Market,2026-08-03,25.8,4,10.6,28.59,33.2,25.4,85.86,7
Punjab,Patiala,Patiala Apmc Market,2026-08-10,21.7,2,12.9,29.33,34.6,25.4,84.0,7
Punjab,Patiala,Patiala Apmc Market,2026-08-17,25.5,4,6.1,29.27,33.5,25.3,82.14,7
Punjab,Patiala,Patiala Apmc Market,2026-08-24,5.5,0,1.6,30.51,35.2,26.3,75.43,7
Punjab,Patiala,Patiala Apmc Market,2026-08-31,16.5,2,9.8,28.8,34.2,23.8,78.86,7
Punjab,Patiala,Patiala Apmc Market,2026-09-07,9.0,1,6.6,29.33,34.4,24.0,74.29,7
Punjab,Patiala,Patiala Apmc Market,2026-09-14,2.7,0,1.8,27.86,32.6,22.7,74.86,7
Punjab,Patiala,Patiala Apmc Market,2026-09-21,1.9,0,1.1,27.81,33.4,22.6,73.43,7
Punjab,Patiala,Patiala Apmc Market,2026-09-28,14.1,1,14.1,25.92,32.3,21.1,76.8,5
Rajasthan,Alwar,Alwar Apmc Market,2025-09-29,17.3,2,10.7,27.53,33.2,22.7,75.29,7
Rajasthan,Alwar,Alwar Apmc Market,2025-10-06,14.4,1,13.4,23.39,30.2,17.5,69.57,7
Rajasthan,Alwar,Alwar Apmc Market,2025-10-13,0.0,0,0.0,24.41,31.3,17.5,53.0,7
Rajasthan,Alwar,Alwar Apmc Market,2025-10-20,0.1,0,0.1,24.11,31.4,17.3,56.57,7
Rajasthan,Alwar,Alwar Apmc Market,2025-10-27,13.0,2,7.5,22.21,30.2,17.7,76.43,7
Rajasthan,Alwar,Alwar Apmc Market,2025-11-03,0.2,0,0.2,20.24,31.3,11.4,51.86,7
Rajasthan,Alwar,Alwar Apmc Market,2025-11-10,0.0,0,0.0,18.3,27.7,11.1,50.43,7
Rajasthan,Alwar,Alwar Apmc Market,2025-11-17,0.0,0,0.0,18.06,26.3,10.2,61.0,7
Rajasthan,Alwar,Alwar Apmc Market,2025-11-24,0.0,0,0.0,16.83,25.4,9.8,63.43,7
Rajasthan,Alwar,Alwar Apmc Market,2025-12-01,0.0,0,0.0,15.97,26.1,8.7,60.14,7
Rajasthan,Alwar,Alwar Apmc Market,2025-12-08,0.0,0,0.0,16.9,26.2,9.2,61.43,7
Rajasthan,Alwar,Alwar Apmc Market,2025-12-15,0.0,0,0.0,15.64,25.4,9.7,74.29,7
Rajasthan,Alwar,Alwar Apmc Market,2025-12-22,0.0,0,0.0,14.57,24.3,7.7,73.43,7
Rajasthan,Alwar,Alwar Apmc Market,2025-12-29,3.1,1,3.0,13.23,21.9,7.3,84.43,7
Rajasthan,Alwar,Alwar Apmc Market,2026-01-05,0.0,0,0.0,10.99,18.7,6.2,81.43,7
Rajasthan,Alwar,Alwar Apmc Market,2026-01-12,0.0,0,0.0,13.23,23.2,4.9,75.14,7
Rajasthan,Alwar,Alwar Apmc Market,2026-01-19,12.6,1,12.6,14.36,23.7,5.1,70.0,7
Rajasthan,Alwar,Alwar Apmc Market,2026-01-26,19.9,2,14.3,13.76,21.8,5.2,83.14,7
Rajasthan,Alwar,Alwar Apmc Market,2026-02-02,0.0,0,0.0,15.63,25.4,9.2,69.43,7
Rajasthan,Alwar,Alwar Apmc Market,2026-02-09,0.0,0,0.0,18.2,28.0,10.9,63.14,7
Rajasthan,Alwar,Alwar Apmc Market,2026-02-16,15.0,1,14.3,19.14,29.2,12.2,65.29,7
Rajasthan,Alwar,Alwar Apmc Market,2026-02-23,0.2,0,0.2,21.79,30.7,14.8,48.71,7
Rajasthan,Alwar,Alwar Apmc Market,2026-03-02,0.0,0,0.0,24.67,35.1,15.3,44.0,7
Rajasthan,Alwar,Alwar Apmc Market,2026-03-09,0.9,0,0.9,25.87,35.6,18.4,42.0,7
Rajasthan,Alwar,Alwar Apmc Market,2026-03-16,16.5,2,8.2,21.54,32.2,13.8,63.71,7
Rajasthan,Alwar,Alwar Apmc Market,2026-03-23,2.9,1,2.5,25.0,35.1,17.2,50.57,7
Rajasthan,Alwar,Alwar Apmc Market,2026-03-30,6.9,1,3.3,25.3,35.2,18.5,50.57,7
Rajasthan,Alwar,Alwar Apmc Market,2026-04-06,17.9,2,11.5,23.69,34.0,16.2,48.29,7
Rajasthan,Alwar,Alwar Apmc Market,2026-04-13,0.0,0,0.0,29.81,39.9,19.3,28.86,7
Rajasthan,Alwar,Alwar Apmc Market,2026-04-20,0.0,0,0.0,32.76,41.4,23.9,21.57,7
Rajasthan,Alwar,Alwar Apmc Market,2026-04-27,0.6,0,0.6,31.07,41.8,20.5,37.29,7
Rajasthan,Alwar,Alwar Apmc Market,2026-05-04,2.0,0,1.6,27.77,35.8,21.0,50.0,7
Rajasthan,Alwar,Alwar Apmc Market,2026-05-11,1.1,0,0.6,32.23,40.7,25.1,39.29,7
Rajasthan,Alwar,Alwar Apmc Market,2026-05-18,0.0,0,0.0,35.39,42.7,27.3,25.14,7
Rajasthan,Alwar,Alwar Apmc Market,2026-05-25,11.2,1,10.1,33.27,44.8,23.1,38.71,7
Rajasthan,Alwar,Alwar Apmc Market,2026-06-01,10.9,2,3.9,30.84,39.4,22.5,51.43,7
Rajasthan,Alwar,Alwar Apmc Market,2026-06-08,3.2,0,2.4,32.56,40.7,24.2,48.86,7
Rajasthan,Alwar,Alwar Apmc Market,2026-06-15,1.6,0,0.6,31.26,38.2,24.7,50.29,7
Rajasthan,Alwar,Alwar Apmc Market,2026-06-22,5.1,0,2.1,31.84,39.0,26.0,54.14,7
Rajasthan,Alwar,Alwar Apmc Market,2026-06-29,48.5,3,35.1,31.24,39.1,25.3,66.86,7
Rajasthan,Alwar,Alwar Apmc Market,2026-07-06,39.6,2,21.4,30.21,35.9,25.9,72.14,7
Rajasthan,Alwar,Alwar Apmc Market,2026-07-13,5.4,0,1.9,32.0,36.5,27.7,58.86,7
Rajasthan,Alwar,Alwar Apmc Market,2026-07-20,66.1,5,23.0,28.43,33.4,23.9,81.86,7
Rajasthan,Alwar,Alwar Apmc Market,2026-07-27,57.9,6,19.3,29.2,34.1,25.1,80.71,7
Rajasthan,Alwar,Alwar Apmc Market,2026-08-03,120.3,7,35.4,27.44,33.1,24.5,90.29,7
Rajasthan,Alwar,Alwar Apmc Market,2026-08-10,60.0,4,27.5,28.89,33.7,24.5,83.57,7
Rajasthan,Alwar,Alwar Apmc Market,2026-08-17,10.9,2,3.2,29.56,33.7,25.8,73.86,7
Rajasthan,Alwar,Alwar Apmc Market,2026-08-24,15.7,3,6.2,29.0,34.5,23.7,76.0,7
Rajasthan,Alwar,Alwar Apmc Market,2026-08-31,73.1,4,41.0,27.63,33.6,23.7,81.14,7
Rajasthan,Alwar,Alwar Apmc Market,2026-09-07,27.1,3,14.1,28.43,34.2,23.5,73.0,7
Rajasthan,Alwar,Alwar Apmc Market,2026-09-14,7.8,2,2.9,27.84,33.9,21.3,74.0,7
Rajasthan,Alwar,Alwar Apmc Market,2026-09-21,3.4,1,2.6,27.6,35.5,20.5,69.29,7
Rajasthan,Alwar,Alwar Apmc Market,2026-09-28,0.6,0,0.6,27.18,34.8,21.4,63.4,5
Rajasthan,Bikaner,Bikaner Apmc Market,2025-09-29,5.1,1,4.7,30.0,37.4,25.3,63.0,7
Rajasthan,Bikaner,Bikaner Apmc Market,2025-10-06,31.5,1,31.1,25.11,33.4,19.9,63.0,7
Rajasthan,Bikaner,Bikaner Apmc Market,2025-10-13,0.0,0,0.0,26.96,34.4,19.6,39.14,7
Rajasthan,Bikaner,Bikaner Apmc Market,2025-10-20,0.0,0,0.0,26.93,33.8,19.7,36.0,7
Rajasthan,Bikaner,Bikaner Apmc Market,2025-10-27,0.0,0,0.0,25.17,32.8,18.4,48.29,7
Rajasthan,Bikaner,Bikaner Apmc Market,2025-11-03,0.0,0,0.0,23.27,33.4,13.5,34.43,7
Rajasthan,Bikaner,Bikaner Apmc Market,2025-11-10,0.0,0,0.0,20.66,29.4,11.3,32.29,7
Rajasthan,Bikaner,Bikaner Apmc Market,2025-11-17,0.0,0,0.0,19.66,28.3,11.2,37.86,7
Rajasthan,Bikaner,Bikaner Apmc Market,2025-11-24,0.2,0,0.2,18.73,27.0,11.9,42.14,7
Rajasthan,Bikaner,Bikaner Apmc Market,2025-12-01,0.0,0,0.0,17.19,26.3,9.1,39.14,7
Rajasthan,Bikaner,Bikaner Apmc Market,2025-12-08,0.0,0,0.0,18.36,27.7,9.2,40.57,7
Rajasthan,Bikaner,Bikaner Apmc Market,2025-12-15,0.0,0,0.0,18.3,29.8,9.0,50.14,7
Rajasthan,Bikaner,Bikaner Apmc Market,2025-12-22,0.0,0,0.0,17.23,27.0,7.6,50.0,7
Rajasthan,Bikaner,Bikaner Apmc Market,2025-12-29,2.4,0,2.4,14.93,25.8,8.0,69.57,7
Rajasthan,Bikaner,Bikaner Apmc Market,2026-01-05,0.0,0,0.0,10.96,18.6,3.8,78.86,7
Rajasthan,Bikaner,Bikaner Apmc Market,2026-01-12,0.0,0,0.0,13.81,26.0,3.4,65.71,7
Rajasthan,Bikaner,Bikaner Apmc Market,2026-01-19,6.3,1,6.3,14.23,27.6,4.4,59.43,7
Rajasthan,Bikaner,Bikaner Apmc Market,2026-01-26,1.3,0,1.0,14.7,23.3,5.5,63.29,7
Rajasthan,Bikaner,Bikaner Apmc Market,2026-02-02,0.0,0,0.0,17.69,27.5,9.4,46.43,7
Rajasthan,Bikaner,Bikaner Apmc Market,2026-02-09,0.0,0,0.0,20.53,30.8,11.1,41.43,7
Rajasthan,Bikaner,Bikaner Apmc Market,2026-02-16,0.6,0,0.4,21.93,31.6,13.9,46.57,7
Rajasthan,Bikaner,Bikaner Apmc Market,2026-02-23,0.0,0,0.0,24.97,34.0,16.8,30.29,7
Rajasthan,Bikaner,Bikaner Apmc Market,2026-03-02,0.0,0,0.0,27.56,37.7,17.5,27.0,7
Rajasthan,Bikaner,Bikaner Apmc Market,2026-03-09,0.0,0,0.0,28.73,37.6,19.8,25.43,7
Rajasthan,Bikaner,Bikaner Apmc Market,2026-03-16,8.8,1,7.2,23.33,32.4,16.4,49.29,7
Rajasthan,Bikaner,Bikaner Apmc Market,2026-03-23,4.4,1,3.8,27.99,36.2,20.5,37.29,7
Rajasthan,Bikaner,Bikaner Apmc Market,2026-03-30,0.6,0,0.6,26.23,35.8,18.3,43.14,7
Rajasthan,Bikaner,Bikaner Apmc Market,2026-04-06,7.8,1,7.7,25.6,35.2,16.6,40.43,7
Rajasthan,Bikaner,Bikaner Apmc Market,2026-04-13,0.0,0,0.0,32.2,41.1,21.6,23.0,7
Rajasthan,Bikaner,Bikaner Apmc Market,2026-04-20,0.0,0,0.0,34.31,43.1,24.9,21.29,7
Rajasthan,Bikaner,Bikaner Apmc Market,2026-04-27,0.0,0,0.0,34.46,43.6,26.1,24.57,7
Rajasthan,Bikaner,Bikaner Apmc Market,2026-05-04,0.1,0,0.1,32.9,42.7,22.5,29.57,7
Rajasthan,Bikaner,Bikaner Apmc Market,2026-05-11,3.4,0,1.5,35.01,43.9,26.2,29.86,7
Rajasthan,Bikaner,Bikaner Apmc Market,2026-05-18,0.0,0,0.0,37.01,44.6,29.4,21.29,7
Rajasthan,Bikaner,Bikaner Apmc Market,2026-05-25,0.6,0,0.5,36.16,45.3,24.8,31.0,7
Rajasthan,Bikaner,Bikaner Apmc Market,2026-06-01,2.5,0,2.3,34.23,42.3,25.9,39.71,7
Rajasthan,Bikaner,Bikaner Apmc Market,2026-06-08,0.9,0,0.8,36.31,43.7,26.2,37.86,7
Rajasthan,Bikaner,Bikaner Apmc Market,2026-06-15,8.7,1,7.6,32.87,39.8,25.0,49.29,7
Rajasthan,Bikaner,Bikaner Apmc Market,2026-06-22,5.4,1,4.2,34.56,41.9,26.3,42.71,7
Rajasthan,Bikaner,Bikaner Apmc Market,2026-06-29,4.5,0,2.3,36.14,42.1,28.9,41.57,7
Rajasthan,Bikaner,Bikaner Apmc Market,2026-07-06,9.6,1,6.5,33.6,40.2,27.3,54.86,7
Rajasthan,Bikaner,Bikaner Apmc Market,2026-07-13,0.6,0,0.6,34.66,39.3,30.1,44.0,7
Rajasthan,Bikaner,Bikaner Apmc Market,2026-07-20,43.9,4,27.3,31.33,39.4,25.9,67.71,7
Rajasthan,Bikaner,Bikaner Apmc Market,2026-07-27,14.8,2,7.9,32.69,37.9,28.2,64.29,7
Rajasthan,Bikaner,Bikaner Apmc Market,2026-08-03,45.4,4,16.0,30.64,36.2,26.2,72.43,7
Rajasthan,Bikaner,Bikaner Apmc Market,2026-08-10,39.6,3,23.3,31.0,36.5,26.1,70.86,7
Rajasthan,Bikaner,Bikaner Apmc Market,2026-08-17,0.0,0,0.0,31.6,36.9,27.5,58.57,7
Rajasthan,Bikaner,Bikaner Apmc Market,2026-08-24,0.0,0,0.0,33.14,39.0,27.6,49.57,7
Rajasthan,Bikaner,Bikaner Apmc Market,2026-08-31,14.6,1,14.6,32.37,37.9,26.6,50.57,7
Rajasthan,Bikaner,Bikaner Apmc Market,2026-09-07,1.9,0,1.0,32.6,38.9,27.2,49.29,7
Rajasthan,Bikaner,Bikaner Apmc Market,2026-09-14,5.4,1,3.0,31.5,37.9,24.2,55.43,7
Rajasthan,Bikaner,Bikaner Apmc Market,2026-09-21,0.6,0,0.5,32.84,40.2,25.9,41.29,7
Rajasthan,Bikaner,Bikaner Apmc Market,2026-09-28,0.8,0,0.8,30.32,37.7,24.4,45.6,5
Rajasthan,Jaipur,Jaipur Apmc Market,2025-09-29,29.2,4,15.5,26.86,32.9,22.2,78.43,7
Rajasthan,Jaipur,Jaipur Apmc Market,2025-10-06,33.0,2,30.4,23.53,30.3,18.0,67.0,7
Rajasthan,Jaipur,Jaipur Apmc Market,2025-10-13,0.0,0,0.0,24.59,30.9,18.8,49.14,7
Rajasthan,Jaipur,Jaipur Apmc Market,2025-10-20,0.0,0,0.0,24.64,31.2,18.2,50.29,7
Rajasthan,Jaipur,Jaipur Apmc Market,2025-10-27,17.3,2,7.4,21.74,28.5,18.0,79.86,7
Rajasthan,Jaipur,Jaipur Apmc Market,2025-11-03,0.3,0,0.3,20.59,29.6,12.1,54.57,7
Rajasthan,Jaipur,Jaipur Apmc Market,2025-11-10,0.0,0,0.0,18.56,26.5,11.9,50.57,7
Rajasthan,Jaipur,Jaipur Apmc Market,2025-11-17,0.0,0,0.0,18.1,25.3,11.5,60.86,7
Rajasthan,Jaipur,Jaipur Apmc Market,2025-11-24,0.9,0,0.9,18.09,26.0,11.4,63.0,7
Rajasthan,Jaipur,Jaipur Apmc Market,2025-12-01,0.0,0,0.0,17.43,25.6,9.6,51.86,7
Rajasthan,Jaipur,Jaipur Apmc Market,2025-12-08,0.0,0,0.0,18.73,27.3,12.2,44.86,7
Rajasthan,Jaipur,Jaipur Apmc Market,2025-12-15,0.0,0,0.0,17.94,27.1,11.5,59.0,7
Rajasthan,Jaipur,Jaipur Apmc Market,2025-12-22,0.0,0,0.0,16.16,26.5,8.3,59.86,7
Rajasthan,Jaipur,Jaipur Apmc Market,2025-12-29,3.1,1,3.0,14.24,22.1,7.2,76.14,7
Rajasthan,Jaipur,Jaipur Apmc Market,2026-01-05,7.8,1,7.8,11.96,19.6,6.4,78.86,7
Rajasthan,Jaipur,Jaipur Apmc Market,2026-01-12,0.0,0,0.0,15.07,24.1,7.4,66.0,7
Rajasthan,Jaipur,Jaipur Apmc Market,2026-01-19,9.8,1,9.8,15.39,25.0,5.6,60.14,7
Rajasthan,Jaipur,Jaipur Apmc Market,2026-01-26,20.0,1,18.5,14.9,22.2,6.5,75.86,7
Rajasthan,Jaipur,Jaipur Apmc Market,2026-02-02,0.0,0,0.0,17.01,25.7,10.2,58.14,7
Rajasthan,Jaipur,Jaipur Apmc Market,2026-02-09,0.0,0,0.0,20.03,28.5,12.0,51.0,7
Rajasthan,Jaipur,Jaipur Apmc Market,2026-02-16,13.1,1,12.6,19.89,28.7,13.2,61.43,7
Rajasthan,Jaipur,Jaipur Apmc Market,2026-02-23,2.6,1,2.6,22.66,31.5,15.8,46.86,7
Rajasthan,Jaipur,Jaipur Apmc Market,2026-03-02,0.0,0,0.0,26.77,36.0,17.8,30.71,7
Rajasthan,Jaipur,Jaipur Apmc Market,2026-03-09,0.4,0,0.4,27.8,36.2,19.9,28.14,7
Rajasthan,Jaipur,Jaipur Apmc Market,2026-03-16,22.9,2,16.0,22.91,32.2,15.1,54.14,7
Rajasthan,Jaipur,Jaipur Apmc Market,2026-03-23,0.7,0,0.7,26.13,35.4,17.7,45.29,7
Rajasthan,Jaipur,Jaipur Apmc Market,2026-03-30,9.3,2,4.4,25.47,34.0,19.3,49.86,7
Rajasthan,Jaipur,Jaipur Apmc Market,2026-04-06,9.2,1,8.1,24.83,35.5,16.7,42.86,7
Rajasthan,Jaipur,Jaipur Apmc Market,2026-04-13,0.0,0,0.0,31.66,39.4,21.4,21.57,7
Rajasthan,Jaipur,Jaipur Apmc Market,2026-04-20,0.0,0,0.0,33.97,41.6,26.0,17.43,7
Rajasthan,Jaipur,Jaipur Apmc Market,2026-04-27,0.6,0,0.6,33.36,42.1,23.1,26.57,7
Rajasthan,Jaipur,Jaipur Apmc Market,2026-05-04,0.3,0,0.3,29.53,38.2,22.0,40.57,7
Rajasthan,Jaipur,Jaipur Apmc Market,2026-05-11,0.7,0,0.4,34.47,42.1,26.5,28.14,7
Rajasthan,Jaipur,Jaipur Apmc Market,2026-05-18,0.0,0,0.0,36.41,42.7,30.8,19.86,7
Rajasthan,Jaipur,Jaipur Apmc Market,2026-05-25,1.2,0,0.8,34.03,43.7,23.8,35.43,7
Rajasthan,Jaipur,Jaipur Apmc Market,2026-06-01,4.7,0,1.8,31.24,39.3,21.9,47.86,7
Rajasthan,Jaipur,Jaipur Apmc Market,2026-06-08,10.0,1,8.2,32.96,41.0,23.4,47.71,7
Rajasthan,Jaipur,Jaipur Apmc Market,2026-06-15,5.0,0,1.8,30.8,36.4,25.1,53.57,7
Rajasthan,Jaipur,Jaipur Apmc Market,2026-06-22,7.0,1,2.5,32.07,39.3,22.9,50.43,7
Rajasthan,Jaipur,Jaipur Apmc Market,2026-06-29,39.4,3,17.8,31.34,38.3,24.4,64.14,7
Rajasthan,Jaipur,Jaipur Apmc Market,2026-07-06,10.3,2,4.2,29.69,34.8,25.3,71.0,7
Rajasthan,Jaipur,Jaipur Apmc Market,2026-07-13,2.1,0,1.1,32.29,37.0,27.7,52.0,7
Rajasthan,Jaipur,Jaipur Apmc Market,2026-07-20,51.1,3,30.7,28.3,34.4,24.7,78.29,7
Rajasthan,Jaipur,Jaipur Apmc Market,2026-07-27,64.6,6,36.4,28.64,33.6,24.9,79.86,7
Rajasthan,Jaipur,Jaipur Apmc Market,2026-08-03,44.8,6,14.0,27.56,32.3,24.9,85.14,7
Rajasthan,Jaipur,Jaipur Apmc Market,2026-08-10,38.4,4,10.8,28.29,32.5,25.5,82.57,7
Rajasthan,Jaipur,Jaipur Apmc Market,2026-08-17,2.8,0,1.5,28.8,33.1,24.9,70.71,7
Rajasthan,Jaipur,Jaipur Apmc Market,2026-08-24,11.9,2,6.2,28.53,33.2,23.9,72.57,7
Rajasthan,Jaipur,Jaipur Apmc Market,2026-08-31,33.0,3,15.3,27.71,33.6,24.2,73.86,7
Rajasthan,Jaipur,Jaipur Apmc Market,2026-09-07,4.5,1,3.0,28.56,34.1,24.8,68.71,7
Rajasthan,Jaipur,Jaipur Apmc Market,2026-09-14,17.4,2,10.7,27.87,33.8,21.7,71.0,7
Rajasthan,Jaipur,Jaipur Apmc Market,2026-09-21,2.9,0,1.9,28.84,37.0,21.9,60.0,7
Rajasthan,Jaipur,Jaipur Apmc Market,2026-09-28,1.8,0,1.6,28.12,34.6,22.9,55.4,5
Rajasthan,Jodhpur,Jodhpur Apmc Market,2025-09-29,21.1,2,12.6,28.6,35.7,24.5,72.0,7
Rajasthan,Jodhpur,Jodhpur Apmc Market,2025-10-06,16.3,1,16.3,25.81,33.9,19.6,57.86,7
Rajasthan,Jodhpur,Jodhpur Apmc Market,2025-10-13,0.0,0,0.0,27.99,34.8,21.2,34.29,7
Rajasthan,Jodhpur,Jodhpur Apmc Market,2025-10-20,0.0,0,0.0,28.13,34.8,21.3,33.0,7
Rajasthan,Jodhpur,Jodhpur Apmc Market,2025-10-27,0.8,0,0.7,25.57,33.3,20.6,59.0,7
Rajasthan,Jodhpur,Jodhpur Apmc Market,2025-11-03,16.5,1,14.4,23.66,32.4,14.8,46.29,7
Rajasthan,Jodhpur,Jodhpur Apmc Market,2025-11-10,0.0,0,0.0,22.11,29.9,13.6,36.14,7
Rajasthan,Jodhpur,Jodhpur Apmc Market,2025-11-17,0.0,0,0.0,21.29,29.6,13.5,38.14,7
Rajasthan,Jodhpur,Jodhpur Apmc Market,2025-11-24,0.0,0,0.0,22.26,29.2,15.7,47.14,7
Rajasthan,Jodhpur,Jodhpur Apmc Market,2025-12-01,0.0,0,0.0,20.53,29.7,12.9,33.71,7
Rajasthan,Jodhpur,Jodhpur Apmc Market,2025-12-08,0.0,0,0.0,20.81,29.4,12.6,34.14,7
Rajasthan,Jodhpur,Jodhpur Apmc Market,2025-12-15,0.0,0,0.0,21.39,30.5,12.7,39.43,7
Rajasthan,Jodhpur,Jodhpur Apmc Market,2025-12-22,0.0,0,0.0,19.53,29.5,11.1,43.0,7
Rajasthan,Jodhpur,Jodhpur Apmc Market,2025-12-29,1.7,0,1.0,17.24,27.0,10.0,62.14,7
Rajasthan,Jodhpur,Jodhpur Apmc Market,2026-01-05,0.0,0,0.0,14.59,23.1,7.3,60.86,7
Rajasthan,Jodhpur,Jodhpur Apmc Market,2026-01-12,0.0,0,0.0,17.63,27.5,8.8,47.29,7
Rajasthan,Jodhpur,Jodhpur Apmc Market,2026-01-19,2.1,0,2.1,16.87,28.4,6.9,43.14,7
Rajasthan,Jodhpur,Jodhpur Apmc Market,2026-01-26,0.0,0,0.0,17.93,26.8,9.1,49.86,7
Rajasthan,Jodhpur,Jodhpur Apmc Market,2026-02-02,0.0,0,0.0,20.66,28.9,13.5,36.0,7
Rajasthan,Jodhpur,Jodhpur Apmc Market,2026-02-09,0.0,0,0.0,22.83,31.6,14.6,34.57,7
Rajasthan,Jodhpur,Jodhpur Apmc Market,2026-02-16,0.2,0,0.2,23.7,31.6,16.0,40.86,7
Rajasthan,Jodhpur,Jodhpur Apmc Market,2026-02-23,0.0,0,0.0,26.2,33.6,16.5,29.14,7
Rajasthan,Jodhpur,Jodhpur Apmc Market,2026-03-02,0.0,0,0.0,28.47,37.5,19.7,27.57,7
Rajasthan,Jodhpur,Jodhpur Apmc Market,2026-03-09,0.0,0,0.0,29.54,37.7,21.1,22.57,7
Rajasthan,Jodhpur,Jodhpur Apmc Market,2026-03-16,9.7,2,6.1,25.19,34.9,16.4,43.29,7
Rajasthan,Jodhpur,Jodhpur Apmc Market,2026-03-23,0.0,0,0.0,29.4,35.8,23.1,33.71,7
Rajasthan,Jodhpur,Jodhpur Apmc Market,2026-03-30,7.2,1,5.2,26.43,33.9,20.1,45.0,7
Rajasthan,Jodhpur,Jodhpur Apmc Market,2026-04-06,7.1,1,6.5,27.21,37.3,19.2,36.29,7
Rajasthan,Jodhpur,Jodhpur Apmc Market,2026-04-13,0.0,0,0.0,33.09,40.7,23.3,21.43,7
Rajasthan,Jodhpur,Jodhpur Apmc Market,2026-04-20,0.0,0,0.0,34.04,42.9,25.3,20.86,7
Rajasthan,Jodhpur,Jodhpur Apmc Market,2026-04-27,1.6,0,1.5,34.74,42.9,27.9,28.29,7
Rajasthan,Jodhpur,Jodhpur Apmc Market,2026-05-04,0.0,0,0.0,33.94,43.3,23.5,27.0,7
Rajasthan,Jodhpur,Jodhpur Apmc Market,2026-05-11,0.0,0,0.0,36.4,43.5,28.9,23.71,7
Rajasthan,Jodhpur,Jodhpur Apmc Market,2026-05-18,0.0,0,0.0,35.74,42.7,29.2,26.14,7
Rajasthan,Jodhpur,Jodhpur Apmc Market,2026-05-25,0.4,0,0.4,34.54,42.4,26.1,42.14,7
Rajasthan,Jodhpur,Jodhpur Apmc Market,2026-06-01,4.1,0,1.7,34.04,40.7,24.9,45.86,7
Rajasthan,Jodhpur,Jodhpur Apmc Market,2026-06-08,0.5,0,0.3,34.79,41.2,27.2,48.43,7
Rajasthan,Jodhpur,Jodhpur Apmc Market,2026-06-15,3.1,0,1.1,32.96,37.9,25.7,51.0,7
Rajasthan,Jodhpur,Jodhpur Apmc Market,2026-06-22,15.3,2,10.3,33.56,39.6,26.0,48.86,7
Rajasthan,Jodhpur,Jodhpur Apmc Market,2026-06-29,18.9,2,10.4,33.11,39.2,26.7,55.86,7
Rajasthan,Jodhpur,Jodhpur Apmc Market,2026-07-06,9.0,1,4.4,31.43,36.9,27.1,65.57,7
Rajasthan,Jodhpur,Jodhpur Apmc Market,2026-07-13,0.1,0,0.1,32.59,37.2,27.9,51.29,7
Rajasthan,Jodhpur,Jodhpur Apmc Market,2026-07-20,79.1,6,27.1,29.27,36.5,25.5,79.29,7
Rajasthan,Jodhpur,Jodhpur Apmc Market,2026-07-27,38.5,4,22.4,30.14,35.5,25.7,76.71,7
Rajasthan,Jodhpur,Jodhpur Apmc Market,2026-08-03,22.0,2,10.3,29.4,33.6,24.9,72.86,7
Rajasthan,Jodhpur,Jodhpur Apmc Market,2026-08-10,41.0,3,21.1,28.7,33.1,25.4,78.29,7
Rajasthan,Jodhpur,Jodhpur Apmc Market,2026-08-17,0.2,0,0.2,29.1,32.7,25.7,67.14,7
Rajasthan,Jodhpur,Jodhpur Apmc Market,2026-08-24,0.5,0,0.3,30.19,34.8,25.2,61.57,7
Rajasthan,Jodhpur,Jodhpur Apmc Market,2026-08-31,0.4,0,0.2,30.03,35.1,25.3,58.0,7
Rajasthan,Jodhpur,Jodhpur Apmc Market,2026-09-07,3.2,0,2.2,31.3,37.4,26.2,55.29,7
Rajasthan,Jodhpur,Jodhpur Apmc Market,2026-09-14,20.1,4,9.8,29.34,36.0,24.3,70.43,7
Rajasthan,Jodhpur,Jodhpur Apmc Market,2026-09-21,0.3,0,0.3,32.91,40.8,26.2,43.14,7
Rajasthan,Jodhpur,Jodhpur Apmc Market,2026-09-28,0.0,0,0.0,30.74,36.7,25.6,43.6,5
Rajasthan,Kota,Kota Apmc Market,2025-09-29,21.6,2,8.0,27.64,32.9,23.8,77.14,7
Rajasthan,Kota,Kota Apmc Market,2025-10-06,3.7,1,2.7,24.63,31.6,17.9,65.0,7
Rajasthan,Kota,Kota Apmc Market,2025-10-13,0.0,0,0.0,25.04,31.9,19.1,58.14,7
Rajasthan,Kota,Kota Apmc Market,2025-10-20,0.6,0,0.6,24.97,31.8,18.6,63.57,7
Rajasthan,Kota,Kota Apmc Market,2025-10-27,74.7,4,41.8,23.0,30.1,18.7,84.14,7
Rajasthan,Kota,Kota Apmc Market,2025-11-03,6.2,1,6.2,21.33,30.8,11.5,62.14,7
Rajasthan,Kota,Kota Apmc Market,2025-11-10,0.0,0,0.0,18.89,27.8,10.0,56.43,7
Rajasthan,Kota,Kota Apmc Market,2025-11-17,0.0,0,0.0,17.93,26.5,10.1,70.57,7
Rajasthan,Kota,Kota Apmc Market,2025-11-24,0.0,0,0.0,19.51,27.2,12.2,64.71,7
Rajasthan,Kota,Kota Apmc Market,2025-12-01,0.0,0,0.0,18.63,27.4,9.8,64.29,7
Rajasthan,Kota,Kota Apmc Market,2025-12-08,0.0,0,0.0,17.49,26.5,9.7,64.71,7
Rajasthan,Kota,Kota Apmc Market,2025-12-15,0.0,0,0.0,16.64,25.7,9.4,77.0,7
Rajasthan,Kota,Kota Apmc Market,2025-12-22,0.0,0,0.0,15.91,27.1,7.9,73.71,7
Rajasthan,Kota,Kota Apmc Market,2025-12-29,0.3,0,0.2,14.66,23.5,8.5,81.86,7
Rajasthan,Kota,Kota Apmc Market,2026-01-05,0.0,0,0.0,12.76,20.6,6.9,87.57,7
Rajasthan,Kota,Kota Apmc Market,2026-01-12,0.0,0,0.0,15.69,25.5,8.6,78.43,7
Rajasthan,Kota,Kota Apmc Market,2026-01-19,0.3,0,0.3,16.73,26.4,8.5,66.71,7
Rajasthan,Kota,Kota Apmc Market,2026-01-26,14.8,2,10.1,16.4,24.7,8.4,81.71,7
Rajasthan,Kota,Kota Apmc Market,2026-02-02,0.8,0,0.7,17.59,26.9,9.5,78.29,7
Rajasthan,Kota,Kota Apmc Market,2026-02-09,0.0,0,0.0,20.06,29.1,13.1,65.86,7
Rajasthan,Kota,Kota Apmc Market,2026-02-16,7.6,1,7.6,20.99,30.2,14.6,66.0,7
Rajasthan,Kota,Kota Apmc Market,2026-02-23,0.0,0,0.0,22.56,31.3,15.1,56.14,7
Rajasthan,Kota,Kota Apmc Market,2026-03-02,0.0,0,0.0,25.21,34.7,16.2,42.57,7
Rajasthan,Kota,Kota Apmc Market,2026-03-09,0.0,0,0.0,27.11,36.7,17.1,33.14,7
Rajasthan,Kota,Kota Apmc Market,2026-03-16,5.6,1,5.6,25.2,34.5,16.6,41.71,7
Rajasthan,Kota,Kota Apmc Market,2026-03-23,0.8,0,0.8,28.16,37.0,18.7,39.57,7
Rajasthan,Kota,Kota Apmc Market,2026-03-30,1.0,0,0.5,27.93,37.1,20.3,42.0,7
Rajasthan,Kota,Kota Apmc Market,2026-04-06,7.1,1,6.0,26.43,36.9,17.7,39.0,7
Rajasthan,Kota,Kota Apmc Market,2026-04-13,0.0,0,0.0,31.99,41.1,19.7,26.0,7
Rajasthan,Kota,Kota Apmc Market,2026-04-20,0.0,0,0.0,33.84,43.2,24.8,20.43,7
Rajasthan,Kota,Kota Apmc Market,2026-04-27,0.0,0,0.0,34.73,43.5,25.6,26.0,7
Rajasthan,Kota,Kota Apmc Market,2026-05-04,3.4,1,2.6,32.06,40.9,22.5,34.43,7
Rajasthan,Kota,Kota Apmc Market,2026-05-11,0.0,0,0.0,36.69,43.6,28.8,23.43,7
Rajasthan,Kota,Kota Apmc Market,2026-05-18,0.0,0,0.0,37.59,45.0,30.6,18.14,7
Rajasthan,Kota,Kota Apmc Market,2026-05-25,2.8,0,1.5,35.83,45.4,23.3,33.14,7
Rajasthan,Kota,Kota Apmc Market,2026-06-01,6.5,1,3.7,32.09,40.2,22.4,51.14,7
Rajasthan,Kota,Kota Apmc Market,2026-06-08,6.8,1,4.7,33.91,41.4,24.5,49.71,7
Rajasthan,Kota,Kota Apmc Market,2026-06-15,6.4,1,3.2,32.0,38.3,26.4,53.57,7
Rajasthan,Kota,Kota Apmc Market,2026-06-22,11.1,1,4.0,32.44,39.7,26.9,54.57,7
Rajasthan,Kota,Kota Apmc Market,2026-06-29,24.5,5,9.4,30.69,37.2,25.4,69.14,7
Rajasthan,Kota,Kota Apmc Market,2026-07-06,39.8,4,12.9,30.31,35.7,25.3,70.0,7
Rajasthan,Kota,Kota Apmc Market,2026-07-13,0.9,0,0.4,31.94,36.8,27.7,56.14,7
Rajasthan,Kota,Kota Apmc Market,2026-07-20,43.6,4,25.1,28.46,33.6,25.0,79.14,7
Rajasthan,Kota,Kota Apmc Market,2026-07-27,52.0,4,18.6,29.04,33.4,26.1,80.71,7
Rajasthan,Kota,Kota Apmc Market,2026-08-03,47.9,6,10.1,28.39,33.1,25.0,80.71,7
Rajasthan,Kota,Kota Apmc Market,2026-08-10,85.2,4,40.7,27.59,31.7,24.8,85.71,7
Rajasthan,Kota,Kota Apmc Market,2026-08-17,7.2,0,2.3,28.81,32.5,25.7,73.86,7
Rajasthan,Kota,Kota Apmc Market,2026-08-24,43.4,2,34.6,28.23,32.6,25.1,76.86,7
Rajasthan,Kota,Kota Apmc Market,2026-08-31,54.6,4,19.6,27.13,31.8,24.0,79.14,7
Rajasthan,Kota,Kota Apmc Market,2026-09-07,27.4,3,16.5,28.13,33.4,24.7,77.29,7
Rajasthan,Kota,Kota Apmc Market,2026-09-14,48.3,4,19.0,26.86,32.0,23.4,83.43,7
Rajasthan,Kota,Kota Apmc Market,2026-09-21,4.8,1,4.7,27.96,34.1,22.0,73.29,7
Rajasthan,Kota,Kota Apmc Market,2026-09-28,0.0,0,0.0,27.88,33.8,22.9,61.0,5
Tamil Nadu,Chennai,Chennai Apmc Market,2025-09-29,24.8,3,12.4,28.46,33.3,24.4,74.71,7
Tamil Nadu,Chennai,Chennai Apmc Market,2025-10-06,35.0,4,10.7,28.03,32.7,24.1,82.0,7
Tamil Nadu,Chennai,Chennai Apmc Market,2025-10-13,125.1,7,35.3,26.77,31.8,24.3,86.57,7
Tamil Nadu,Chennai,Chennai Apmc Market,2025-10-20,133.2,6,38.5,26.33,29.9,24.0,88.86,7
Tamil Nadu,Chennai,Chennai Apmc Market,2025-10-27,102.0,3,51.4,27.23,33.2,22.7,83.86,7
Tamil Nadu,Chennai,Chennai Apmc Market,2025-11-03,36.3,4,18.5,27.67,32.5,24.2,77.29,7
Tamil Nadu,Chennai,Chennai Apmc Market,2025-11-10,4.2,0,1.3,27.54,31.4,23.6,69.29,7
Tamil Nadu,Chennai,Chennai Apmc Market,2025-11-17,70.1,5,27.5,25.77,29.1,23.2,84.43,7
Tamil Nadu,Chennai,Chennai Apmc Market,2025-11-24,101.7,3,73.1,26.11,28.3,23.8,75.71,7
Tamil Nadu,Chennai,Chennai Apmc Market,2025-12-01,325.8,4,142.3,25.16,28.6,23.0,86.29,7
Tamil Nadu,Chennai,Chennai Apmc Market,2025-12-08,0.7,0,0.5,25.29,28.2,20.8,71.0,7
Tamil Nadu,Chennai,Chennai Apmc Market,2025-12-15,6.9,1,4.3,25.43,29.1,20.9,69.57,7
Tamil Nadu,Chennai,Chennai Apmc Market,2025-12-22,0.9,0,0.7,25.53,29.1,21.3,65.0,7
Tamil Nadu,Chennai,Chennai Apmc Market,2025-12-29,16.6,2,13.4,25.44,29.0,21.6,74.86,7
Tamil Nadu,Chennai,Chennai Apmc Market,2026-01-05,26.2,3,15.5,24.97,28.1,22.0,68.14,7
Tamil Nadu,Chennai,Chennai Apmc Market,2026-01-12,3.2,1,2.7,24.53,28.4,19.2,78.57,7
Tamil Nadu,Chennai,Chennai Apmc Market,2026-01-19,55.5,3,26.4,24.49,28.6,19.9,73.43,7
Tamil Nadu,Chennai,Chennai Apmc Market,2026-01-26,5.5,1,5.5,24.87,28.6,21.5,75.29,7
Tamil Nadu,Chennai,Chennai Apmc Market,2026-02-02,0.2,0,0.2,25.53,29.6,21.3,70.0,7
Tamil Nadu,Chennai,Chennai Apmc Market,2026-02-09,0.2,0,0.1,25.51,29.9,21.4,70.29,7
Tamil Nadu,Chennai,Chennai Apmc Market,2026-02-16,3.8,0,2.4,26.29,30.2,21.8,73.57,7
Tamil Nadu,Chennai,Chennai Apmc Market,2026-02-23,1.2,0,1.2,27.29,32.8,23.1,75.0,7
Tamil Nadu,Chennai,Chennai Apmc Market,2026-03-02,0.0,0,0.0,27.71,35.4,22.9,72.71,7
Tamil Nadu,Chennai,Chennai Apmc Market,2026-03-09,0.5,0,0.4,27.89,32.9,23.9,73.0,7
Tamil Nadu,Chennai,Chennai Apmc Market,2026-03-16,4.5,1,2.5,28.19,32.6,24.6,71.43,7
Tamil Nadu,Chennai,Chennai Apmc Market,2026-03-23,0.5,0,0.5,28.7,35.2,24.2,72.57,7
Tamil Nadu,Chennai,Chennai Apmc Market,2026-03-30,2.7,0,1.6,29.51,36.5,25.5,70.57,7
Tamil Nadu,Chennai,Chennai Apmc Market,2026-04-06,3.8,0,1.9,30.27,35.2,26.8,76.86,7
Tamil Nadu,Chennai,Chennai Apmc Market,2026-04-13,0.0,0,0.0,30.7,35.9,26.3,72.0,7
Tamil Nadu,Chennai,Chennai Apmc Market,2026-04-20,0.2,0,0.2,30.94,36.5,27.4,70.71,7
Tamil Nadu,Chennai,Chennai Apmc Market,2026-04-27,0.1,0,0.1,31.99,38.5,27.7,68.0,7
Tamil Nadu,Chennai,Chennai Apmc Market,2026-05-04,21.7,4,8.3,29.77,37.5,26.1,72.71,7
Tamil Nadu,Chennai,Chennai Apmc Market,2026-05-11,15.2,3,6.0,30.33,35.4,26.8,73.29,7
Tamil Nadu,Chennai,Chennai Apmc Market,2026-05-18,3.8,0,2.4,33.29,40.2,28.0,60.57,7
Tamil Nadu,Chennai,Chennai Apmc Market,2026-05-25,3.0,0,0.9,33.23,39.9,29.1,58.71,7
Tamil Nadu,Chennai,Chennai Apmc Market,2026-06-01,14.7,3,4.9,33.44,40.2,29.1,56.0,7
Tamil Nadu,Chennai,Chennai Apmc Market,2026-06-08,12.2,2,4.0,32.01,39.6,27.7,59.86,7
Tamil Nadu,Chennai,Chennai Apmc Market,2026-06-15,21.0,4,5.8,31.21,37.7,26.5,68.57,7
Tamil Nadu,Chennai,Chennai Apmc Market,2026-06-22,38.0,3,24.5,30.77,37.6,25.4,68.14,7
Tamil Nadu,Chennai,Chennai Apmc Market,2026-06-29,11.8,2,5.8,31.76,38.4,26.1,56.86,7
Tamil Nadu,Chennai,Chennai Apmc Market,2026-07-06,9.3,2,5.2,32.54,39.2,27.2,56.14,7
Tamil Nadu,Chennai,Chennai Apmc Market,2026-07-13,11.3,2,4.9,31.59,38.7,24.8,62.57,7
Tamil Nadu,Chennai,Chennai Apmc Market,2026-07-20,35.6,4,10.7,30.2,36.4,24.5,72.29,7
Tamil Nadu,Chennai,Chennai Apmc Market,2026-07-27,19.5,2,8.2,31.61,37.6,26.0,61.71,7
Tamil Nadu,Chennai,Chennai Apmc Market,2026-08-03,38.5,7,6.7,29.5,34.8,25.2,72.86,7
Tamil Nadu,Chennai,Chennai Apmc Market,2026-08-10,15.6,2,9.3,30.53,35.5,26.0,70.0,7
Tamil Nadu,Chennai,Chennai Apmc Market,2026-08-17,29.4,4,12.9,30.6,36.3,25.8,67.14,7
Tamil Nadu,Chennai,Chennai Apmc Market,2026-08-24,15.1,2,7.6,30.29,36.6,25.8,68.0,7
Tamil Nadu,Chennai,Chennai Apmc Market,2026-08-31,13.1,2,3.6,30.26,35.6,25.9,71.43,7
Tamil Nadu,Chennai,Chennai Apmc Market,2026-09-07,23.3,2,11.4,29.99,35.6,25.1,76.29,7
Tamil Nadu,Chennai,Chennai Apmc Market,2026-09-14,43.4,3,22.7,29.7,36.0,24.5,75.57,7
Tamil Nadu,Chennai,Chennai Apmc Market,2026-09-21,19.9,2,12.4,30.13,36.3,24.4,66.0,7
Tamil Nadu,Chennai,Chennai Apmc Market,2026-09-28,6.0,1,3.5,30.52,35.8,25.9,68.6,5
Tamil Nadu,Coimbatore,Coimbatore Apmc Market,2025-09-29,27.6,4,14.4,25.59,33.0,21.5,80.71,7
Tamil Nadu,Coimbatore,Coimbatore Apmc Market,2025-10-06,31.0,2,12.4,26.41,32.9,22.0,74.29,7
Tamil Nadu,Coimbatore,Coimbatore Apmc Market,2025-10-13,136.5,7,38.8,25.3,32.4,21.8,82.0,7
Tamil Nadu,Coimbatore,Coimbatore Apmc Market,2025-10-20,26.8,3,10.6,24.46,29.9,21.7,84.14,7
Tamil Nadu,Coimbatore,Coimbatore Apmc Market,2025-10-27,8.8,1,6.4,24.9,32.4,20.9,79.0,7
Tamil Nadu,Coimbatore,Coimbatore Apmc Market,2025-11-03,4.0,0,2.1,26.2,32.7,21.5,70.43,7
Tamil Nadu,Coimbatore,Coimbatore Apmc Market,2025-11-10,14.0,3,5.7,25.47,31.6,21.1,73.14,7
Tamil Nadu,Coimbatore,Coimbatore Apmc Market,2025-11-17,53.0,4,21.0,24.4,30.2,21.2,80.57,7
Tamil Nadu,Coimbatore,Coimbatore Apmc Market,2025-11-24,19.5,3,7.9,23.21,28.5,20.1,79.14,7
Tamil Nadu,Coimbatore,Coimbatore Apmc Market,2025-12-01,19.4,3,6.3,24.41,30.1,21.3,81.57,7
Tamil Nadu,Coimbatore,Coimbatore Apmc Market,2025-12-08,0.4,0,0.3,24.69,31.3,18.6,62.29,7
Tamil Nadu,Coimbatore,Coimbatore Apmc Market,2025-12-15,7.9,2,4.6,23.39,30.0,17.9,64.86,7
Tamil Nadu,Coimbatore,Coimbatore Apmc Market,2025-12-22,1.9,0,1.5,23.81,29.6,18.4,63.29,7
Tamil Nadu,Coimbatore,Coimbatore Apmc Market,2025-12-29,30.4,3,18.0,24.36,31.1,19.6,70.0,7
Tamil Nadu,Coimbatore,Coimbatore Apmc Market,2026-01-05,6.5,1,6.1,23.34,29.4,18.0,65.29,7
Tamil Nadu,Coimbatore,Coimbatore Apmc Market,2026-01-12,10.4,1,7.2,23.7,29.7,18.8,71.43,7
Tamil Nadu,Coimbatore,Coimbatore Apmc Market,2026-01-19,0.0,0,0.0,24.34,30.6,18.7,57.86,7
Tamil Nadu,Coimbatore,Coimbatore Apmc Market,2026-01-26,2.9,0,1.9,24.73,30.7,19.3,61.43,7
Tamil Nadu,Coimbatore,Coimbatore Apmc Market,2026-02-02,0.3,0,0.2,25.69,31.9,20.3,56.29,7
Tamil Nadu,Coimbatore,Coimbatore Apmc Market,2026-02-09,0.1,0,0.1,26.11,33.4,19.3,53.0,7
Tamil Nadu,Coimbatore,Coimbatore Apmc Market,2026-02-16,1.8,0,1.4,27.09,34.5,21.2,53.43,7
Tamil Nadu,Coimbatore,Coimbatore Apmc Market,2026-02-23,9.6,1,5.4,27.09,34.7,21.3,62.14,7
Tamil Nadu,Coimbatore,Coimbatore Apmc Market,2026-03-02,0.0,0,0.0,28.63,36.5,21.8,52.14,7
Tamil Nadu,Coimbatore,Coimbatore Apmc Market,2026-03-09,0.7,0,0.6,28.59,35.6,22.0,50.0,7
Tamil Nadu,Coimbatore,Coimbatore Apmc Market,2026-03-16,4.6,0,1.2,28.34,36.1,21.9,56.86,7
Tamil Nadu,Coimbatore,Coimbatore Apmc Market,2026-03-23,0.0,0,0.0,30.04,37.6,22.4,49.57,7
Tamil Nadu,Coimbatore,Coimbatore Apmc Market,2026-03-30,15.7,2,10.0,29.36,37.3,23.1,57.29,7
Tamil Nadu,Coimbatore,Coimbatore Apmc Market,2026-04-06,4.0,1,3.4,29.71,37.1,22.6,58.57,7
Tamil Nadu,Coimbatore,Coimbatore Apmc Market,2026-04-13,0.0,0,0.0,31.17,39.3,24.9,52.57,7
Tamil Nadu,Coimbatore,Coimbatore Apmc Market,2026-04-20,0.0,0,0.0,31.26,38.6,24.9,51.0,7
Tamil Nadu,Coimbatore,Coimbatore Apmc Market,2026-04-27,10.8,1,10.3,29.8,38.6,24.4,63.29,7
Tamil Nadu,Coimbatore,Coimbatore Apmc Market,2026-05-04,67.0,5,24.8,27.39,35.8,23.0,74.0,7
Tamil Nadu,Coimbatore,Coimbatore Apmc Market,2026-05-11,5.8,0,1.6,27.71,35.1,23.0,73.86,7
Tamil Nadu,Coimbatore,Coimbatore Apmc Market,2026-05-18,14.0,3,4.9,27.87,34.0,23.5,72.29,7
Tamil Nadu,Coimbatore,Coimbatore Apmc Market,2026-05-25,26.9,5,8.5,28.33,34.9,22.8,69.86,7
Tamil Nadu,Coimbatore,Coimbatore Apmc Market,2026-06-01,35.3,5,10.8,26.53,35.5,22.4,76.14,7
Tamil Nadu,Coimbatore,Coimbatore Apmc Market,2026-06-08,17.8,3,6.2,25.6,32.8,22.2,80.71,7
Tamil Nadu,Coimbatore,Coimbatore Apmc Market,2026-06-15,15.5,4,3.3,26.73,33.8,23.2,77.0,7
Tamil Nadu,Coimbatore,Coimbatore Apmc Market,2026-06-22,16.9,3,6.0,26.34,33.2,22.5,76.71,7
Tamil Nadu,Coimbatore,Coimbatore Apmc Market,2026-06-29,18.7,2,7.9,25.19,31.0,21.6,79.86,7
Tamil Nadu,Coimbatore,Coimbatore Apmc Market,2026-07-06,29.2,3,14.2,25.73,31.8,22.2,80.71,7
Tamil Nadu,Coimbatore,Coimbatore Apmc Market,2026-07-13,14.0,2,7.8,26.44,34.0,22.3,76.14,7
Tamil Nadu,Coimbatore,Coimbatore Apmc Market,2026-07-20,10.5,2,3.9,26.46,32.7,22.0,76.14,7
Tamil Nadu,Coimbatore,Coimbatore Apmc Market,2026-07-27,31.8,1,28.4,25.57,32.1,21.9,81.29,7
Tamil Nadu,Coimbatore,Coimbatore Apmc Market,2026-08-03,34.3,5,16.2,24.84,30.2,21.8,84.86,7
Tamil Nadu,Coimbatore,Coimbatore Apmc Market,2026-08-10,24.4,5,5.3,25.86,32.0,22.2,79.71,7
Tamil Nadu,Coimbatore,Coimbatore Apmc Market,2026-08-17,41.4,3,16.3,25.87,31.5,22.3,78.86,7
Tamil Nadu,Coimbatore,Coimbatore Apmc Market,2026-08-24,27.0,2,19.9,25.1,31.8,21.9,83.14,7
Tamil Nadu,Coimbatore,Coimbatore Apmc Market,2026-08-31,21.7,5,5.6,26.89,34.7,22.4,75.14,7
Tamil Nadu,Coimbatore,Coimbatore Apmc Market,2026-09-07,4.5,0,1.6,27.43,33.8,22.7,70.43,7
Tamil Nadu,Coimbatore,Coimbatore Apmc Market,2026-09-14,69.4,7,17.6,26.4,33.5,22.7,78.29,7
Tamil Nadu,Coimbatore,Coimbatore Apmc Market,2026-09-21,15.7,1,13.1,26.47,33.3,22.5,72.57,7
Tamil Nadu,Coimbatore,Coimbatore Apmc Market,2026-09-28,10.7,1,7.6,28.58,35.2,23.7,63.2,5
Tamil Nadu,Madurai,Madurai Apmc Market,2025-09-29,38.4,3,27.1,30.66,39.9,24.6,57.0,7
Tamil Nadu,Madurai,Madurai Apmc Market,2025-10-06,48.8,5,13.9,28.24,34.8,23.4,74.0,7
Tamil Nadu,Madurai,Madurai Apmc Market,2025-10-13,129.1,7,33.5,26.24,34.2,23.0,85.57,7
Tamil Nadu,Madurai,Madurai Apmc Market,2025-10-20,47.0,3,25.4,26.51,32.8,23.3,83.29,7
Tamil Nadu,Madurai,Madurai Apmc Market,2025-10-27,6.8,1,6.3,28.19,35.0,23.5,68.14,7
Tamil Nadu,Madurai,Madurai Apmc Market,2025-11-03,13.8,3,5.4,29.2,35.3,22.8,61.71,7
Tamil Nadu,Madurai,Madurai Apmc Market,2025-11-10,18.1,3,5.7,27.39,33.5,23.1,71.14,7
Tamil Nadu,Madurai,Madurai Apmc Market,2025-11-17,91.1,4,35.5,26.17,32.4,22.3,77.86,7
Tamil Nadu,Madurai,Madurai Apmc Market,2025-11-24,59.4,3,31.6,24.89,30.3,20.8,77.0,7
Tamil Nadu,Madurai,Madurai Apmc Market,2025-12-01,23.5,5,9.0,26.03,31.6,22.4,81.29,7
Tamil Nadu,Madurai,Madurai Apmc Market,2025-12-08,0.7,0,0.3,25.67,31.2,20.5,65.86,7
Tamil Nadu,Madurai,Madurai Apmc Market,2025-12-15,4.2,1,3.5,25.14,30.4,19.0,65.71,7
Tamil Nadu,Madurai,Madurai Apmc Market,2025-12-22,0.3,0,0.3,26.03,31.9,19.1,63.43,7
Tamil Nadu,Madurai,Madurai Apmc Market,2025-12-29,18.2,2,12.9,26.31,33.4,21.6,69.71,7
Tamil Nadu,Madurai,Madurai Apmc Market,2026-01-05,11.9,1,9.0,25.11,30.4,19.2,65.0,7
Tamil Nadu,Madurai,Madurai Apmc Market,2026-01-12,13.7,2,9.4,24.67,30.5,19.3,74.43,7
Tamil Nadu,Madurai,Madurai Apmc Market,2026-01-19,0.3,0,0.3,25.36,31.5,19.3,63.86,7
Tamil Nadu,Madurai,Madurai Apmc Market,2026-01-26,5.2,1,3.9,25.8,31.7,20.0,65.86,7
Tamil Nadu,Madurai,Madurai Apmc Market,2026-02-02,0.8,0,0.8,26.74,33.0,21.3,61.86,7
Tamil Nadu,Madurai,Madurai Apmc Market,2026-02-09,0.2,0,0.2,26.74,33.8,19.5,60.29,7
Tamil Nadu,Madurai,Madurai Apmc Market,2026-02-16,4.6,1,3.3,27.73,35.2,20.5,59.0,7
Tamil Nadu,Madurai,Madurai Apmc Market,2026-02-23,20.0,2,15.6,27.27,34.9,20.7,67.86,7
Tamil Nadu,Madurai,Madurai Apmc Market,2026-03-02,0.0,0,0.0,29.59,38.6,21.3,50.0,7
Tamil Nadu,Madurai,Madurai Apmc Market,2026-03-09,3.4,0,2.1,29.29,37.3,23.1,57.86,7
Tamil Nadu,Madurai,Madurai Apmc Market,2026-03-16,19.2,2,9.1,29.36,37.4,22.9,60.14,7
Tamil Nadu,Madurai,Madurai Apmc Market,2026-03-23,0.0,0,0.0,30.74,39.1,23.4,55.0,7
Tamil Nadu,Madurai,Madurai Apmc Market,2026-03-30,3.7,0,2.1,31.46,39.5,24.7,54.43,7
Tamil Nadu,Madurai,Madurai Apmc Market,2026-04-06,5.8,1,3.3,31.8,39.3,24.7,55.29,7
Tamil Nadu,Madurai,Madurai Apmc Market,2026-04-13,0.0,0,0.0,32.56,41.0,25.7,51.71,7
Tamil Nadu,Madurai,Madurai Apmc Market,2026-04-20,0.8,0,0.8,32.76,40.6,26.5,51.86,7
Tamil Nadu,Madurai,Madurai Apmc Market,2026-04-27,2.9,0,1.5,32.94,40.7,26.2,53.0,7
Tamil Nadu,Madurai,Madurai Apmc Market,2026-05-04,63.3,6,15.4,29.64,38.4,24.6,68.29,7
Tamil Nadu,Madurai,Madurai Apmc Market,2026-05-11,14.8,2,10.7,29.91,35.9,24.7,70.43,7
Tamil Nadu,Madurai,Madurai Apmc Market,2026-05-18,9.0,1,4.5,31.73,39.2,26.3,58.0,7
Tamil Nadu,Madurai,Madurai Apmc Market,2026-05-25,9.4,1,3.7,32.04,38.7,26.9,56.0,7
Tamil Nadu,Madurai,Madurai Apmc Market,2026-06-01,7.4,1,2.7,31.41,37.6,27.0,56.86,7
Tamil Nadu,Madurai,Madurai Apmc Market,2026-06-08,6.8,1,3.0,31.56,37.7,27.9,52.71,7
Tamil Nadu,Madurai,Madurai Apmc Market,2026-06-15,7.9,1,3.1,31.46,39.1,26.0,57.71,7
Tamil Nadu,Madurai,Madurai Apmc Market,2026-06-22,13.2,3,4.5,31.8,38.5,27.0,51.57,7
Tamil Nadu,Madurai,Madurai Apmc Market,2026-06-29,16.2,3,8.5,30.96,37.9,25.0,54.57,7
Tamil Nadu,Madurai,Madurai Apmc Market,2026-07-06,8.5,1,5.1,31.91,39.5,27.0,52.0,7
Tamil Nadu,Madurai,Madurai Apmc Market,2026-07-13,5.9,1,2.6,32.2,41.0,26.9,49.43,7
Tamil Nadu,Madurai,Madurai Apmc Market,2026-07-20,4.9,1,2.5,32.34,39.6,27.5,49.71,7
Tamil Nadu,Madurai,Madurai Apmc Market,2026-07-27,21.0,2,8.1,31.57,39.1,24.7,54.43,7
Tamil Nadu,Madurai,Madurai Apmc Market,2026-08-03,32.9,2,20.4,30.96,38.0,26.6,54.71,7
Tamil Nadu,Madurai,Madurai Apmc Market,2026-08-10,18.8,4,6.7,30.61,39.4,25.4,59.29,7
Tamil Nadu,Madurai,Madurai Apmc Market,2026-08-17,7.6,1,3.5,31.69,37.6,26.7,51.43,7
Tamil Nadu,Madurai,Madurai Apmc Market,2026-08-24,13.6,1,8.3,31.41,38.7,25.1,52.29,7
Tamil Nadu,Madurai,Madurai Apmc Market,2026-08-31,27.6,2,19.5,31.86,39.3,26.0,54.43,7
Tamil Nadu,Madurai,Madurai Apmc Market,2026-09-07,5.8,2,2.7,31.8,38.3,26.5,53.14,7
Tamil Nadu,Madurai,Madurai Apmc Market,2026-09-14,67.3,5,34.9,29.36,35.9,24.7,71.14,7
Tamil Nadu,Madurai,Madurai Apmc Market,2026-09-21,1.2,0,0.8,30.26,36.9,25.5,58.0,7
Tamil Nadu,Madurai,Madurai Apmc Market,2026-09-28,13.2,2,8.7,30.26,36.3,25.2,65.0,5
Tamil Nadu,Salem,Salem Apmc Market,2025-09-29,15.3,1,14.9,27.0,33.5,21.6,72.43,7
Tamil Nadu,Salem,Salem Apmc Market,2025-10-06,28.0,4,7.9,27.0,32.3,22.6,75.43,7
Tamil Nadu,Salem,Salem Apmc Market,2025-10-13,31.1,5,10.8,26.31,33.3,22.4,80.14,7
Tamil Nadu,Salem,Salem Apmc Market,2025-10-20,59.7,3,41.3,25.67,30.9,22.6,81.86,7
Tamil Nadu,Salem,Salem Apmc Market,2025-10-27,2.0,0,1.3,27.66,35.3,22.5,63.0,7
Tamil Nadu,Salem,Salem Apmc Market,2025-11-03,10.3,2,6.3,27.7,36.2,22.3,63.14,7
Tamil Nadu,Salem,Salem Apmc Market,2025-11-10,7.6,0,1.9,27.06,33.8,20.5,64.86,7
Tamil Nadu,Salem,Salem Apmc Market,2025-11-17,22.8,4,6.1,25.61,32.0,21.6,77.14,7
Tamil Nadu,Salem,Salem Apmc Market,2025-11-24,32.7,3,11.9,24.09,32.2,19.0,76.57,7
Tamil Nadu,Salem,Salem Apmc Market,2025-12-01,15.4,2,6.8,25.24,30.9,20.0,77.29,7
Tamil Nadu,Salem,Salem Apmc Market,2025-12-08,0.0,0,0.0,23.7,31.7,16.0,69.29,7
Tamil Nadu,Salem,Salem Apmc Market,2025-12-15,1.7,0,1.4,23.73,31.8,16.5,67.14,7
Tamil Nadu,Salem,Salem Apmc Market,2025-12-22,0.0,0,0.0,24.31,31.7,16.9,64.86,7
Tamil Nadu,Salem,Salem Apmc Market,2025-12-29,3.3,0,1.6,25.33,32.4,18.9,67.86,7
Tamil Nadu,Salem,Salem Apmc Market,2026-01-05,1.6,0,1.6,23.64,31.1,16.4,66.71,7
Tamil Nadu,Salem,Salem Apmc Market,2026-01-12,0.7,0,0.3,23.99,31.1,17.2,73.14,7
Tamil Nadu,Salem,Salem Apmc Market,2026-01-19,0.3,0,0.2,23.83,31.2,16.5,65.29,7
Tamil Nadu,Salem,Salem Apmc Market,2026-01-26,0.9,0,0.9,24.84,32.9,16.6,65.14,7
Tamil Nadu,Salem,Salem Apmc Market,2026-02-02,0.2,0,0.2,25.24,33.6,18.1,60.71,7
Tamil Nadu,Salem,Salem Apmc Market,2026-02-09,0.0,0,0.0,25.81,35.4,17.6,58.43,7
Tamil Nadu,Salem,Salem Apmc Market,2026-02-16,0.5,0,0.5,27.09,36.1,18.9,55.14,7
Tamil Nadu,Salem,Salem Apmc Market,2026-02-23,0.2,0,0.1,28.93,37.2,22.5,51.57,7
Tamil Nadu,Salem,Salem Apmc Market,2026-03-02,0.0,0,0.0,29.69,38.9,21.0,42.86,7
Tamil Nadu,Salem,Salem Apmc Market,2026-03-09,0.0,0,0.0,28.79,37.0,21.1,53.14,7
Tamil Nadu,Salem,Salem Apmc Market,2026-03-16,28.6,2,23.0,29.0,36.7,20.6,56.86,7
Tamil Nadu,Salem,Salem Apmc Market,2026-03-23,0.0,0,0.0,30.2,39.1,21.5,50.29,7
Tamil Nadu,Salem,Salem Apmc Market,2026-03-30,1.4,0,0.9,30.74,38.1,23.0,50.0,7
Tamil Nadu,Salem,Salem Apmc Market,2026-04-06,0.2,0,0.1,32.09,38.9,24.6,48.57,7
Tamil Nadu,Salem,Salem Apmc Market,2026-04-13,0.0,0,0.0,32.19,39.7,24.8,46.43,7
Tamil Nadu,Salem,Salem Apmc Market,2026-04-20,0.0,0,0.0,32.23,39.4,25.4,46.43,7
Tamil Nadu,Salem,Salem Apmc Market,2026-04-27,0.2,0,0.2,32.87,39.9,26.0,46.0,7
Tamil Nadu,Salem,Salem Apmc Market,2026-05-04,26.6,3,11.5,29.06,36.3,23.1,66.0,7
Tamil Nadu,Salem,Salem Apmc Market,2026-05-11,6.2,0,1.7,29.97,37.2,24.1,64.0,7
Tamil Nadu,Salem,Salem Apmc Market,2026-05-18,17.7,3,7.2,30.71,38.3,25.3,60.71,7
Tamil Nadu,Salem,Salem Apmc Market,2026-05-25,18.0,2,12.4,31.33,37.9,24.4,56.29,7
Tamil Nadu,Salem,Salem Apmc Market,2026-06-01,18.2,2,6.5,30.06,36.9,24.3,61.0,7
Tamil Nadu,Salem,Salem Apmc Market,2026-06-08,17.0,3,5.1,29.7,37.0,24.1,63.0,7
Tamil Nadu,Salem,Salem Apmc Market,2026-06-15,18.9,2,10.6,29.1,35.9,24.1,68.43,7
Tamil Nadu,Salem,Salem Apmc Market,2026-06-22,36.3,3,16.7,28.7,35.1,24.5,69.0,7
Tamil Nadu,Salem,Salem Apmc Market,2026-06-29,43.0,4,18.6,27.67,33.7,23.6,72.71,7
Tamil Nadu,Salem,Salem Apmc Market,2026-07-06,10.1,1,5.8,28.5,34.7,23.7,71.14,7
Tamil Nadu,Salem,Salem Apmc Market,2026-07-13,8.3,2,4.1,28.87,36.6,24.1,65.71,7
Tamil Nadu,Salem,Salem Apmc Market,2026-07-20,3.4,0,1.3,29.17,35.3,24.5,65.43,7
Tamil Nadu,Salem,Salem Apmc Market,2026-07-27,22.8,2,10.8,28.93,36.9,24.1,68.86,7
Tamil Nadu,Salem,Salem Apmc Market,2026-08-03,44.0,6,13.6,27.39,34.4,22.9,77.14,7
Tamil Nadu,Salem,Salem Apmc Market,2026-08-10,20.1,2,8.8,28.61,34.4,23.8,70.57,7
Tamil Nadu,Salem,Salem Apmc Market,2026-08-17,31.4,4,8.4,28.39,34.9,24.3,72.0,7
Tamil Nadu,Salem,Salem Apmc Market,2026-08-24,17.5,3,8.8,28.19,35.4,24.0,70.71,7
Tamil Nadu,Salem,Salem Apmc Market,2026-08-31,8.6,1,3.1,29.61,35.5,24.8,62.29,7
Tamil Nadu,Salem,Salem Apmc Market,2026-09-07,8.1,2,3.3,30.2,36.2,24.8,59.43,7
Tamil Nadu,Salem,Salem Apmc Market,2026-09-14,41.9,4,13.1,28.16,34.1,23.9,73.43,7
Tamil Nadu,Salem,Salem Apmc Market,2026-09-21,16.0,1,14.0,28.21,34.4,23.1,66.43,7
Tamil Nadu,Salem,Salem Apmc Market,2026-09-28,15.0,2,6.7,28.24,33.7,23.8,71.4,5
Tamil Nadu,Tiruchirappalli,Tiruchirappalli Apmc Market,2025-09-29,21.7,3,9.2,30.43,38.4,24.3,59.71,7
Tamil Nadu,Tiruchirappalli,Tiruchirappalli Apmc Market,2025-10-06,54.9,4,22.1,28.51,34.3,23.6,74.71,7
Tamil Nadu,Tiruchirappalli,Tiruchirappalli Apmc Market,2025-10-13,126.6,7,38.3,26.3,33.3,23.4,86.86,7
Tamil Nadu,Tiruchirappalli,Tiruchirappalli Apmc Market,2025-10-20,89.2,4,39.3,26.6,32.3,23.2,85.0,7
Tamil Nadu,Tiruchirappalli,Tiruchirappalli Apmc Market,2025-10-27,0.3,0,0.1,27.97,34.0,23.0,71.57,7
Tamil Nadu,Tiruchirappalli,Tiruchirappalli Apmc Market,2025-11-03,6.6,1,3.7,27.97,34.3,23.0,72.57,7
Tamil Nadu,Tiruchirappalli,Tiruchirappalli Apmc Market,2025-11-10,8.9,1,3.6,27.36,32.6,22.6,72.14,7
Tamil Nadu,Tiruchirappalli,Tiruchirappalli Apmc Market,2025-11-17,67.7,5,28.7,25.39,31.2,22.3,83.0,7
Tamil Nadu,Tiruchirappalli,Tiruchirappalli Apmc Market,2025-11-24,104.1,3,74.4,24.86,29.5,21.9,80.71,7
Tamil Nadu,Tiruchirappalli,Tiruchirappalli Apmc Market,2025-12-01,37.6,4,16.9,25.69,30.5,23.1,85.0,7
Tamil Nadu,Tiruchirappalli,Tiruchirappalli Apmc Market,2025-12-08,4.6,1,4.6,24.53,29.1,19.7,74.86,7
Tamil Nadu,Tiruchirappalli,Tiruchirappalli Apmc Market,2025-12-15,11.5,2,6.2,24.07,29.2,18.2,76.29,7
Tamil Nadu,Tiruchirappalli,Tiruchirappalli Apmc Market,2025-12-22,1.1,0,1.1,24.77,30.4,20.3,72.43,7
Tamil Nadu,Tiruchirappalli,Tiruchirappalli Apmc Market,2025-12-29,2.0,0,0.9,25.66,31.6,21.6,75.14,7
Tamil Nadu,Tiruchirappalli,Tiruchirappalli Apmc Market,2026-01-05,41.6,2,21.1,24.47,29.7,20.6,69.86,7
Tamil Nadu,Tiruchirappalli,Tiruchirappalli Apmc Market,2026-01-12,29.1,2,14.4,24.21,30.1,18.6,80.14,7
Tamil Nadu,Tiruchirappalli,Tiruchirappalli Apmc Market,2026-01-19,6.2,1,6.1,23.9,30.5,18.0,75.14,7
Tamil Nadu,Tiruchirappalli,Tiruchirappalli Apmc Market,2026-01-26,6.6,1,4.1,24.54,30.2,19.7,76.14,7
Tamil Nadu,Tiruchirappalli,Tiruchirappalli Apmc Market,2026-02-02,0.7,0,0.7,25.26,31.4,20.9,72.14,7
Tamil Nadu,Tiruchirappalli,Tiruchirappalli Apmc Market,2026-02-09,0.1,0,0.1,25.6,32.3,20.6,69.86,7
Tamil Nadu,Tiruchirappalli,Tiruchirappalli Apmc Market,2026-02-16,1.5,0,0.9,26.66,34.0,20.2,68.43,7
Tamil Nadu,Tiruchirappalli,Tiruchirappalli Apmc Market,2026-02-23,0.0,0,0.0,27.96,34.2,21.4,66.57,7
Tamil Nadu,Tiruchirappalli,Tiruchirappalli Apmc Market,2026-03-02,0.5,0,0.3,28.33,36.2,20.8,61.14,7
Tamil Nadu,Tiruchirappalli,Tiruchirappalli Apmc Market,2026-03-09,2.8,0,1.9,28.31,35.3,22.5,65.71,7
Tamil Nadu,Tiruchirappalli,Tiruchirappalli Apmc Market,2026-03-16,42.8,4,17.0,28.91,35.7,22.1,66.43,7
Tamil Nadu,Tiruchirappalli,Tiruchirappalli Apmc Market,2026-03-23,0.3,0,0.3,29.34,37.5,22.4,65.0,7
Tamil Nadu,Tiruchirappalli,Tiruchirappalli Apmc Market,2026-03-30,0.8,0,0.3,30.54,38.2,22.9,60.29,7
Tamil Nadu,Tiruchirappalli,Tiruchirappalli Apmc Market,2026-04-06,13.1,1,10.5,31.0,37.1,23.9,64.43,7
Tamil Nadu,Tiruchirappalli,Tiruchirappalli Apmc Market,2026-04-13,0.3,0,0.3,31.23,38.2,24.7,61.57,7
Tamil Nadu,Tiruchirappalli,Tiruchirappalli Apmc Market,2026-04-20,0.8,0,0.4,31.74,38.2,25.6,60.0,7
Tamil Nadu,Tiruchirappalli,Tiruchirappalli Apmc Market,2026-04-27,0.4,0,0.3,32.91,39.2,26.4,56.0,7
Tamil Nadu,Tiruchirappalli,Tiruchirappalli Apmc Market,2026-05-04,28.4,4,9.2,29.94,37.7,24.1,68.0,7
Tamil Nadu,Tiruchirappalli,Tiruchirappalli Apmc Market,2026-05-11,9.9,2,6.2,29.53,36.1,25.5,75.14,7
Tamil Nadu,Tiruchirappalli,Tiruchirappalli Apmc Market,2026-05-18,4.2,0,1.5,31.36,37.9,26.3,62.71,7
Tamil Nadu,Tiruchirappalli,Tiruchirappalli Apmc Market,2026-05-25,0.3,0,0.2,32.31,37.9,27.1,56.14,7
Tamil Nadu,Tiruchirappalli,Tiruchirappalli Apmc Market,2026-06-01,5.4,0,2.1,31.51,37.1,26.5,57.43,7
Tamil Nadu,Tiruchirappalli,Tiruchirappalli Apmc Market,2026-06-08,4.9,0,1.9,31.94,38.0,27.1,52.71,7
Tamil Nadu,Tiruchirappalli,Tiruchirappalli Apmc Market,2026-06-15,31.9,4,11.6,30.96,38.2,25.6,64.0,7
Tamil Nadu,Tiruchirappalli,Tiruchirappalli Apmc Market,2026-06-22,30.0,2,21.2,31.0,37.6,24.6,57.57,7
Tamil Nadu,Tiruchirappalli,Tiruchirappalli Apmc Market,2026-06-29,5.9,1,2.8,30.94,37.2,26.4,54.29,7
Tamil Nadu,Tiruchirappalli,Tiruchirappalli Apmc Market,2026-07-06,12.3,2,5.6,32.26,38.3,27.4,51.14,7
Tamil Nadu,Tiruchirappalli,Tiruchirappalli Apmc Market,2026-07-13,8.8,1,7.3,32.19,39.9,27.4,50.86,7
Tamil Nadu,Tiruchirappalli,Tiruchirappalli Apmc Market,2026-07-20,4.3,1,2.5,32.17,38.5,27.2,51.29,7
Tamil Nadu,Tiruchirappalli,Tiruchirappalli Apmc Market,2026-07-27,9.2,1,3.9,32.0,39.1,27.3,53.86,7
Tamil Nadu,Tiruchirappalli,Tiruchirappalli Apmc Market,2026-08-03,13.4,2,5.6,31.37,38.6,27.2,54.43,7
Tamil Nadu,Tiruchirappalli,Tiruchirappalli Apmc Market,2026-08-10,12.9,1,5.3,31.47,39.5,26.5,55.71,7
Tamil Nadu,Tiruchirappalli,Tiruchirappalli Apmc Market,2026-08-17,23.0,3,10.6,31.26,38.7,27.0,56.57,7
Tamil Nadu,Tiruchirappalli,Tiruchirappalli Apmc Market,2026-08-24,6.4,1,2.7,31.24,38.4,26.9,53.71,7
Tamil Nadu,Tiruchirappalli,Tiruchirappalli Apmc Market,2026-08-31,13.0,2,4.4,31.53,38.2,26.2,58.29,7
Tamil Nadu,Tiruchirappalli,Tiruchirappalli Apmc Market,2026-09-07,20.6,2,15.2,31.5,38.7,25.2,58.71,7
Tamil Nadu,Tiruchirappalli,Tiruchirappalli Apmc Market,2026-09-14,54.1,3,19.2,29.27,35.6,24.4,73.71,7
Tamil Nadu,Tiruchirappalli,Tiruchirappalli Apmc Market,2026-09-21,10.9,1,10.0,30.54,36.8,25.3,57.0,7
Tamil Nadu,Tiruchirappalli,Tiruchirappalli Apmc Market,2026-09-28,5.6,0,1.6,30.12,36.0,25.1,68.0,5
Telangana,Hyderabad,Hyderabad Apmc Market,2025-09-29,3.4,0,2.3,25.41,29.7,21.6,77.57,7
Telangana,Hyderabad,Hyderabad Apmc Market,2025-10-06,15.4,2,10.2,25.76,31.4,21.5,69.86,7
Telangana,Hyderabad,Hyderabad Apmc Market,2025-10-13,5.0,0,2.1,26.16,31.7,22.3,69.43,7
Telangana,Hyderabad,Hyderabad Apmc Market,2025-10-20,57.0,5,20.4,24.43,30.4,21.6,83.57,7
Telangana,Hyderabad,Hyderabad Apmc Market,2025-10-27,46.5,2,26.7,24.33,29.1,20.9,80.71,7
Telangana,Hyderabad,Hyderabad Apmc Market,2025-11-03,2.6,0,1.6,24.63,29.7,18.3,66.71,7
Telangana,Hyderabad,Hyderabad Apmc Market,2025-11-10,0.0,0,0.0,23.2,29.5,16.4,49.0,7
Telangana,Hyderabad,Hyderabad Apmc Market,2025-11-17,0.0,0,0.0,23.81,31.2,16.6,52.71,7
Telangana,Hyderabad,Hyderabad Apmc Market,2025-11-24,0.0,0,0.0,23.61,30.2,17.2,56.14,7
Telangana,Hyderabad,Hyderabad Apmc Market,2025-12-01,0.3,0,0.2,23.66,29.1,17.9,55.43,7
Telangana,Hyderabad,Hyderabad Apmc Market,2025-12-08,0.0,0,0.0,22.36,28.9,15.1,37.71,7
Telangana,Hyderabad,Hyderabad Apmc Market,2025-12-15,0.0,0,0.0,22.07,29.2,14.8,46.43,7
Telangana,Hyderabad,Hyderabad Apmc Market,2025-12-22,0.0,0,0.0,21.73,27.5,15.6,49.86,7
Telangana,Hyderabad,Hyderabad Apmc Market,2025-12-29,0.0,0,0.0,22.54,29.1,16.1,57.29,7
Telangana,Hyderabad,Hyderabad Apmc Market,2026-01-05,0.0,0,0.0,21.33,26.8,16.2,45.14,7
Telangana,Hyderabad,Hyderabad Apmc Market,2026-01-12,0.2,0,0.2,23.79,30.2,17.0,47.86,7
Telangana,Hyderabad,Hyderabad Apmc Market,2026-01-19,0.0,0,0.0,23.01,29.7,17.4,51.0,7
Telangana,Hyderabad,Hyderabad Apmc Market,2026-01-26,0.0,0,0.0,23.79,30.1,17.8,54.71,7
Telangana,Hyderabad,Hyderabad Apmc Market,2026-02-02,0.0,0,0.0,23.76,29.6,18.2,50.71,7
Telangana,Hyderabad,Hyderabad Apmc Market,2026-02-09,0.0,0,0.0,24.56,31.2,18.3,41.71,7
Telangana,Hyderabad,Hyderabad Apmc Market,2026-02-16,0.0,0,0.0,25.5,31.9,18.8,45.43,7
Telangana,Hyderabad,Hyderabad Apmc Market,2026-02-23,5.6,1,3.7,25.56,32.7,19.5,56.29,7
Telangana,Hyderabad,Hyderabad Apmc Market,2026-03-02,0.0,0,0.0,28.69,35.3,20.9,34.71,7
Telangana,Hyderabad,Hyderabad Apmc Market,2026-03-09,0.0,0,0.0,28.73,36.1,21.1,41.0,7
Telangana,Hyderabad,Hyderabad Apmc Market,2026-03-16,5.0,1,3.8,26.14,33.4,19.8,54.29,7
Telangana,Hyderabad,Hyderabad Apmc Market,2026-03-23,1.0,0,0.7,29.5,36.6,23.3,44.0,7
Telangana,Hyderabad,Hyderabad Apmc Market,2026-03-30,4.2,0,2.3,29.5,36.3,23.2,45.0,7
Telangana,Hyderabad,Hyderabad Apmc Market,2026-04-06,0.0,0,0.0,31.31,38.3,24.7,33.14,7
Telangana,Hyderabad,Hyderabad Apmc Market,2026-04-13,0.0,0,0.0,33.11,39.5,26.6,37.43,7
Telangana,Hyderabad,Hyderabad Apmc Market,2026-04-20,0.2,0,0.2,32.49,38.2,26.3,36.57,7
Telangana,Hyderabad,Hyderabad Apmc Market,2026-04-27,0.0,0,0.0,33.64,39.4,27.3,30.29,7
Telangana,Hyderabad,Hyderabad Apmc Market,2026-05-04,0.4,0,0.2,30.99,38.8,24.7,45.43,7
Telangana,Hyderabad,Hyderabad Apmc Market,2026-05-11,5.4,0,2.0,32.13,37.7,25.1,46.57,7
Telangana,Hyderabad,Hyderabad Apmc Market,2026-05-18,2.2,0,0.8,33.21,40.0,26.5,44.0,7
Telangana,Hyderabad,Hyderabad Apmc Market,2026-05-25,9.2,2,4.1,31.54,37.1,23.2,49.86,7
Telangana,Hyderabad,Hyderabad Apmc Market,2026-06-01,10.4,1,7.8,30.67,35.8,23.7,52.0,7
Telangana,Hyderabad,Hyderabad Apmc Market,2026-06-08,6.1,1,2.8,28.86,34.5,24.5,63.71,7
Telangana,Hyderabad,Hyderabad Apmc Market,2026-06-15,5.0,0,2.3,31.01,36.9,25.9,48.57,7
Telangana,Hyderabad,Hyderabad Apmc Market,2026-06-22,24.9,3,14.6,27.67,33.2,23.2,68.29,7
Telangana,Hyderabad,Hyderabad Apmc Market,2026-06-29,35.9,5,10.7,25.66,29.8,22.8,78.57,7
Telangana,Hyderabad,Hyderabad Apmc Market,2026-07-06,6.2,0,2.2,28.01,33.3,23.7,64.71,7
Telangana,Hyderabad,Hyderabad Apmc Market,2026-07-13,26.8,2,13.6,27.7,33.9,23.2,64.71,7
Telangana,Hyderabad,Hyderabad Apmc Market,2026-07-20,38.8,4,13.9,25.43,30.0,22.5,77.0,7
Telangana,Hyderabad,Hyderabad Apmc Market,2026-07-27,64.9,5,19.3,25.46,30.6,22.7,81.43,7
Telangana,Hyderabad,Hyderabad Apmc Market,2026-08-03,20.5,3,9.0,25.94,30.6,22.5,77.86,7
Telangana,Hyderabad,Hyderabad Apmc Market,2026-08-10,12.6,2,3.6,26.31,30.8,23.2,73.86,7
Telangana,Hyderabad,Hyderabad Apmc Market,2026-08-17,18.2,2,11.0,26.63,31.5,23.0,70.14,7
Telangana,Hyderabad,Hyderabad Apmc Market,2026-08-24,10.4,3,3.2,25.99,30.4,23.2,73.0,7
Telangana,Hyderabad,Hyderabad Apmc Market,2026-08-31,8.8,1,5.3,27.06,32.0,23.3,66.29,7
Telangana,Hyderabad,Hyderabad Apmc Market,2026-09-07,26.3,4,11.7,27.46,32.2,22.0,66.71,7
Telangana,Hyderabad,Hyderabad Apmc Market,2026-09-14,25.5,4,8.6,28.09,33.4,22.9,66.14,7
Telangana,Hyderabad,Hyderabad Apmc Market,2026-09-21,15.8,2,7.3,26.49,31.5,22.4,72.57,7
Telangana,Hyderabad,Hyderabad Apmc Market,2026-09-28,0.1,0,0.1,28.72,33.6,23.2,53.0,5
Telangana,Karimnagar,Karimnagar Apmc Market,2025-09-29,6.2,2,2.6,26.93,31.1,22.8,78.71,7
Telangana,Karimnagar,Karimnagar Apmc Market,2025-10-06,15.4,2,12.0,26.37,31.5,21.7,76.14,7
Telangana,Karimnagar,Karimnagar Apmc Market,2025-10-13,7.1,2,4.4,26.61,32.5,21.9,74.0,7
Telangana,Karimnagar,Karimnagar Apmc Market,2025-10-20,43.3,6,11.2,26.41,33.6,21.9,79.57,7
Telangana,Karimnagar,Karimnagar Apmc Market,2025-10-27,163.7,3,119.8,26.0,31.8,22.3,80.86,7
Telangana,Karimnagar,Karimnagar Apmc Market,2025-11-03,3.4,0,2.4,25.1,30.7,18.5,70.71,7
Telangana,Karimnagar,Karimnagar Apmc Market,2025-11-10,0.0,0,0.0,21.7,28.5,15.4,56.0,7
Telangana,Karimnagar,Karimnagar Apmc Market,2025-11-17,0.0,0,0.0,22.26,31.6,14.3,61.14,7
Telangana,Karimnagar,Karimnagar Apmc Market,2025-11-24,0.0,0,0.0,22.96,30.9,15.9,63.0,7
Telangana,Karimnagar,Karimnagar Apmc Market,2025-12-01,0.0,0,0.0,22.14,28.6,15.5,61.14,7
Telangana,Karimnagar,Karimnagar Apmc Market,2025-12-08,0.0,0,0.0,20.01,28.1,13.1,54.14,7
Telangana,Karimnagar,Karimnagar Apmc Market,2025-12-15,0.0,0,0.0,19.86,28.0,13.0,61.0,7
Telangana,Karimnagar,Karimnagar Apmc Market,2025-12-22,0.0,0,0.0,19.76,27.2,13.0,62.71,7
Telangana,Karimnagar,Karimnagar Apmc Market,2025-12-29,0.0,0,0.0,20.57,27.5,12.8,70.29,7
Telangana,Karimnagar,Karimnagar Apmc Market,2026-01-05,0.0,0,0.0,19.36,26.6,13.5,58.29,7
Telangana,Karimnagar,Karimnagar Apmc Market,2026-01-12,0.0,0,0.0,21.09,28.3,13.1,63.29,7
Telangana,Karimnagar,Karimnagar Apmc Market,2026-01-19,0.0,0,0.0,21.07,28.7,14.4,68.43,7
Telangana,Karimnagar,Karimnagar Apmc Market,2026-01-26,0.0,0,0.0,22.36,28.7,16.9,69.86,7
Telangana,Karimnagar,Karimnagar Apmc Market,2026-02-02,0.0,0,0.0,22.21,29.4,14.1,64.29,7
Telangana,Karimnagar,Karimnagar Apmc Market,2026-02-09,0.0,0,0.0,22.26,30.5,14.5,62.57,7
Telangana,Karimnagar,Karimnagar Apmc Market,2026-02-16,0.0,0,0.0,24.14,31.2,17.2,60.0,7
Telangana,Karimnagar,Karimnagar Apmc Market,2026-02-23,0.0,0,0.0,25.4,32.7,19.2,62.0,7
Telangana,Karimnagar,Karimnagar Apmc Market,2026-03-02,0.0,0,0.0,26.01,34.9,18.6,53.29,7
Telangana,Karimnagar,Karimnagar Apmc Market,2026-03-09,0.0,0,0.0,27.1,35.1,19.5,55.71,7
Telangana,Karimnagar,Karimnagar Apmc Market,2026-03-16,0.3,0,0.2,25.27,31.9,19.1,63.14,7
Telangana,Karimnagar,Karimnagar Apmc Market,2026-03-23,0.0,0,0.0,27.86,36.0,21.2,57.14,7
Telangana,Karimnagar,Karimnagar Apmc Market,2026-03-30,0.3,0,0.3,28.14,34.3,22.4,59.43,7
Telangana,Karimnagar,Karimnagar Apmc Market,2026-04-06,0.0,0,0.0,29.17,37.5,21.3,48.57,7
Telangana,Karimnagar,Karimnagar Apmc Market,2026-04-13,0.0,0,0.0,32.43,39.4,25.8,43.57,7
Telangana,Karimnagar,Karimnagar Apmc Market,2026-04-20,0.1,0,0.1,32.47,40.0,25.3,39.71,7
Telangana,Karimnagar,Karimnagar Apmc Market,2026-04-27,0.0,0,0.0,33.34,41.1,25.8,37.57,7
Telangana,Karimnagar,Karimnagar Apmc Market,2026-05-04,1.6,0,1.0,31.37,38.9,23.7,48.86,7
Telangana,Karimnagar,Karimnagar Apmc Market,2026-05-11,9.0,1,8.3,33.19,39.9,24.7,49.29,7
Telangana,Karimnagar,Karimnagar Apmc Market,2026-05-18,0.1,0,0.1,35.59,42.6,28.8,37.43,7
Telangana,Karimnagar,Karimnagar Apmc Market,2026-05-25,1.4,0,0.9,34.09,41.1,27.4,42.71,7
Telangana,Karimnagar,Karimnagar Apmc Market,2026-06-01,28.9,2,16.5,32.33,38.1,23.7,49.57,7
Telangana,Karimnagar,Karimnagar Apmc Market,2026-06-08,54.2,1,49.3,31.47,37.5,24.5,58.86,7
Telangana,Karimnagar,Karimnagar Apmc Market,2026-06-15,10.3,2,4.6,31.73,37.3,25.6,56.57,7
Telangana,Karimnagar,Karimnagar Apmc Market,2026-06-22,40.1,5,13.2,28.96,33.9,24.6,71.29,7
Telangana,Karimnagar,Karimnagar Apmc Market,2026-06-29,55.4,4,21.0,27.59,33.5,24.5,77.86,7
Telangana,Karimnagar,Karimnagar Apmc Market,2026-07-06,6.7,1,3.8,29.09,33.2,24.7,67.14,7
Telangana,Karimnagar,Karimnagar Apmc Market,2026-07-13,34.6,3,14.0,28.6,33.9,24.4,70.86,7
Telangana,Karimnagar,Karimnagar Apmc Market,2026-07-20,56.0,4,18.3,27.39,32.4,23.8,75.71,7
Telangana,Karimnagar,Karimnagar Apmc Market,2026-07-27,127.6,5,50.9,27.07,32.6,24.1,80.71,7
Telangana,Karimnagar,Karimnagar Apmc Market,2026-08-03,40.4,4,19.2,27.71,33.3,24.2,77.14,7
Telangana,Karimnagar,Karimnagar Apmc Market,2026-08-10,12.2,2,4.1,28.01,31.9,24.8,73.29,7
Telangana,Karimnagar,Karimnagar Apmc Market,2026-08-17,21.5,2,10.1,27.47,31.6,24.7,75.86,7
Telangana,Karimnagar,Karimnagar Apmc Market,2026-08-24,19.8,3,9.0,27.19,31.3,23.9,76.0,7
Telangana,Karimnagar,Karimnagar Apmc Market,2026-08-31,3.0,0,1.7,27.31,31.7,24.2,74.71,7
Telangana,Karimnagar,Karimnagar Apmc Market,2026-09-07,34.4,2,24.9,27.41,31.8,23.8,77.0,7
Telangana,Karimnagar,Karimnagar Apmc Market,2026-09-14,33.8,4,16.9,27.73,32.4,23.0,80.14,7
Telangana,Karimnagar,Karimnagar Apmc Market,2026-09-21,26.3,4,10.5,27.39,31.7,23.7,77.71,7
Telangana,Karimnagar,Karimnagar Apmc Market,2026-09-28,0.0,0,0.0,27.78,32.6,22.6,69.6,5
Telangana,Mahbubnagar,Mahbubnagar Apmc Market,2025-09-29,16.2,1,15.3,24.7,29.1,20.9,80.0,7
Telangana,Mahbubnagar,Mahbubnagar Apmc Market,2025-10-06,15.2,2,6.6,24.77,30.0,20.0,75.57,7
Telangana,Mahbubnagar,Mahbubnagar Apmc Market,2025-10-13,2.4,0,1.5,24.73,29.6,21.1,78.57,7
Telangana,Mahbubnagar,Mahbubnagar Apmc Market,2025-10-20,31.0,4,13.0,23.96,29.5,21.1,86.0,7
Telangana,Mahbubnagar,Mahbubnagar Apmc Market,2025-10-27,34.5,2,22.7,24.03,29.5,19.3,80.57,7
Telangana,Mahbubnagar,Mahbubnagar Apmc Market,2025-11-03,6.5,2,3.3,23.94,29.4,17.9,68.71,7
Telangana,Mahbubnagar,Mahbubnagar Apmc Market,2025-11-10,0.0,0,0.0,21.69,28.6,15.6,57.71,7
Telangana,Mahbubnagar,Mahbubnagar Apmc Market,2025-11-17,0.0,0,0.0,22.23,30.0,15.7,62.43,7
Telangana,Mahbubnagar,Mahbubnagar Apmc Market,2025-11-24,0.0,0,0.0,22.16,29.7,16.0,66.71,7
Telangana,Mahbubnagar,Mahbubnagar Apmc Market,2025-12-01,0.2,0,0.2,22.79,28.9,17.0,67.43,7
Telangana,Mahbubnagar,Mahbubnagar Apmc Market,2025-12-08,0.0,0,0.0,20.6,28.5,13.8,45.43,7
Telangana,Mahbubnagar,Mahbubnagar Apmc Market,2025-12-15,0.0,0,0.0,20.33,28.2,13.3,54.71,7
Telangana,Mahbubnagar,Mahbubnagar Apmc Market,2025-12-22,0.0,0,0.0,20.06,26.9,14.7,59.14,7
Telangana,Mahbubnagar,Mahbubnagar Apmc Market,2025-12-29,0.0,0,0.0,21.36,28.4,14.8,63.71,7
Telangana,Mahbubnagar,Mahbubnagar Apmc Market,2026-01-05,0.0,0,0.0,19.64,26.5,14.0,55.29,7
Telangana,Mahbubnagar,Mahbubnagar Apmc Market,2026-01-12,0.2,0,0.2,22.24,29.0,15.6,55.71,7
Telangana,Mahbubnagar,Mahbubnagar Apmc Market,2026-01-19,0.0,0,0.0,21.3,29.1,15.5,57.71,7
Telangana,Mahbubnagar,Mahbubnagar Apmc Market,2026-01-26,0.0,0,0.0,22.46,29.0,15.9,60.14,7
Telangana,Mahbubnagar,Mahbubnagar Apmc Market,2026-02-02,0.0,0,0.0,22.31,29.5,16.5,54.71,7
Telangana,Mahbubnagar,Mahbubnagar Apmc Market,2026-02-09,0.0,0,0.0,22.77,30.6,15.7,46.71,7
Telangana,Mahbubnagar,Mahbubnagar Apmc Market,2026-02-16,0.4,0,0.4,24.16,31.5,17.0,49.86,7
Telangana,Mahbubnagar,Mahbubnagar Apmc Market,2026-02-23,14.2,1,11.7,24.99,32.3,18.6,54.29,7
Telangana,Mahbubnagar,Mahbubnagar Apmc Market,2026-03-02,0.0,0,0.0,26.86,34.6,20.4,38.86,7
Telangana,Mahbubnagar,Mahbubnagar Apmc Market,2026-03-09,0.0,0,0.0,26.97,35.0,20.0,44.43,7
Telangana,Mahbubnagar,Mahbubnagar Apmc Market,2026-03-16,3.3,0,2.4,25.87,33.4,18.9,53.14,7
Telangana,Mahbubnagar,Mahbubnagar Apmc Market,2026-03-23,0.6,0,0.3,28.21,34.8,22.0,47.43,7
Telangana,Mahbubnagar,Mahbubnagar Apmc Market,2026-03-30,5.1,1,3.8,27.96,34.4,20.9,49.43,7
Telangana,Mahbubnagar,Mahbubnagar Apmc Market,2026-04-06,0.0,0,0.0,29.41,36.8,22.2,39.71,7
Telangana,Mahbubnagar,Mahbubnagar Apmc Market,2026-04-13,0.0,0,0.0,31.61,38.1,24.9,40.0,7
Telangana,Mahbubnagar,Mahbubnagar Apmc Market,2026-04-20,2.6,0,1.1,30.63,37.2,23.2,41.57,7
Telangana,Mahbubnagar,Mahbubnagar Apmc Market,2026-04-27,0.0,0,0.0,31.31,37.6,24.7,38.86,7
Telangana,Mahbubnagar,Mahbubnagar Apmc Market,2026-05-04,0.1,0,0.1,29.64,36.9,23.4,48.43,7
Telangana,Mahbubnagar,Mahbubnagar Apmc Market,2026-05-11,5.6,1,2.8,30.64,36.3,23.7,51.86,7
Telangana,Mahbubnagar,Mahbubnagar Apmc Market,2026-05-18,0.1,0,0.1,31.04,37.1,24.8,53.0,7
Telangana,Mahbubnagar,Mahbubnagar Apmc Market,2026-05-25,11.1,1,9.2,30.09,35.9,22.8,56.57,7
Telangana,Mahbubnagar,Mahbubnagar Apmc Market,2026-06-01,9.1,1,6.6,29.04,34.5,23.5,60.57,7
Telangana,Mahbubnagar,Mahbubnagar Apmc Market,2026-06-08,4.9,0,2.4,28.43,33.9,23.4,64.86,7
Telangana,Mahbubnagar,Mahbubnagar Apmc Market,2026-06-15,9.7,1,7.6,29.21,34.4,24.4,57.0,7
Telangana,Mahbubnagar,Mahbubnagar Apmc Market,2026-06-22,18.0,2,10.6,27.26,32.4,22.9,69.14,7
Telangana,Mahbubnagar,Mahbubnagar Apmc Market,2026-06-29,41.5,6,13.3,25.46,30.2,22.5,78.57,7
Telangana,Mahbubnagar,Mahbubnagar Apmc Market,2026-07-06,13.8,2,6.7,27.19,31.8,22.7,68.43,7
Telangana,Mahbubnagar,Mahbubnagar Apmc Market,2026-07-13,13.9,2,6.8,26.57,32.6,22.1,70.86,7
Telangana,Mahbubnagar,Mahbubnagar Apmc Market,2026-07-20,34.6,3,15.8,25.16,30.3,22.1,78.57,7
Telangana,Mahbubnagar,Mahbubnagar Apmc Market,2026-07-27,48.4,5,19.7,25.11,30.5,22.1,83.86,7
Telangana,Mahbubnagar,Mahbubnagar Apmc Market,2026-08-03,23.3,4,5.6,25.46,29.9,22.4,80.0,7
Telangana,Mahbubnagar,Mahbubnagar Apmc Market,2026-08-10,15.6,4,3.8,25.73,29.9,22.6,77.29,7
Telangana,Mahbubnagar,Mahbubnagar Apmc Market,2026-08-17,13.6,2,5.5,25.67,30.1,22.5,75.71,7
Telangana,Mahbubnagar,Mahbubnagar Apmc Market,2026-08-24,15.7,2,6.8,25.54,30.1,22.5,75.0,7
Telangana,Mahbubnagar,Mahbubnagar Apmc Market,2026-08-31,8.5,1,2.9,25.76,29.9,22.5,75.43,7
Telangana,Mahbubnagar,Mahbubnagar Apmc Market,2026-09-07,7.6,1,3.7,26.31,30.1,22.8,74.14,7
Telangana,Mahbubnagar,Mahbubnagar Apmc Market,2026-09-14,9.1,1,5.1,26.76,31.4,22.1,73.57,7
Telangana,Mahbubnagar,Mahbubnagar Apmc Market,2026-09-21,22.5,3,9.5,25.73,30.5,21.9,77.14,7
Telangana,Mahbubnagar,Mahbubnagar Apmc Market,2026-09-28,0.3,0,0.2,26.86,31.8,22.1,60.6,5
Telangana,Nizamabad,Nizamabad Apmc Market,2025-09-29,8.1,1,4.7,25.67,29.9,21.9,80.71,7
Telangana,Nizamabad,Nizamabad Apmc Market,2025-10-06,29.7,1,28.5,24.93,30.1,19.5,76.57,7
Telangana,Nizamabad,Nizamabad Apmc Market,2025-10-13,5.3,1,4.6,25.64,31.1,20.2,74.0,7
Telangana,Nizamabad,Nizamabad Apmc Market,2025-10-20,15.8,2,8.0,25.51,31.3,21.0,80.14,7
Telangana,Nizamabad,Nizamabad Apmc Market,2025-10-27,80.7,3,35.0,25.17,31.2,21.9,82.29,7
Telangana,Nizamabad,Nizamabad Apmc Market,2025-11-03,4.4,1,2.7,23.86,30.0,16.5,73.43,7
Telangana,Nizamabad,Nizamabad Apmc Market,2025-11-10,0.0,0,0.0,20.8,27.9,14.2,60.29,7
Telangana,Nizamabad,Nizamabad Apmc Market,2025-11-17,0.0,0,0.0,21.41,31.0,13.5,62.43,7
Telangana,Nizamabad,Nizamabad Apmc Market,2025-11-24,0.0,0,0.0,22.39,29.9,14.7,62.71,7
Telangana,Nizamabad,Nizamabad Apmc Market,2025-12-01,0.0,0,0.0,21.53,28.2,15.3,62.14,7
Telangana,Nizamabad,Nizamabad Apmc Market,2025-12-08,0.0,0,0.0,20.06,27.6,13.2,50.0,7
Telangana,Nizamabad,Nizamabad Apmc Market,2025-12-15,0.0,0,0.0,20.1,28.5,13.3,54.71,7
Telangana,Nizamabad,Nizamabad Apmc Market,2025-12-22,0.0,0,0.0,20.3,28.0,13.7,53.14,7
Telangana,Nizamabad,Nizamabad Apmc Market,2025-12-29,0.0,0,0.0,22.19,30.2,14.3,54.29,7
Telangana,Nizamabad,Nizamabad Apmc Market,2026-01-05,0.0,0,0.0,20.79,27.8,13.9,43.43,7
Telangana,Nizamabad,Nizamabad Apmc Market,2026-01-12,0.0,0,0.0,23.34,31.8,16.2,44.86,7
Telangana,Nizamabad,Nizamabad Apmc Market,2026-01-19,0.0,0,0.0,23.39,30.8,16.8,44.86,7
Telangana,Nizamabad,Nizamabad Apmc Market,2026-01-26,0.0,0,0.0,24.54,31.6,17.3,50.71,7
Telangana,Nizamabad,Nizamabad Apmc Market,2026-02-02,0.0,0,0.0,23.67,31.2,16.7,46.0,7
Telangana,Nizamabad,Nizamabad Apmc Market,2026-02-09,0.0,0,0.0,24.99,32.0,18.0,38.43,7
Telangana,Nizamabad,Nizamabad Apmc Market,2026-02-16,0.0,0,0.0,26.41,33.3,19.0,41.29,7
Telangana,Nizamabad,Nizamabad Apmc Market,2026-02-23,1.3,0,1.3,26.37,33.5,20.6,49.14,7
Telangana,Nizamabad,Nizamabad Apmc Market,2026-03-02,0.0,0,0.0,27.4,35.8,19.2,38.29,7
Telangana,Nizamabad,Nizamabad Apmc Market,2026-03-09,0.0,0,0.0,29.17,37.3,19.3,37.86,7
Telangana,Nizamabad,Nizamabad Apmc Market,2026-03-16,0.3,0,0.2,27.29,35.8,20.5,42.14,7
Telangana,Nizamabad,Nizamabad Apmc Market,2026-03-23,0.1,0,0.1,30.3,37.7,22.7,37.0,7
Telangana,Nizamabad,Nizamabad Apmc Market,2026-03-30,3.8,0,2.0,28.94,37.5,22.3,49.86,7
Telangana,Nizamabad,Nizamabad Apmc Market,2026-04-06,0.0,0,0.0,29.71,38.7,22.2,36.14,7
Telangana,Nizamabad,Nizamabad Apmc Market,2026-04-13,0.0,0,0.0,33.33,40.4,26.2,31.0,7
Telangana,Nizamabad,Nizamabad Apmc Market,2026-04-20,0.0,0,0.0,33.19,40.9,25.7,31.29,7
Telangana,Nizamabad,Nizamabad Apmc Market,2026-04-27,0.0,0,0.0,34.59,41.2,27.8,25.0,7
Telangana,Nizamabad,Nizamabad Apmc Market,2026-05-04,11.1,1,10.7,31.8,39.9,24.7,39.29,7
Telangana,Nizamabad,Nizamabad Apmc Market,2026-05-11,0.8,0,0.7,33.73,40.1,26.3,39.71,7
Telangana,Nizamabad,Nizamabad Apmc Market,2026-05-18,1.3,0,1.0,35.74,41.5,29.6,33.71,7
Telangana,Nizamabad,Nizamabad Apmc Market,2026-05-25,8.8,2,3.4,33.34,41.2,23.6,42.43,7
Telangana,Nizamabad,Nizamabad Apmc Market,2026-06-01,3.5,0,1.6,31.64,37.9,24.6,48.86,7
Telangana,Nizamabad,Nizamabad Apmc Market,2026-06-08,6.6,1,4.0,31.99,38.4,24.7,50.29,7
Telangana,Nizamabad,Nizamabad Apmc Market,2026-06-15,4.2,0,2.0,32.23,37.6,25.8,46.0,7
Telangana,Nizamabad,Nizamabad Apmc Market,2026-06-22,30.7,5,7.2,28.4,35.1,24.3,71.14,7
Telangana,Nizamabad,Nizamabad Apmc Market,2026-06-29,59.1,7,17.3,26.11,32.5,23.4,83.14,7
Telangana,Nizamabad,Nizamabad Apmc Market,2026-07-06,8.9,1,3.0,28.06,32.0,23.7,69.14,7
Telangana,Nizamabad,Nizamabad Apmc Market,2026-07-13,24.7,3,8.0,27.66,33.0,23.4,71.0,7
Telangana,Nizamabad,Nizamabad Apmc Market,2026-07-20,38.3,4,14.4,25.93,31.9,22.7,80.71,7
Telangana,Nizamabad,Nizamabad Apmc Market,2026-07-27,145.7,5,69.6,25.73,30.9,23.2,85.57,7
Telangana,Nizamabad,Nizamabad Apmc Market,2026-08-03,39.9,5,13.6,26.26,30.6,22.4,82.14,7
Telangana,Nizamabad,Nizamabad Apmc Market,2026-08-10,20.0,4,7.9,26.26,30.5,22.7,79.57,7
Telangana,Nizamabad,Nizamabad Apmc Market,2026-08-17,28.8,5,12.4,26.09,29.9,23.4,79.43,7
Telangana,Nizamabad,Nizamabad Apmc Market,2026-08-24,17.9,4,4.5,26.06,30.0,22.3,78.14,7
Telangana,Nizamabad,Nizamabad Apmc Market,2026-08-31,5.0,0,1.5,26.23,30.4,23.2,76.14,7
Telangana,Nizamabad,Nizamabad Apmc Market,2026-09-07,50.2,3,27.6,26.07,30.2,22.1,80.71,7
Telangana,Nizamabad,Nizamabad Apmc Market,2026-09-14,23.4,3,6.7,26.67,31.9,22.5,80.71,7
Telangana,Nizamabad,Nizamabad Apmc Market,2026-09-21,25.7,2,10.7,26.59,31.0,22.6,78.14,7
Telangana,Nizamabad,Nizamabad Apmc Market,2026-09-28,0.0,0,0.0,27.26,31.9,22.6,67.6,5
Telangana,Warangal,Warangal Apmc Market,2025-09-29,33.5,3,14.0,26.96,31.3,22.7,77.0,7
Telangana,Warangal,Warangal Apmc Market,2025-10-06,10.6,2,4.9,27.13,32.7,22.9,72.29,7
Telangana,Warangal,Warangal Apmc Market,2025-10-13,20.0,2,9.9,26.3,32.3,22.5,78.71,7
Telangana,Warangal,Warangal Apmc Market,2025-10-20,33.3,5,10.0,26.04,33.7,21.9,82.57,7
Telangana,Warangal,Warangal Apmc Market,2025-10-27,222.3,2,189.1,25.84,31.0,22.3,81.0,7
Telangana,Warangal,Warangal Apmc Market,2025-11-03,8.0,2,4.3,25.47,30.9,19.0,69.43,7
Telangana,Warangal,Warangal Apmc Market,2025-11-10,0.0,0,0.0,22.56,28.9,15.7,53.14,7
Telangana,Warangal,Warangal Apmc Market,2025-11-17,0.0,0,0.0,23.04,31.8,15.8,59.29,7
Telangana,Warangal,Warangal Apmc Market,2025-11-24,0.1,0,0.1,23.34,30.9,15.8,63.57,7
Telangana,Warangal,Warangal Apmc Market,2025-12-01,0.3,0,0.3,23.1,29.5,16.4,60.71,7
Telangana,Warangal,Warangal Apmc Market,2025-12-08,0.0,0,0.0,21.49,29.0,14.4,48.43,7
Telangana,Warangal,Warangal Apmc Market,2025-12-15,0.0,0,0.0,21.41,29.2,14.4,54.29,7
Telangana,Warangal,Warangal Apmc Market,2025-12-22,0.0,0,0.0,21.43,28.0,14.9,53.57,7
Telangana,Warangal,Warangal Apmc Market,2025-12-29,0.0,0,0.0,22.19,29.0,14.5,63.29,7
Telangana,Warangal,Warangal Apmc Market,2026-01-05,0.0,0,0.0,21.13,28.1,13.7,51.0,7
Telangana,Warangal,Warangal Apmc Market,2026-01-12,0.0,0,0.0,23.56,30.6,15.6,48.57,7
Telangana,Warangal,Warangal Apmc Market,2026-01-19,0.0,0,0.0,23.07,30.3,16.6,57.86,7
Telangana,Warangal,Warangal Apmc Market,2026-01-26,0.0,0,0.0,24.26,31.0,18.5,58.86,7
Telangana,Warangal,Warangal Apmc Market,2026-02-02,0.0,0,0.0,24.33,31.0,17.5,52.14,7
Telangana,Warangal,Warangal Apmc Market,2026-02-09,0.0,0,0.0,24.61,32.6,16.8,49.86,7
Telangana,Warangal,Warangal Apmc Market,2026-02-16,0.0,0,0.0,26.13,33.8,18.9,50.43,7
Telangana,Warangal,Warangal Apmc Market,2026-02-23,2.2,0,2.0,26.01,33.9,19.8,59.43,7
Telangana,Warangal,Warangal Apmc Market,2026-03-02,0.0,0,0.0,28.17,36.5,20.5,42.29,7
Telangana,Warangal,Warangal Apmc Market,2026-03-09,0.0,0,0.0,28.46,36.9,21.3,51.0,7
Telangana,Warangal,Warangal Apmc Market,2026-03-16,2.0,0,0.7,26.37,33.0,20.4,60.71,7
Telangana,Warangal,Warangal Apmc Market,2026-03-23,0.1,0,0.1,29.91,38.1,22.7,48.29,7
Telangana,Warangal,Warangal Apmc Market,2026-03-30,0.3,0,0.2,30.13,36.6,23.3,49.14,7
Telangana,Warangal,Warangal Apmc Market,2026-04-06,0.0,0,0.0,31.6,39.6,24.0,42.57,7
Telangana,Warangal,Warangal Apmc Market,2026-04-13,1.1,0,1.0,33.23,40.5,25.9,43.14,7
Telangana,Warangal,Warangal Apmc Market,2026-04-20,0.3,0,0.3,33.21,40.3,25.9,40.43,7
Telangana,Warangal,Warangal Apmc Market,2026-04-27,0.3,0,0.3,33.23,40.4,25.7,46.57,7
Telangana,Warangal,Warangal Apmc Market,2026-05-04,1.9,0,1.3,31.46,39.3,25.5,52.14,7
Telangana,Warangal,Warangal Apmc Market,2026-05-11,0.9,0,0.5,32.21,38.2,25.8,55.29,7
Telangana,Warangal,Warangal Apmc Market,2026-05-18,0.3,0,0.3,35.3,42.4,27.3,40.29,7
Telangana,Warangal,Warangal Apmc Market,2026-05-25,1.5,0,0.7,34.13,41.1,27.4,42.57,7
Telangana,Warangal,Warangal Apmc Market,2026-06-01,14.8,2,8.1,32.37,37.9,25.4,49.57,7
Telangana,Warangal,Warangal Apmc Market,2026-06-08,14.9,2,9.8,31.2,37.2,24.1,58.86,7
Telangana,Warangal,Warangal Apmc Market,2026-06-15,4.2,0,1.9,31.73,37.8,25.5,55.14,7
Telangana,Warangal,Warangal Apmc Market,2026-06-22,30.2,4,8.6,28.9,33.6,24.5,71.0,7
Telangana,Warangal,Warangal Apmc Market,2026-06-29,57.3,7,18.9,27.53,33.1,24.4,77.29,7
Telangana,Warangal,Warangal Apmc Market,2026-07-06,8.1,0,2.2,29.16,32.9,24.6,66.86,7
Telangana,Warangal,Warangal Apmc Market,2026-07-13,18.5,2,9.9,28.8,33.8,24.8,68.86,7
Telangana,Warangal,Warangal Apmc Market,2026-07-20,51.1,5,19.8,27.31,32.1,23.9,74.86,7
Telangana,Warangal,Warangal Apmc Market,2026-07-27,97.4,5,38.2,27.21,32.4,24.1,79.57,7
Telangana,Warangal,Warangal Apmc Market,2026-08-03,25.3,5,9.0,27.71,32.5,23.6,76.43,7
Telangana,Warangal,Warangal Apmc Market,2026-08-10,10.8,2,3.5,28.23,31.9,24.4,71.14,7
Telangana,Warangal,Warangal Apmc Market,2026-08-17,20.7,3,12.4,27.86,32.0,24.6,72.0,7
Telangana,Warangal,Warangal Apmc Market,2026-08-24,13.9,2,6.8,27.61,31.8,24.2,72.86,7
Telangana,Warangal,Warangal Apmc Market,2026-08-31,5.0,0,2.2,27.81,32.3,23.4,70.29,7
Telangana,Warangal,Warangal Apmc Market,2026-09-07,34.9,3,17.7,28.09,33.1,22.8,72.57,7
Telangana,Warangal,Warangal Apmc Market,2026-09-14,19.2,2,11.2,28.6,33.6,22.3,73.29,7
Telangana,Warangal,Warangal Apmc Market,2026-09-21,49.1,3,23.4,27.49,32.6,23.8,75.14,7
Telangana,Warangal,Warangal Apmc Market,2026-09-28,0.0,0,0.0,28.24,33.2,23.2,65.8,5
Uttar Pradesh,Agra,Agra Apmc Market,2025-09-29,59.8,3,30.7,27.96,34.6,23.7,79.0,7
Uttar Pradesh,Agra,Agra Apmc Market,2025-10-06,14.9,1,11.6,24.53,30.5,19.0,72.71,7
Uttar Pradesh,Agra,Agra Apmc Market,2025-10-13,0.0,0,0.0,25.26,31.6,19.1,64.29,7
Uttar Pradesh,Agra,Agra Apmc Market,2025-10-20,0.2,0,0.2,24.9,31.6,18.7,67.14,7
Uttar Pradesh,Agra,Agra Apmc Market,2025-10-27,20.5,3,11.6,23.03,29.9,19.2,80.43,7
Uttar Pradesh,Agra,Agra Apmc Market,2025-11-03,0.2,0,0.2,20.79,30.6,12.3,63.0,7
Uttar Pradesh,Agra,Agra Apmc Market,2025-11-10,0.0,0,0.0,18.2,26.7,11.7,64.43,7
Uttar Pradesh,Agra,Agra Apmc Market,2025-11-17,0.0,0,0.0,18.01,25.3,11.4,73.57,7
Uttar Pradesh,Agra,Agra Apmc Market,2025-11-24,0.0,0,0.0,16.87,24.8,10.5,73.0,7
Uttar Pradesh,Agra,Agra Apmc Market,2025-12-01,0.0,0,0.0,16.0,25.0,8.4,71.71,7
Uttar Pradesh,Agra,Agra Apmc Market,2025-12-08,0.0,0,0.0,16.27,24.5,9.7,75.0,7
Uttar Pradesh,Agra,Agra Apmc Market,2025-12-15,0.0,0,0.0,14.76,22.7,8.1,85.14,7
Uttar Pradesh,Agra,Agra Apmc Market,2025-12-22,0.0,0,0.0,14.33,22.7,8.6,81.57,7
Uttar Pradesh,Agra,Agra Apmc Market,2025-12-29,1.8,0,1.6,12.69,19.9,7.9,89.0,7
Uttar Pradesh,Agra,Agra Apmc Market,2026-01-05,0.0,0,0.0,11.3,19.2,6.1,85.86,7
Uttar Pradesh,Agra,Agra Apmc Market,2026-01-12,0.1,0,0.1,13.06,22.4,5.3,78.29,7
Uttar Pradesh,Agra,Agra Apmc Market,2026-01-19,3.4,0,2.2,15.6,24.0,7.5,74.71,7
Uttar Pradesh,Agra,Agra Apmc Market,2026-01-26,37.9,3,26.3,14.53,21.4,6.5,84.43,7
Uttar Pradesh,Agra,Agra Apmc Market,2026-02-02,0.0,0,0.0,15.99,24.0,9.6,79.14,7
Uttar Pradesh,Agra,Agra Apmc Market,2026-02-09,0.0,0,0.0,18.56,28.3,10.5,68.57,7
Uttar Pradesh,Agra,Agra Apmc Market,2026-02-16,1.5,0,1.4,20.5,29.5,13.3,63.29,7
Uttar Pradesh,Agra,Agra Apmc Market,2026-02-23,0.0,0,0.0,22.71,31.1,14.7,53.86,7
Uttar Pradesh,Agra,Agra Apmc Market,2026-03-02,0.0,0,0.0,25.31,34.7,16.3,51.86,7
Uttar Pradesh,Agra,Agra Apmc Market,2026-03-09,1.6,0,1.6,27.06,36.8,18.9,44.57,7
Uttar Pradesh,Agra,Agra Apmc Market,2026-03-16,6.7,1,6.2,23.74,33.9,15.3,56.86,7
Uttar Pradesh,Agra,Agra Apmc Market,2026-03-23,3.0,1,2.6,26.01,36.2,17.7,53.14,7
Uttar Pradesh,Agra,Agra Apmc Market,2026-03-30,13.5,2,7.0,26.87,36.5,19.8,51.86,7
Uttar Pradesh,Agra,Agra Apmc Market,2026-04-06,8.8,2,5.7,24.89,34.9,17.3,50.14,7
Uttar Pradesh,Agra,Agra Apmc Market,2026-04-13,0.0,0,0.0,31.76,41.2,21.6,26.14,7
Uttar Pradesh,Agra,Agra Apmc Market,2026-04-20,0.0,0,0.0,34.03,42.8,25.1,21.43,7
Uttar Pradesh,Agra,Agra Apmc Market,2026-04-27,0.6,0,0.5,32.6,43.1,23.5,35.57,7
Uttar Pradesh,Agra,Agra Apmc Market,2026-05-04,10.8,2,5.9,27.7,35.8,21.6,57.14,7
Uttar Pradesh,Agra,Agra Apmc Market,2026-05-11,0.0,0,0.0,33.77,41.6,26.4,38.14,7
Uttar Pradesh,Agra,Agra Apmc Market,2026-05-18,0.0,0,0.0,37.07,44.5,29.2,23.29,7
Uttar Pradesh,Agra,Agra Apmc Market,2026-05-25,3.0,0,2.2,34.29,43.5,24.5,37.0,7
Uttar Pradesh,Agra,Agra Apmc Market,2026-06-01,10.7,1,7.9,31.76,40.2,23.0,50.86,7
Uttar Pradesh,Agra,Agra Apmc Market,2026-06-08,11.2,1,9.3,33.93,42.6,24.6,45.0,7
Uttar Pradesh,Agra,Agra Apmc Market,2026-06-15,3.5,0,1.8,33.96,39.6,25.4,42.14,7
Uttar Pradesh,Agra,Agra Apmc Market,2026-06-22,0.8,0,0.4,34.59,40.6,28.6,44.14,7
Uttar Pradesh,Agra,Agra Apmc Market,2026-06-29,18.0,2,9.3,32.01,40.3,27.2,67.43,7
Uttar Pradesh,Agra,Agra Apmc Market,2026-07-06,88.9,2,66.2,30.3,35.5,25.7,75.14,7
Uttar Pradesh,Agra,Agra Apmc Market,2026-07-13,4.5,1,2.5,32.7,37.4,28.7,59.29,7
Uttar Pradesh,Agra,Agra Apmc Market,2026-07-20,65.6,4,23.9,29.29,34.7,25.2,80.0,7
Uttar Pradesh,Agra,Agra Apmc Market,2026-07-27,47.8,4,22.7,30.1,35.0,26.6,79.0,7
Uttar Pradesh,Agra,Agra Apmc Market,2026-08-03,85.4,6,36.3,28.4,33.8,25.7,87.57,7
Uttar Pradesh,Agra,Agra Apmc Market,2026-08-10,40.7,6,14.2,29.5,34.7,26.4,84.57,7
Uttar Pradesh,Agra,Agra Apmc Market,2026-08-17,29.4,5,8.4,29.53,33.3,26.1,80.57,7
Uttar Pradesh,Agra,Agra Apmc Market,2026-08-24,48.1,3,21.9,28.94,34.1,25.6,80.71,7
Uttar Pradesh,Agra,Agra Apmc Market,2026-08-31,89.5,6,25.4,27.6,32.5,24.2,85.86,7
Uttar Pradesh,Agra,Agra Apmc Market,2026-09-07,18.2,2,10.5,29.01,34.0,24.7,75.14,7
Uttar Pradesh,Agra,Agra Apmc Market,2026-09-14,17.1,2,7.2,28.5,34.8,23.4,76.29,7
Uttar Pradesh,Agra,Agra Apmc Market,2026-09-21,7.1,1,4.2,27.87,36.6,21.8,70.29,7
Uttar Pradesh,Agra,Agra Apmc Market,2026-09-28,0.0,0,0.0,28.16,35.8,21.7,64.8,5
Uttar Pradesh,Kanpur,Kanpur Apmc Market,2025-09-29,45.8,5,22.9,28.33,34.6,23.8,79.0,7
Uttar Pradesh,Kanpur,Kanpur Apmc Market,2025-10-06,15.1,1,13.3,25.81,33.0,18.9,69.0,7
Uttar Pradesh,Kanpur,Kanpur Apmc Market,2025-10-13,0.0,0,0.0,26.36,33.1,19.6,57.0,7
Uttar Pradesh,Kanpur,Kanpur Apmc Market,2025-10-20,0.0,0,0.0,27.84,33.9,22.2,57.29,7
Uttar Pradesh,Kanpur,Kanpur Apmc Market,2025-10-27,47.9,3,28.6,23.67,30.2,20.5,81.43,7
Uttar Pradesh,Kanpur,Kanpur Apmc Market,2025-11-03,0.0,0,0.0,22.14,29.8,14.4,63.14,7
Uttar Pradesh,Kanpur,Kanpur Apmc Market,2025-11-10,0.0,0,0.0,20.13,28.0,12.9,56.43,7
Uttar Pradesh,Kanpur,Kanpur Apmc Market,2025-11-17,0.0,0,0.0,20.47,27.0,13.3,63.71,7
Uttar Pradesh,Kanpur,Kanpur Apmc Market,2025-11-24,0.0,0,0.0,18.9,26.3,12.2,61.29,7
Uttar Pradesh,Kanpur,Kanpur Apmc Market,2025-12-01,0.0,0,0.0,17.81,26.0,10.2,61.29,7
Uttar Pradesh,Kanpur,Kanpur Apmc Market,2025-12-08,0.0,0,0.0,17.76,25.1,10.6,65.14,7
Uttar Pradesh,Kanpur,Kanpur Apmc Market,2025-12-15,0.0,0,0.0,15.23,23.6,9.4,82.71,7
Uttar Pradesh,Kanpur,Kanpur Apmc Market,2025-12-22,0.0,0,0.0,14.86,22.0,8.5,79.43,7
Uttar Pradesh,Kanpur,Kanpur Apmc Market,2025-12-29,0.0,0,0.0,13.97,20.7,8.7,82.57,7
Uttar Pradesh,Kanpur,Kanpur Apmc Market,2026-01-05,0.0,0,0.0,13.09,21.9,7.0,80.43,7
Uttar Pradesh,Kanpur,Kanpur Apmc Market,2026-01-12,0.0,0,0.0,14.31,23.5,6.6,70.0,7
Uttar Pradesh,Kanpur,Kanpur Apmc Market,2026-01-19,0.2,0,0.2,18.19,25.9,11.2,67.29,7
Uttar Pradesh,Kanpur,Kanpur Apmc Market,2026-01-26,38.5,2,32.9,16.21,25.9,8.7,80.29,7
Uttar Pradesh,Kanpur,Kanpur Apmc Market,2026-02-02,10.8,1,8.5,17.33,25.8,11.0,77.0,7
Uttar Pradesh,Kanpur,Kanpur Apmc Market,2026-02-09,0.0,0,0.0,19.93,29.0,12.1,59.0,7
Uttar Pradesh,Kanpur,Kanpur Apmc Market,2026-02-16,0.0,0,0.0,21.97,29.6,13.4,54.0,7
Uttar Pradesh,Kanpur,Kanpur Apmc Market,2026-02-23,0.0,0,0.0,23.7,32.3,15.2,43.71,7
Uttar Pradesh,Kanpur,Kanpur Apmc Market,2026-03-02,0.0,0,0.0,26.01,34.2,18.0,48.0,7
Uttar Pradesh,Kanpur,Kanpur Apmc Market,2026-03-09,0.0,0,0.0,28.41,36.8,20.9,41.0,7
Uttar Pradesh,Kanpur,Kanpur Apmc Market,2026-03-16,8.8,1,8.5,25.16,35.6,16.9,51.0,7
Uttar Pradesh,Kanpur,Kanpur Apmc Market,2026-03-23,0.7,0,0.7,27.13,36.1,18.0,43.71,7
Uttar Pradesh,Kanpur,Kanpur Apmc Market,2026-03-30,10.1,1,8.6,29.01,38.3,19.8,43.14,7
Uttar Pradesh,Kanpur,Kanpur Apmc Market,2026-04-06,12.5,2,9.9,25.91,37.0,17.5,47.29,7
Uttar Pradesh,Kanpur,Kanpur Apmc Market,2026-04-13,0.0,0,0.0,32.83,42.5,21.8,23.29,7
Uttar Pradesh,Kanpur,Kanpur Apmc Market,2026-04-20,0.0,0,0.0,35.09,43.7,26.1,19.71,7
Uttar Pradesh,Kanpur,Kanpur Apmc Market,2026-04-27,0.8,0,0.3,31.94,42.6,23.3,43.0,7
Uttar Pradesh,Kanpur,Kanpur Apmc Market,2026-05-04,43.2,2,24.0,27.47,36.5,21.2,61.57,7
Uttar Pradesh,Kanpur,Kanpur Apmc Market,2026-05-11,0.5,0,0.5,34.0,41.8,27.2,38.29,7
Uttar Pradesh,Kanpur,Kanpur Apmc Market,2026-05-18,0.0,0,0.0,37.57,44.4,30.7,26.71,7
Uttar Pradesh,Kanpur,Kanpur Apmc Market,2026-05-25,8.2,1,5.8,33.89,43.6,25.3,41.86,7
Uttar Pradesh,Kanpur,Kanpur Apmc Market,2026-06-01,9.4,3,3.6,32.84,40.3,23.2,48.57,7
Uttar Pradesh,Kanpur,Kanpur Apmc Market,2026-06-08,13.0,1,11.6,34.01,41.9,23.5,45.14,7
Uttar Pradesh,Kanpur,Kanpur Apmc Market,2026-06-15,2.9,0,2.0,35.86,41.0,29.3,37.57,7
Uttar Pradesh,Kanpur,Kanpur Apmc Market,2026-06-22,3.2,0,1.8,35.9,41.2,29.2,40.57,7
Uttar Pradesh,Kanpur,Kanpur Apmc Market,2026-06-29,37.9,6,8.5,31.69,40.4,27.4,71.71,7
Uttar Pradesh,Kanpur,Kanpur Apmc Market,2026-07-06,104.9,6,45.1,29.73,35.0,26.1,78.86,7
Uttar Pradesh,Kanpur,Kanpur Apmc Market,2026-07-13,13.5,1,6.7,31.4,36.4,26.6,70.86,7
Uttar Pradesh,Kanpur,Kanpur Apmc Market,2026-07-20,63.9,4,33.3,28.96,33.9,25.7,82.86,7
Uttar Pradesh,Kanpur,Kanpur Apmc Market,2026-07-27,25.3,2,14.3,30.3,34.0,26.6,78.14,7
Uttar Pradesh,Kanpur,Kanpur Apmc Market,2026-08-03,75.8,6,18.9,28.67,33.1,25.1,85.71,7
Uttar Pradesh,Kanpur,Kanpur Apmc Market,2026-08-10,55.7,6,21.1,29.69,34.3,26.7,84.29,7
Uttar Pradesh,Kanpur,Kanpur Apmc Market,2026-08-17,94.5,7,25.2,28.66,33.2,25.2,87.29,7
Uttar Pradesh,Kanpur,Kanpur Apmc Market,2026-08-24,206.6,7,65.2,28.2,33.3,25.3,88.71,7
Uttar Pradesh,Kanpur,Kanpur Apmc Market,2026-08-31,115.5,6,25.6,27.49,31.3,25.0,87.57,7
Uttar Pradesh,Kanpur,Kanpur Apmc Market,2026-09-07,28.9,4,10.3,28.76,33.4,25.3,80.14,7
Uttar Pradesh,Kanpur,Kanpur Apmc Market,2026-09-14,16.1,3,5.1,29.63,35.0,25.1,70.86,7
Uttar Pradesh,Kanpur,Kanpur Apmc Market,2026-09-21,204.5,4,94.1,26.54,34.7,21.2,80.29,7
Uttar Pradesh,Kanpur,Kanpur Apmc Market,2026-09-28,0.9,0,0.9,27.4,33.0,22.3,74.6,5
Uttar Pradesh,Lucknow,Lucknow Apmc Market,2025-09-29,28.7,2,18.4,28.94,34.7,24.2,74.71,7
Uttar Pradesh,Lucknow,Lucknow Apmc Market,2025-10-06,5.1,1,3.2,26.97,33.6,21.4,63.14,7
Uttar Pradesh,Lucknow,Lucknow Apmc Market,2025-10-13,0.0,0,0.0,26.99,33.5,19.9,55.86,7
Uttar Pradesh,Lucknow,Lucknow Apmc Market,2025-10-20,0.0,0,0.0,28.01,34.0,21.9,57.71,7
Uttar Pradesh,Lucknow,Lucknow Apmc Market,2025-10-27,38.0,3,28.8,23.93,29.7,20.5,78.29,7
Uttar Pradesh,Lucknow,Lucknow Apmc Market,2025-11-03,0.0,0,0.0,22.86,30.5,15.4,60.57,7
Uttar Pradesh,Lucknow,Lucknow Apmc Market,2025-11-10,0.0,0,0.0,20.54,27.7,12.8,53.14,7
Uttar Pradesh,Lucknow,Lucknow Apmc Market,2025-11-17,0.0,0,0.0,21.09,27.7,14.0,62.0,7
Uttar Pradesh,Lucknow,Lucknow Apmc Market,2025-11-24,0.0,0,0.0,19.17,26.2,12.4,60.43,7
Uttar Pradesh,Lucknow,Lucknow Apmc Market,2025-12-01,0.0,0,0.0,17.8,26.2,10.5,58.86,7
Uttar Pradesh,Lucknow,Lucknow Apmc Market,2025-12-08,0.0,0,0.0,17.7,24.8,11.0,65.43,7
Uttar Pradesh,Lucknow,Lucknow Apmc Market,2025-12-15,0.0,0,0.0,15.34,24.1,9.1,79.86,7
Uttar Pradesh,Lucknow,Lucknow Apmc Market,2025-12-22,0.0,0,0.0,14.63,20.7,9.2,83.57,7
Uttar Pradesh,Lucknow,Lucknow Apmc Market,2025-12-29,0.1,0,0.1,13.4,20.2,8.0,83.29,7
Uttar Pradesh,Lucknow,Lucknow Apmc Market,2026-01-05,0.0,0,0.0,13.09,22.2,7.2,78.86,7
Uttar Pradesh,Lucknow,Lucknow Apmc Market,2026-01-12,0.0,0,0.0,13.89,22.8,7.0,72.0,7
Uttar Pradesh,Lucknow,Lucknow Apmc Market,2026-01-19,0.4,0,0.4,18.41,26.9,11.0,64.43,7
Uttar Pradesh,Lucknow,Lucknow Apmc Market,2026-01-26,11.2,1,11.0,16.16,25.4,9.0,79.29,7
Uttar Pradesh,Lucknow,Lucknow Apmc Market,2026-02-02,2.8,1,2.8,17.14,25.5,10.9,76.86,7
Uttar Pradesh,Lucknow,Lucknow Apmc Market,2026-02-09,0.0,0,0.0,19.87,28.5,11.2,57.14,7
Uttar Pradesh,Lucknow,Lucknow Apmc Market,2026-02-16,0.1,0,0.1,22.37,30.8,13.2,53.43,7
Uttar Pradesh,Lucknow,Lucknow Apmc Market,2026-02-23,0.0,0,0.0,23.54,32.2,15.8,45.29,7
Uttar Pradesh,Lucknow,Lucknow Apmc Market,2026-03-02,0.0,0,0.0,25.91,33.8,17.6,48.0,7
Uttar Pradesh,Lucknow,Lucknow Apmc Market,2026-03-09,0.2,0,0.2,28.24,36.7,21.1,44.71,7
Uttar Pradesh,Lucknow,Lucknow Apmc Market,2026-03-16,13.9,2,9.6,24.96,35.0,17.1,53.29,7
Uttar Pradesh,Lucknow,Lucknow Apmc Market,2026-03-23,3.9,1,3.8,27.01,35.9,18.7,44.43,7
Uttar Pradesh,Lucknow,Lucknow Apmc Market,2026-03-30,5.2,1,4.4,29.49,37.7,20.3,40.86,7
Uttar Pradesh,Lucknow,Lucknow Apmc Market,2026-04-06,23.4,1,22.9,26.07,37.3,17.0,44.86,7
Uttar Pradesh,Lucknow,Lucknow Apmc Market,2026-04-13,0.0,0,0.0,32.77,42.0,23.2,23.43,7
Uttar Pradesh,Lucknow,Lucknow Apmc Market,2026-04-20,0.0,0,0.0,35.29,43.7,26.8,19.14,7
Uttar Pradesh,Lucknow,Lucknow Apmc Market,2026-04-27,1.2,0,0.5,30.3,40.9,21.7,53.0,7
Uttar Pradesh,Lucknow,Lucknow Apmc Market,2026-05-04,24.9,1,20.8,26.49,34.9,21.2,66.14,7
Uttar Pradesh,Lucknow,Lucknow Apmc Market,2026-05-11,5.0,1,5.0,32.59,40.9,25.4,46.71,7
Uttar Pradesh,Lucknow,Lucknow Apmc Market,2026-05-18,0.0,0,0.0,36.54,42.8,29.2,34.57,7
Uttar Pradesh,Lucknow,Lucknow Apmc Market,2026-05-25,4.1,0,2.0,32.39,42.8,24.1,49.43,7
Uttar Pradesh,Lucknow,Lucknow Apmc Market,2026-06-01,5.6,1,2.5,32.16,39.1,24.0,54.71,7
Uttar Pradesh,Lucknow,Lucknow Apmc Market,2026-06-08,33.9,2,23.4,32.29,41.7,23.8,55.86,7
Uttar Pradesh,Lucknow,Lucknow Apmc Market,2026-06-15,2.8,0,1.7,34.66,40.1,27.3,44.71,7
Uttar Pradesh,Lucknow,Lucknow Apmc Market,2026-06-22,4.2,1,3.0,35.33,40.3,28.2,45.14,7
Uttar Pradesh,Lucknow,Lucknow Apmc Market,2026-06-29,41.0,6,11.7,30.97,36.6,26.5,76.0,7
Uttar Pradesh,Lucknow,Lucknow Apmc Market,2026-07-06,114.5,5,28.1,29.57,35.2,25.8,81.14,7
Uttar Pradesh,Lucknow,Lucknow Apmc Market,2026-07-13,26.5,4,10.8,30.43,36.0,25.7,77.43,7
Uttar Pradesh,Lucknow,Lucknow Apmc Market,2026-07-20,75.3,6,20.2,28.7,34.2,25.5,84.14,7
Uttar Pradesh,Lucknow,Lucknow Apmc Market,2026-07-27,27.5,4,11.3,29.94,33.9,26.6,80.71,7
Uttar Pradesh,Lucknow,Lucknow Apmc Market,2026-08-03,95.4,6,30.0,28.77,33.2,25.5,85.14,7
Uttar Pradesh,Lucknow,Lucknow Apmc Market,2026-08-10,47.6,5,17.1,29.89,34.8,26.8,83.71,7
Uttar Pradesh,Lucknow,Lucknow Apmc Market,2026-08-17,68.9,7,17.2,28.71,33.4,25.0,87.29,7
Uttar Pradesh,Lucknow,Lucknow Apmc Market,2026-08-24,128.0,7,28.5,28.41,32.6,25.6,89.57,7
Uttar Pradesh,Lucknow,Lucknow Apmc Market,2026-08-31,95.6,7,32.0,27.59,31.5,25.2,88.57,7
Uttar Pradesh,Lucknow,Lucknow Apmc Market,2026-09-07,41.6,5,15.4,28.44,33.1,24.8,83.29,7
Uttar Pradesh,Lucknow,Lucknow Apmc Market,2026-09-14,23.7,4,6.7,28.43,32.8,23.4,80.86,7
Uttar Pradesh,Lucknow,Lucknow Apmc Market,2026-09-21,160.9,4,93.8,26.06,33.4,21.4,85.71,7
Uttar Pradesh,Lucknow,Lucknow Apmc Market,2026-09-28,0.4,0,0.2,27.32,32.2,22.7,77.6,5
Uttar Pradesh,Meerut,Meerut Apmc Market,2025-09-29,29.9,3,21.3,28.46,34.0,22.3,72.29,7
Uttar Pradesh,Meerut,Meerut Apmc Market,2025-10-06,32.4,2,17.3,23.5,30.5,18.8,78.0,7
Uttar Pradesh,Meerut,Meerut Apmc Market,2025-10-13,0.0,0,0.0,24.46,31.4,18.6,67.86,7
Uttar Pradesh,Meerut,Meerut Apmc Market,2025-10-20,0.1,0,0.1,23.83,31.2,15.3,64.86,7
Uttar Pradesh,Meerut,Meerut Apmc Market,2025-10-27,0.5,0,0.4,23.16,29.4,17.0,75.0,7
Uttar Pradesh,Meerut,Meerut Apmc Market,2025-11-03,0.1,0,0.1,20.36,28.9,12.9,64.0,7
Uttar Pradesh,Meerut,Meerut Apmc Market,2025-11-10,0.0,0,0.0,17.44,25.5,11.1,64.57,7
Uttar Pradesh,Meerut,Meerut Apmc Market,2025-11-17,0.0,0,0.0,17.43,24.9,9.6,74.57,7
Uttar Pradesh,Meerut,Meerut Apmc Market,2025-11-24,0.0,0,0.0,15.73,24.6,9.1,69.29,7
Uttar Pradesh,Meerut,Meerut Apmc Market,2025-12-01,0.0,0,0.0,14.7,23.5,7.7,65.71,7
Uttar Pradesh,Meerut,Meerut Apmc Market,2025-12-08,0.0,0,0.0,15.51,24.0,7.6,72.14,7
Uttar Pradesh,Meerut,Meerut Apmc Market,2025-12-15,0.0,0,0.0,14.09,22.6,7.8,84.14,7
Uttar Pradesh,Meerut,Meerut Apmc Market,2025-12-22,0.0,0,0.0,13.76,22.6,8.4,83.71,7
Uttar Pradesh,Meerut,Meerut Apmc Market,2025-12-29,0.9,0,0.7,12.14,18.6,7.3,87.14,7
Uttar Pradesh,Meerut,Meerut Apmc Market,2026-01-05,0.4,0,0.4,10.81,18.8,5.8,85.43,7
Uttar Pradesh,Meerut,Meerut Apmc Market,2026-01-12,0.0,0,0.0,10.5,20.2,3.8,83.14,7
Uttar Pradesh,Meerut,Meerut Apmc Market,2026-01-19,21.7,1,21.0,14.09,23.2,7.0,75.14,7
Uttar Pradesh,Meerut,Meerut Apmc Market,2026-01-26,25.5,3,12.9,13.47,20.9,6.7,85.0,7
Uttar Pradesh,Meerut,Meerut Apmc Market,2026-02-02,0.0,0,0.0,15.2,23.1,10.3,78.57,7
Uttar Pradesh,Meerut,Meerut Apmc Market,2026-02-09,0.0,0,0.0,16.61,25.5,9.0,74.43,7
Uttar Pradesh,Meerut,Meerut Apmc Market,2026-02-16,0.5,0,0.5,18.8,26.6,12.4,73.29,7
Uttar Pradesh,Meerut,Meerut Apmc Market,2026-02-23,0.0,0,0.0,20.43,29.2,12.7,65.86,7
Uttar Pradesh,Meerut,Meerut Apmc Market,2026-03-02,0.0,0,0.0,23.77,32.2,17.0,61.57,7
Uttar Pradesh,Meerut,Meerut Apmc Market,2026-03-09,1.9,0,1.9,24.61,33.5,17.2,59.29,7
Uttar Pradesh,Meerut,Meerut Apmc Market,2026-03-16,12.8,1,9.9,20.76,29.9,14.3,68.57,7
Uttar Pradesh,Meerut,Meerut Apmc Market,2026-03-23,4.0,1,2.9,23.76,32.2,16.6,61.0,7
Uttar Pradesh,Meerut,Meerut Apmc Market,2026-03-30,6.5,2,2.9,24.89,34.3,18.5,58.86,7
Uttar Pradesh,Meerut,Meerut Apmc Market,2026-04-06,16.9,2,8.6,22.5,31.3,16.1,57.57,7
Uttar Pradesh,Meerut,Meerut Apmc Market,2026-04-13,0.0,0,0.0,27.27,37.9,18.3,44.14,7
Uttar Pradesh,Meerut,Meerut Apmc Market,2026-04-20,0.0,0,0.0,31.47,40.5,23.6,29.86,7
Uttar Pradesh,Meerut,Meerut Apmc Market,2026-04-27,4.5,1,2.9,29.26,40.5,20.6,48.43,7
Uttar Pradesh,Meerut,Meerut Apmc Market,2026-05-04,22.4,2,17.9,26.04,33.7,19.7,64.0,7
Uttar Pradesh,Meerut,Meerut Apmc Market,2026-05-11,6.0,1,5.6,31.03,39.4,23.4,48.71,7
Uttar Pradesh,Meerut,Meerut Apmc Market,2026-05-18,0.0,0,0.0,35.46,41.9,28.6,28.14,7
Uttar Pradesh,Meerut,Meerut Apmc Market,2026-05-25,9.6,2,5.0,31.51,41.6,22.8,45.57,7
Uttar Pradesh,Meerut,Meerut Apmc Market,2026-06-01,10.5,2,5.6,30.04,37.4,21.4,60.29,7
Uttar Pradesh,Meerut,Meerut Apmc Market,2026-06-08,16.4,2,11.5,31.14,40.8,23.3,60.0,7
Uttar Pradesh,Meerut,Meerut Apmc Market,2026-06-15,1.5,0,1.0,31.17,37.1,25.5,56.86,7
Uttar Pradesh,Meerut,Meerut Apmc Market,2026-06-22,5.2,0,2.3,33.09,39.0,26.9,50.86,7
Uttar Pradesh,Meerut,Meerut Apmc Market,2026-06-29,32.3,4,15.9,30.54,39.0,26.2,76.57,7
Uttar Pradesh,Meerut,Meerut Apmc Market,2026-07-06,181.5,5,104.7,28.7,35.1,25.0,85.14,7
Uttar Pradesh,Meerut,Meerut Apmc Market,2026-07-13,29.1,2,18.1,31.16,35.4,24.5,73.57,7
Uttar Pradesh,Meerut,Meerut Apmc Market,2026-07-20,79.1,5,35.4,28.63,33.7,25.3,84.14,7
Uttar Pradesh,Meerut,Meerut Apmc Market,2026-07-27,54.3,6,15.3,29.11,34.5,25.2,84.71,7
Uttar Pradesh,Meerut,Meerut Apmc Market,2026-08-03,92.6,6,27.4,28.41,33.7,25.8,87.71,7
Uttar Pradesh,Meerut,Meerut Apmc Market,2026-08-10,44.7,5,15.2,29.19,34.8,25.0,85.14,7
Uttar Pradesh,Meerut,Meerut Apmc Market,2026-08-17,38.9,5,14.6,28.84,33.3,24.1,84.43,7
Uttar Pradesh,Meerut,Meerut Apmc Market,2026-08-24,23.7,3,8.2,29.23,33.8,25.4,82.86,7
Uttar Pradesh,Meerut,Meerut Apmc Market,2026-08-31,66.3,3,20.6,27.56,32.3,24.7,86.71,7
Uttar Pradesh,Meerut,Meerut Apmc Market,2026-09-07,13.1,2,6.2,28.9,33.1,24.2,78.14,7
Uttar Pradesh,Meerut,Meerut Apmc Market,2026-09-14,8.0,1,4.5,28.76,33.4,23.7,74.14,7
Uttar Pradesh,Meerut,Meerut Apmc Market,2026-09-21,46.7,2,42.7,27.64,35.0,21.6,71.14,7
Uttar Pradesh,Meerut,Meerut Apmc Market,2026-09-28,13.1,1,13.1,25.88,32.8,21.8,77.4,5
Uttar Pradesh,Varanasi,Varanasi Apmc Market,2025-09-29,112.6,4,57.7,27.91,34.8,24.4,83.29,7
Uttar Pradesh,Varanasi,Varanasi Apmc Market,2025-10-06,8.6,1,6.1,26.5,31.7,21.6,78.43,7
Uttar Pradesh,Varanasi,Varanasi Apmc Market,2025-10-13,0.0,0,0.0,25.8,31.9,20.7,71.0,7
Uttar Pradesh,Varanasi,Varanasi Apmc Market,2025-10-20,0.7,0,0.4,27.31,32.8,22.1,77.86,7
Uttar Pradesh,Varanasi,Varanasi Apmc Market,2025-10-27,48.9,5,27.8,24.83,29.6,22.4,84.71,7
Uttar Pradesh,Varanasi,Varanasi Apmc Market,2025-11-03,0.0,0,0.0,22.66,29.9,15.6,68.57,7
Uttar Pradesh,Varanasi,Varanasi Apmc Market,2025-11-10,0.0,0,0.0,19.67,26.8,12.6,63.86,7
Uttar Pradesh,Varanasi,Varanasi Apmc Market,2025-11-17,0.0,0,0.0,19.76,26.4,13.2,71.86,7
Uttar Pradesh,Varanasi,Varanasi Apmc Market,2025-11-24,0.0,0,0.0,18.73,26.2,12.3,70.14,7
Uttar Pradesh,Varanasi,Varanasi Apmc Market,2025-12-01,0.0,0,0.0,17.97,25.9,10.6,65.57,7
Uttar Pradesh,Varanasi,Varanasi Apmc Market,2025-12-08,0.0,0,0.0,17.27,24.4,11.0,72.29,7
Uttar Pradesh,Varanasi,Varanasi Apmc Market,2025-12-15,0.0,0,0.0,15.39,23.1,10.0,82.71,7
Uttar Pradesh,Varanasi,Varanasi Apmc Market,2025-12-22,0.0,0,0.0,14.16,21.4,8.9,84.71,7
Uttar Pradesh,Varanasi,Varanasi Apmc Market,2025-12-29,0.0,0,0.0,13.69,20.7,8.2,85.71,7
Uttar Pradesh,Varanasi,Varanasi Apmc Market,2026-01-05,0.0,0,0.0,12.36,21.8,7.2,85.43,7
Uttar Pradesh,Varanasi,Varanasi Apmc Market,2026-01-12,0.0,0,0.0,14.56,23.9,8.0,76.57,7
Uttar Pradesh,Varanasi,Varanasi Apmc Market,2026-01-19,0.0,0,0.0,18.26,26.3,11.6,71.0,7
Uttar Pradesh,Varanasi,Varanasi Apmc Market,2026-01-26,0.8,0,0.8,17.43,26.3,10.5,79.86,7
Uttar Pradesh,Varanasi,Varanasi Apmc Market,2026-02-02,3.5,1,3.5,17.89,26.0,11.5,75.29,7
Uttar Pradesh,Varanasi,Varanasi Apmc Market,2026-02-09,0.0,0,0.0,19.93,28.3,12.3,61.57,7
Uttar Pradesh,Varanasi,Varanasi Apmc Market,2026-02-16,0.1,0,0.1,22.11,30.0,13.6,58.57,7
Uttar Pradesh,Varanasi,Varanasi Apmc Market,2026-02-23,0.0,0,0.0,23.79,33.0,16.1,46.29,7
Uttar Pradesh,Varanasi,Varanasi Apmc Market,2026-03-02,0.0,0,0.0,25.87,34.9,17.9,48.86,7
Uttar Pradesh,Varanasi,Varanasi Apmc Market,2026-03-09,0.3,0,0.3,28.46,36.6,21.3,47.71,7
Uttar Pradesh,Varanasi,Varanasi Apmc Market,2026-03-16,6.1,1,3.2,25.91,35.5,17.8,54.0,7
Uttar Pradesh,Varanasi,Varanasi Apmc Market,2026-03-23,0.8,0,0.6,26.8,36.1,18.6,50.0,7
Uttar Pradesh,Varanasi,Varanasi Apmc Market,2026-03-30,0.4,0,0.3,30.27,38.7,21.9,42.14,7
Uttar Pradesh,Varanasi,Varanasi Apmc Market,2026-04-06,0.4,0,0.3,28.46,38.5,19.4,34.57,7
Uttar Pradesh,Varanasi,Varanasi Apmc Market,2026-04-13,0.0,0,0.0,33.63,43.5,23.7,25.43,7
Uttar Pradesh,Varanasi,Varanasi Apmc Market,2026-04-20,0.0,0,0.0,35.74,43.9,27.5,20.71,7
Uttar Pradesh,Varanasi,Varanasi Apmc Market,2026-04-27,1.9,0,0.8,30.51,41.3,23.3,53.57,7
Uttar Pradesh,Varanasi,Varanasi Apmc Market,2026-05-04,8.1,2,4.5,27.64,35.6,21.4,63.0,7
Uttar Pradesh,Varanasi,Varanasi Apmc Market,2026-05-11,3.4,0,1.6,33.31,41.9,25.1,44.86,7
Uttar Pradesh,Varanasi,Varanasi Apmc Market,2026-05-18,0.0,0,0.0,36.97,44.4,29.6,36.29,7
Uttar Pradesh,Varanasi,Varanasi Apmc Market,2026-05-25,7.2,1,6.8,32.69,43.7,24.1,51.57,7
Uttar Pradesh,Varanasi,Varanasi Apmc Market,2026-06-01,6.1,1,2.6,33.51,39.8,27.0,49.29,7
Uttar Pradesh,Varanasi,Varanasi Apmc Market,2026-06-08,4.6,1,2.6,33.47,41.3,26.7,51.0,7
Uttar Pradesh,Varanasi,Varanasi Apmc Market,2026-06-15,4.7,1,2.7,35.53,41.0,30.0,44.0,7
Uttar Pradesh,Varanasi,Varanasi Apmc Market,2026-06-22,9.7,2,4.4,35.06,40.8,27.4,49.14,7
Uttar Pradesh,Varanasi,Varanasi Apmc Market,2026-06-29,46.0,6,18.0,31.59,37.4,27.0,71.71,7
Uttar Pradesh,Varanasi,Varanasi Apmc Market,2026-07-06,73.4,5,27.7,29.74,34.4,26.3,79.0,7
Uttar Pradesh,Varanasi,Varanasi Apmc Market,2026-07-13,54.4,4,25.4,30.3,35.5,26.4,79.71,7
Uttar Pradesh,Varanasi,Varanasi Apmc Market,2026-07-20,65.9,5,25.2,28.9,34.4,25.4,83.71,7
Uttar Pradesh,Varanasi,Varanasi Apmc Market,2026-07-27,35.9,4,14.8,30.04,33.9,26.7,79.57,7
Uttar Pradesh,Varanasi,Varanasi Apmc Market,2026-08-03,39.8,4,14.0,29.06,33.3,25.5,84.0,7
Uttar Pradesh,Varanasi,Varanasi Apmc Market,2026-08-10,83.4,6,24.8,29.63,34.2,25.8,84.29,7
Uttar Pradesh,Varanasi,Varanasi Apmc Market,2026-08-17,125.3,7,48.3,28.63,33.3,24.6,88.14,7
Uttar Pradesh,Varanasi,Varanasi Apmc Market,2026-08-24,97.9,7,53.3,28.9,32.5,25.9,87.43,7
Uttar Pradesh,Varanasi,Varanasi Apmc Market,2026-08-31,77.0,5,28.1,28.07,31.8,25.3,87.29,7
Uttar Pradesh,Varanasi,Varanasi Apmc Market,2026-09-07,22.8,5,7.1,28.73,32.5,26.3,83.29,7
Uttar Pradesh,Varanasi,Varanasi Apmc Market,2026-09-14,16.3,1,10.4,28.97,33.4,25.5,80.86,7
Uttar Pradesh,Varanasi,Varanasi Apmc Market,2026-09-21,82.8,4,34.7,26.93,33.1,22.7,85.14,7
Uttar Pradesh,Varanasi,Varanasi Apmc Market,2026-09-28,5.7,1,3.5,27.64,32.0,23.4,78.4,5
West Bengal,Burdwan,Burdwan Apmc Market,2025-09-29,86.0,5,30.8,27.47,32.2,24.4,89.71,7
West Bengal,Burdwan,Burdwan Apmc Market,2025-10-06,17.0,3,7.6,27.1,31.4,23.3,83.86,7
West Bengal,Burdwan,Burdwan Apmc Market,2025-10-13,0.2,0,0.1,26.79,33.0,21.2,74.14,7
West Bengal,Burdwan,Burdwan Apmc Market,2025-10-20,0.2,0,0.2,27.6,33.3,22.2,70.29,7
West Bengal,Burdwan,Burdwan Apmc Market,2025-10-27,60.6,3,26.9,26.63,32.7,23.0,84.29,7
West Bengal,Burdwan,Burdwan Apmc Market,2025-11-03,0.0,0,0.0,24.26,30.8,16.7,69.14,7
West Bengal,Burdwan,Burdwan Apmc Market,2025-11-10,0.0,0,0.0,21.11,28.6,15.4,66.0,7
West Bengal,Burdwan,Burdwan Apmc Market,2025-11-17,0.0,0,0.0,22.04,28.8,16.0,68.29,7
West Bengal,Burdwan,Burdwan Apmc Market,2025-11-24,0.0,0,0.0,20.86,27.7,14.6,66.57,7
West Bengal,Burdwan,Burdwan Apmc Market,2025-12-01,0.0,0,0.0,19.76,27.5,12.9,63.29,7
West Bengal,Burdwan,Burdwan Apmc Market,2025-12-08,0.0,0,0.0,19.19,26.8,12.8,66.86,7
West Bengal,Burdwan,Burdwan Apmc Market,2025-12-15,0.0,0,0.0,19.33,26.6,12.9,69.14,7
West Bengal,Burdwan,Burdwan Apmc Market,2025-12-22,0.0,0,0.0,17.03,24.8,10.6,73.43,7
West Bengal,Burdwan,Burdwan Apmc Market,2025-12-29,0.0,0,0.0,15.73,24.2,9.0,75.29,7
West Bengal,Burdwan,Burdwan Apmc Market,2026-01-05,0.0,0,0.0,15.26,24.0,8.8,67.71,7
West Bengal,Burdwan,Burdwan Apmc Market,2026-01-12,0.0,0,0.0,16.93,25.1,10.4,61.43,7
West Bengal,Burdwan,Burdwan Apmc Market,2026-01-19,0.0,0,0.0,19.11,27.5,10.8,65.0,7
West Bengal,Burdwan,Burdwan Apmc Market,2026-01-26,0.0,0,0.0,19.94,27.8,12.8,67.43,7
West Bengal,Burdwan,Burdwan Apmc Market,2026-02-02,0.0,0,0.0,19.64,27.9,11.8,61.57,7
West Bengal,Burdwan,Burdwan Apmc Market,2026-02-09,0.0,0,0.0,20.5,28.5,12.6,58.14,7
West Bengal,Burdwan,Burdwan Apmc Market,2026-02-16,0.0,0,0.0,22.87,30.8,13.7,56.86,7
West Bengal,Burdwan,Burdwan Apmc Market,2026-02-23,6.0,1,6.0,23.44,32.5,15.2,60.57,7
West Bengal,Burdwan,Burdwan Apmc Market,2026-03-02,0.4,0,0.4,24.66,32.7,16.7,63.43,7
West Bengal,Burdwan,Burdwan Apmc Market,2026-03-09,14.0,1,7.1,26.41,35.8,20.5,79.29,7
West Bengal,Burdwan,Burdwan Apmc Market,2026-03-16,39.1,3,18.4,24.19,33.1,15.9,77.29,7
West Bengal,Burdwan,Burdwan Apmc Market,2026-03-23,7.8,2,3.4,26.07,34.6,18.9,74.29,7
West Bengal,Burdwan,Burdwan Apmc Market,2026-03-30,17.7,2,8.9,28.06,35.8,22.0,74.0,7
West Bengal,Burdwan,Burdwan Apmc Market,2026-04-06,35.9,3,20.1,25.8,34.5,19.9,71.29,7
West Bengal,Burdwan,Burdwan Apmc Market,2026-04-13,33.4,1,33.3,29.43,35.7,23.9,78.71,7
West Bengal,Burdwan,Burdwan Apmc Market,2026-04-20,4.5,1,3.7,30.1,36.3,25.2,78.86,7
West Bengal,Burdwan,Burdwan Apmc Market,2026-04-27,28.7,4,15.1,27.1,35.1,20.2,81.0,7
West Bengal,Burdwan,Burdwan Apmc Market,2026-05-04,32.0,6,10.2,26.33,32.4,21.2,80.43,7
West Bengal,Burdwan,Burdwan Apmc Market,2026-05-11,29.3,6,8.9,29.44,36.9,21.3,76.57,7
West Bengal,Burdwan,Burdwan Apmc Market,2026-05-18,53.4,4,27.4,31.77,39.2,27.6,77.43,7
West Bengal,Burdwan,Burdwan Apmc Market,2026-05-25,50.6,2,32.3,29.17,36.7,22.7,80.71,7
West Bengal,Burdwan,Burdwan Apmc Market,2026-06-01,49.6,4,24.8,30.6,37.2,24.4,77.0,7
West Bengal,Burdwan,Burdwan Apmc Market,2026-06-08,44.9,3,16.6,29.81,37.2,24.4,78.86,7
West Bengal,Burdwan,Burdwan Apmc Market,2026-06-15,48.2,4,28.7,29.94,36.2,25.6,79.43,7
West Bengal,Burdwan,Burdwan Apmc Market,2026-06-22,20.3,3,8.3,30.09,36.3,25.7,78.86,7
West Bengal,Burdwan,Burdwan Apmc Market,2026-06-29,58.0,5,26.5,29.47,35.5,25.7,81.86,7
West Bengal,Burdwan,Burdwan Apmc Market,2026-07-06,147.9,7,39.6,28.47,33.0,25.3,86.71,7
West Bengal,Burdwan,Burdwan Apmc Market,2026-07-13,79.9,6,24.6,28.93,33.5,26.2,85.57,7
West Bengal,Burdwan,Burdwan Apmc Market,2026-07-20,117.9,7,38.8,27.66,32.4,24.8,87.86,7
West Bengal,Burdwan,Burdwan Apmc Market,2026-07-27,72.6,7,16.0,28.41,33.7,25.7,85.57,7
West Bengal,Burdwan,Burdwan Apmc Market,2026-08-03,106.1,6,44.8,28.44,33.0,24.9,86.57,7
West Bengal,Burdwan,Burdwan Apmc Market,2026-08-10,50.0,7,14.2,29.01,33.0,26.0,85.29,7
West Bengal,Burdwan,Burdwan Apmc Market,2026-08-17,176.0,5,87.6,28.81,33.3,25.6,86.0,7
West Bengal,Burdwan,Burdwan Apmc Market,2026-08-24,69.3,7,16.6,29.19,33.8,26.2,86.57,7
West Bengal,Burdwan,Burdwan Apmc Market,2026-08-31,112.3,7,35.6,27.99,32.5,25.1,89.14,7
West Bengal,Burdwan,Burdwan Apmc Market,2026-09-07,80.9,7,30.7,27.99,33.1,25.3,88.86,7
West Bengal,Burdwan,Burdwan Apmc Market,2026-09-14,42.9,4,14.1,28.69,33.9,25.4,83.29,7
West Bengal,Burdwan,Burdwan Apmc Market,2026-09-21,131.7,6,43.3,27.24,32.6,24.5,89.43,7
West Bengal,Burdwan,Burdwan Apmc Market,2026-09-28,2.6,0,1.6,28.58,32.4,25.2,78.2,5
West Bengal,Hooghly,Hooghly Apmc Market,2025-09-29,85.6,6,29.8,27.76,32.6,24.4,88.29,7
West Bengal,Hooghly,Hooghly Apmc Market,2025-10-06,29.1,4,9.5,27.21,31.5,23.7,87.43,7
West Bengal,Hooghly,Hooghly Apmc Market,2025-10-13,0.1,0,0.1,27.34,33.4,22.5,76.57,7
West Bengal,Hooghly,Hooghly Apmc Market,2025-10-20,0.0,0,0.0,28.1,33.7,23.5,72.57,7
West Bengal,Hooghly,Hooghly Apmc Market,2025-10-27,57.7,3,24.3,26.96,32.5,23.6,85.29,7
West Bengal,Hooghly,Hooghly Apmc Market,2025-11-03,0.3,0,0.2,24.86,30.0,18.3,73.29,7
West Bengal,Hooghly,Hooghly Apmc Market,2025-11-10,0.0,0,0.0,21.81,28.4,17.1,72.57,7
West Bengal,Hooghly,Hooghly Apmc Market,2025-11-17,0.0,0,0.0,22.61,28.8,17.4,71.0,7
West Bengal,Hooghly,Hooghly Apmc Market,2025-11-24,0.0,0,0.0,21.73,27.9,16.3,69.14,7
West Bengal,Hooghly,Hooghly Apmc Market,2025-12-01,0.0,0,0.0,20.7,27.5,14.0,67.71,7
West Bengal,Hooghly,Hooghly Apmc Market,2025-12-08,0.0,0,0.0,20.26,26.9,14.8,69.0,7
West Bengal,Hooghly,Hooghly Apmc Market,2025-12-15,0.0,0,0.0,20.31,26.9,14.7,71.71,7
West Bengal,Hooghly,Hooghly Apmc Market,2025-12-22,0.0,0,0.0,18.01,24.8,11.5,74.86,7
West Bengal,Hooghly,Hooghly Apmc Market,2025-12-29,0.0,0,0.0,16.51,23.6,10.5,76.71,7
West Bengal,Hooghly,Hooghly Apmc Market,2026-01-05,0.0,0,0.0,15.94,23.6,10.2,72.29,7
West Bengal,Hooghly,Hooghly Apmc Market,2026-01-12,0.0,0,0.0,17.76,25.4,11.8,64.71,7
West Bengal,Hooghly,Hooghly Apmc Market,2026-01-19,0.0,0,0.0,20.2,27.8,13.2,63.14,7
West Bengal,Hooghly,Hooghly Apmc Market,2026-01-26,0.0,0,0.0,20.81,27.4,14.7,64.86,7
West Bengal,Hooghly,Hooghly Apmc Market,2026-02-02,0.0,0,0.0,20.61,27.9,14.0,62.14,7
West Bengal,Hooghly,Hooghly Apmc Market,2026-02-09,0.0,0,0.0,21.67,28.8,15.1,57.43,7
West Bengal,Hooghly,Hooghly Apmc Market,2026-02-16,0.0,0,0.0,24.13,31.9,16.0,53.29,7
West Bengal,Hooghly,Hooghly Apmc Market,2026-02-23,7.4,1,7.4,24.27,33.7,16.8,63.29,7
West Bengal,Hooghly,Hooghly Apmc Market,2026-03-02,0.3,0,0.2,26.09,32.6,18.6,62.57,7
West Bengal,Hooghly,Hooghly Apmc Market,2026-03-09,32.3,1,25.0,27.2,35.6,21.8,76.29,7
West Bengal,Hooghly,Hooghly Apmc Market,2026-03-16,62.3,5,27.3,24.91,34.0,17.7,77.0,7
West Bengal,Hooghly,Hooghly Apmc Market,2026-03-23,23.9,2,13.7,26.89,36.8,20.2,73.86,7
West Bengal,Hooghly,Hooghly Apmc Market,2026-03-30,7.5,1,4.4,28.67,36.0,23.0,76.0,7
West Bengal,Hooghly,Hooghly Apmc Market,2026-04-06,31.4,3,12.6,26.21,34.3,21.2,75.86,7
West Bengal,Hooghly,Hooghly Apmc Market,2026-04-13,6.8,1,6.6,29.9,36.8,24.4,77.57,7
West Bengal,Hooghly,Hooghly Apmc Market,2026-04-20,3.5,1,3.5,30.83,37.4,25.9,75.71,7
West Bengal,Hooghly,Hooghly Apmc Market,2026-04-27,45.0,4,13.7,27.1,35.4,21.1,82.71,7
West Bengal,Hooghly,Hooghly Apmc Market,2026-05-04,50.3,5,24.9,26.53,32.0,22.2,82.71,7
West Bengal,Hooghly,Hooghly Apmc Market,2026-05-11,44.2,6,14.3,29.51,36.4,21.9,76.57,7
West Bengal,Hooghly,Hooghly Apmc Market,2026-05-18,11.5,3,4.1,31.34,36.8,27.5,80.43,7
West Bengal,Hooghly,Hooghly Apmc Market,2026-05-25,46.2,2,29.2,29.37,36.2,23.7,80.71,7
West Bengal,Hooghly,Hooghly Apmc Market,2026-06-01,61.2,4,24.4,30.21,35.9,24.5,81.43,7
West Bengal,Hooghly,Hooghly Apmc Market,2026-06-08,39.2,3,16.7,29.54,35.4,25.2,83.14,7
West Bengal,Hooghly,Hooghly Apmc Market,2026-06-15,47.7,4,24.6,29.56,34.9,25.3,83.43,7
West Bengal,Hooghly,Hooghly Apmc Market,2026-06-22,35.8,5,12.6,29.37,34.8,26.0,84.43,7
West Bengal,Hooghly,Hooghly Apmc Market,2026-06-29,52.5,6,20.7,28.76,33.0,26.4,86.29,7
West Bengal,Hooghly,Hooghly Apmc Market,2026-07-06,148.2,7,59.9,28.19,32.7,25.3,89.57,7
West Bengal,Hooghly,Hooghly Apmc Market,2026-07-13,106.0,7,34.1,28.79,32.6,25.7,86.29,7
West Bengal,Hooghly,Hooghly Apmc Market,2026-07-20,117.1,7,32.5,27.24,31.8,24.8,89.86,7
West Bengal,Hooghly,Hooghly Apmc Market,2026-07-27,83.2,6,27.1,28.09,32.6,25.5,87.14,7
West Bengal,Hooghly,Hooghly Apmc Market,2026-08-03,134.1,7,40.1,28.14,32.6,24.9,89.43,7
West Bengal,Hooghly,Hooghly Apmc Market,2026-08-10,56.0,7,24.0,28.69,33.1,26.0,86.71,7
West Bengal,Hooghly,Hooghly Apmc Market,2026-08-17,45.5,3,27.2,28.9,33.3,25.9,85.29,7
West Bengal,Hooghly,Hooghly Apmc Market,2026-08-24,66.6,7,17.0,29.0,33.5,26.2,86.57,7
West Bengal,Hooghly,Hooghly Apmc Market,2026-08-31,144.6,7,33.8,27.89,32.1,25.6,90.43,7
West Bengal,Hooghly,Hooghly Apmc Market,2026-09-07,84.8,7,23.3,27.99,32.8,26.1,88.43,7
West Bengal,Hooghly,Hooghly Apmc Market,2026-09-14,44.5,4,12.8,29.01,33.9,25.3,83.14,7
West Bengal,Hooghly,Hooghly Apmc Market,2026-09-21,114.0,6,34.8,27.73,33.5,24.8,87.43,7
West Bengal,Hooghly,Hooghly Apmc Market,2026-09-28,1.6,0,1.4,29.18,32.7,26.1,78.8,5
West Bengal,Kolkata,Kolkata Apmc Market,2025-09-29,74.5,6,29.6,28.01,32.7,24.5,86.57,7
West Bengal,Kolkata,Kolkata Apmc Market,2025-10-06,30.2,3,11.0,27.47,31.7,24.2,85.43,7
West Bengal,Kolkata,Kolkata Apmc Market,2025-10-13,2.0,0,1.7,28.69,35.2,23.7,66.86,7
West Bengal,Kolkata,Kolkata Apmc Market,2025-10-20,0.2,0,0.2,29.63,35.6,24.7,63.43,7
West Bengal,Kolkata,Kolkata Apmc Market,2025-10-27,48.2,3,22.1,27.8,34.8,24.1,80.57,7
West Bengal,Kolkata,Kolkata Apmc Market,2025-11-03,0.6,0,0.6,25.5,30.8,19.2,68.57,7
West Bengal,Kolkata,Kolkata Apmc Market,2025-11-10,0.0,0,0.0,23.41,30.0,17.8,59.71,7
West Bengal,Kolkata,Kolkata Apmc Market,2025-11-17,0.0,0,0.0,24.37,30.6,18.7,58.43,7
West Bengal,Kolkata,Kolkata Apmc Market,2025-11-24,0.0,0,0.0,22.97,28.6,17.2,59.0,7
West Bengal,Kolkata,Kolkata Apmc Market,2025-12-01,0.0,0,0.0,21.77,28.4,14.6,60.0,7
West Bengal,Kolkata,Kolkata Apmc Market,2025-12-08,0.0,0,0.0,21.24,27.9,15.2,61.57,7
West Bengal,Kolkata,Kolkata Apmc Market,2025-12-15,0.0,0,0.0,21.2,27.7,15.2,64.86,7
West Bengal,Kolkata,Kolkata Apmc Market,2025-12-22,0.0,0,0.0,18.8,25.7,12.3,68.71,7
West Bengal,Kolkata,Kolkata Apmc Market,2025-12-29,0.0,0,0.0,17.7,24.6,11.6,69.57,7
West Bengal,Kolkata,Kolkata Apmc Market,2026-01-05,0.0,0,0.0,16.76,24.4,10.6,66.14,7
West Bengal,Kolkata,Kolkata Apmc Market,2026-01-12,0.0,0,0.0,18.44,26.4,12.4,58.0,7
West Bengal,Kolkata,Kolkata Apmc Market,2026-01-19,0.0,0,0.0,21.53,29.1,13.9,55.0,7
West Bengal,Kolkata,Kolkata Apmc Market,2026-01-26,0.0,0,0.0,22.14,28.4,15.9,58.43,7
West Bengal,Kolkata,Kolkata Apmc Market,2026-02-02,0.0,0,0.0,21.79,28.7,14.6,54.43,7
West Bengal,Kolkata,Kolkata Apmc Market,2026-02-09,0.0,0,0.0,22.87,30.0,15.2,49.71,7
West Bengal,Kolkata,Kolkata Apmc Market,2026-02-16,0.0,0,0.0,25.27,32.8,16.7,46.29,7
West Bengal,Kolkata,Kolkata Apmc Market,2026-02-23,13.6,1,13.5,24.76,33.7,18.0,65.71,7
West Bengal,Kolkata,Kolkata Apmc Market,2026-03-02,1.1,0,0.8,27.04,33.8,19.2,58.71,7
West Bengal,Kolkata,Kolkata Apmc Market,2026-03-09,47.8,5,22.8,27.49,35.5,22.1,76.29,7
West Bengal,Kolkata,Kolkata Apmc Market,2026-03-16,45.9,5,16.8,25.07,34.4,18.5,77.71,7
West Bengal,Kolkata,Kolkata Apmc Market,2026-03-23,26.5,2,16.0,27.74,37.7,21.1,70.14,7
West Bengal,Kolkata,Kolkata Apmc Market,2026-03-30,6.4,1,2.9,29.66,38.0,23.7,71.29,7
West Bengal,Kolkata,Kolkata Apmc Market,2026-04-06,56.2,3,34.9,26.59,34.7,21.2,75.86,7
West Bengal,Kolkata,Kolkata Apmc Market,2026-04-13,8.5,1,6.7,30.31,37.7,25.6,75.71,7
West Bengal,Kolkata,Kolkata Apmc Market,2026-04-20,0.6,0,0.3,31.59,38.3,26.9,71.43,7
West Bengal,Kolkata,Kolkata Apmc Market,2026-04-27,57.9,3,24.8,27.76,36.1,21.7,80.57,7
West Bengal,Kolkata,Kolkata Apmc Market,2026-05-04,39.6,5,13.7,27.04,32.7,22.2,81.14,7
West Bengal,Kolkata,Kolkata Apmc Market,2026-05-11,45.8,5,22.8,29.89,35.9,22.4,75.29,7
West Bengal,Kolkata,Kolkata Apmc Market,2026-05-18,20.3,3,8.9,31.71,37.2,26.2,79.29,7
West Bengal,Kolkata,Kolkata Apmc Market,2026-05-25,46.9,4,24.7,30.01,37.1,24.0,76.71,7
West Bengal,Kolkata,Kolkata Apmc Market,2026-06-01,45.7,4,19.2,31.21,37.7,26.0,75.71,7
West Bengal,Kolkata,Kolkata Apmc Market,2026-06-08,31.9,2,16.4,29.87,36.5,25.4,81.71,7
West Bengal,Kolkata,Kolkata Apmc Market,2026-06-15,85.1,5,45.6,30.27,36.2,25.8,79.29,7
West Bengal,Kolkata,Kolkata Apmc Market,2026-06-22,70.9,6,27.0,29.43,34.9,26.4,84.14,7
West Bengal,Kolkata,Kolkata Apmc Market,2026-06-29,76.2,7,24.5,28.83,34.0,25.8,85.57,7
West Bengal,Kolkata,Kolkata Apmc Market,2026-07-06,181.3,7,41.1,28.34,32.7,25.1,88.57,7
West Bengal,Kolkata,Kolkata Apmc Market,2026-07-13,74.1,6,22.2,28.94,32.5,25.9,84.71,7
West Bengal,Kolkata,Kolkata Apmc Market,2026-07-20,153.6,7,56.2,27.33,31.7,24.5,89.0,7
West Bengal,Kolkata,Kolkata Apmc Market,2026-07-27,135.0,7,43.0,28.09,32.5,25.2,86.43,7
West Bengal,Kolkata,Kolkata Apmc Market,2026-08-03,114.1,7,25.3,28.41,33.0,25.0,87.71,7
West Bengal,Kolkata,Kolkata Apmc Market,2026-08-10,105.4,7,25.7,28.51,33.4,25.1,87.0,7
West Bengal,Kolkata,Kolkata Apmc Market,2026-08-17,52.5,5,28.6,28.89,33.2,25.6,85.14,7
West Bengal,Kolkata,Kolkata Apmc Market,2026-08-24,73.2,7,19.7,29.04,32.9,26.5,86.71,7
West Bengal,Kolkata,Kolkata Apmc Market,2026-08-31,124.7,7,36.3,28.2,32.8,25.6,87.86,7
West Bengal,Kolkata,Kolkata Apmc Market,2026-09-07,89.3,7,29.8,28.23,32.8,25.9,86.14,7
West Bengal,Kolkata,Kolkata Apmc Market,2026-09-14,47.1,4,17.2,29.29,34.1,25.7,80.0,7
West Bengal,Kolkata,Kolkata Apmc Market,2026-09-21,113.8,6,37.3,27.86,33.3,24.9,85.43,7
West Bengal,Kolkata,Kolkata Apmc Market,2026-09-28,3.0,1,2.6,29.52,33.3,26.2,76.0,5
West Bengal,Malda,Malda Apmc Market,2025-09-29,125.7,5,37.7,28.03,37.2,23.7,83.14,7
West Bengal,Malda,Malda Apmc Market,2025-10-06,13.3,1,11.4,27.3,31.9,23.5,80.86,7
West Bengal,Malda,Malda Apmc Market,2025-10-13,0.1,0,0.1,27.53,33.7,22.1,73.29,7
West Bengal,Malda,Malda Apmc Market,2025-10-20,0.1,0,0.1,28.23,34.1,22.8,69.71,7
West Bengal,Malda,Malda Apmc Market,2025-10-27,93.1,4,70.8,26.09,33.0,22.2,81.86,7
West Bengal,Malda,Malda Apmc Market,2025-11-03,0.8,0,0.3,24.77,30.2,18.9,76.57,7
West Bengal,Malda,Malda Apmc Market,2025-11-10,0.0,0,0.0,21.47,27.7,16.2,69.29,7
West Bengal,Malda,Malda Apmc Market,2025-11-17,0.0,0,0.0,21.76,28.6,16.6,72.0,7
West Bengal,Malda,Malda Apmc Market,2025-11-24,0.0,0,0.0,20.59,27.8,15.3,70.86,7
West Bengal,Malda,Malda Apmc Market,2025-12-01,0.0,0,0.0,18.93,25.6,12.6,69.29,7
West Bengal,Malda,Malda Apmc Market,2025-12-08,0.0,0,0.0,18.8,26.1,13.4,73.86,7
West Bengal,Malda,Malda Apmc Market,2025-12-15,0.0,0,0.0,18.44,25.9,13.1,76.0,7
West Bengal,Malda,Malda Apmc Market,2025-12-22,0.0,0,0.0,16.29,22.7,11.0,82.71,7
West Bengal,Malda,Malda Apmc Market,2025-12-29,0.2,0,0.2,14.53,21.2,9.9,83.43,7
West Bengal,Malda,Malda Apmc Market,2026-01-05,0.0,0,0.0,14.11,21.7,10.1,82.71,7
West Bengal,Malda,Malda Apmc Market,2026-01-12,0.0,0,0.0,16.73,24.6,11.2,74.86,7
West Bengal,Malda,Malda Apmc Market,2026-01-19,0.0,0,0.0,18.44,26.3,11.6,70.29,7
West Bengal,Malda,Malda Apmc Market,2026-01-26,0.0,0,0.0,18.63,26.2,12.5,71.86,7
West Bengal,Malda,Malda Apmc Market,2026-02-02,0.0,0,0.0,19.1,26.7,12.6,68.71,7
West Bengal,Malda,Malda Apmc Market,2026-02-09,0.0,0,0.0,20.2,27.5,13.7,63.14,7
West Bengal,Malda,Malda Apmc Market,2026-02-16,0.0,0,0.0,22.7,30.2,15.4,58.57,7
West Bengal,Malda,Malda Apmc Market,2026-02-23,0.0,0,0.0,23.3,32.0,16.9,52.0,7
West Bengal,Malda,Malda Apmc Market,2026-03-02,0.3,0,0.2,24.76,32.0,15.6,55.86,7
West Bengal,Malda,Malda Apmc Market,2026-03-09,21.1,2,15.2,26.43,36.2,20.6,71.43,7
West Bengal,Malda,Malda Apmc Market,2026-03-16,11.0,1,9.0,24.31,34.2,17.0,70.71,7
West Bengal,Malda,Malda Apmc Market,2026-03-23,12.4,2,8.6,24.64,33.6,18.2,67.86,7
West Bengal,Malda,Malda Apmc Market,2026-03-30,1.4,0,0.8,28.06,38.1,19.9,61.86,7
West Bengal,Malda,Malda Apmc Market,2026-04-06,9.8,1,9.1,25.73,35.8,18.3,60.14,7
West Bengal,Malda,Malda Apmc Market,2026-04-13,23.4,1,22.0,28.31,36.0,21.1,70.86,7
West Bengal,Malda,Malda Apmc Market,2026-04-20,10.3,2,5.0,30.6,40.8,22.8,67.71,7
West Bengal,Malda,Malda Apmc Market,2026-04-27,145.1,7,41.0,24.69,29.9,20.7,82.29,7
West Bengal,Malda,Malda Apmc Market,2026-05-04,32.7,3,14.9,26.53,31.8,20.4,73.14,7
West Bengal,Malda,Malda Apmc Market,2026-05-11,58.3,5,23.4,27.6,34.5,21.1,80.14,7
West Bengal,Malda,Malda Apmc Market,2026-05-18,19.1,4,6.2,29.5,35.9,24.1,79.86,7
West Bengal,Malda,Malda Apmc Market,2026-05-25,43.0,4,20.0,27.83,34.6,22.4,79.29,7
West Bengal,Malda,Malda Apmc Market,2026-06-01,12.8,2,6.0,30.63,36.3,25.5,74.0,7
West Bengal,Malda,Malda Apmc Market,2026-06-08,15.9,3,6.1,29.11,35.1,23.6,79.57,7
West Bengal,Malda,Malda Apmc Market,2026-06-15,36.9,5,20.5,29.97,35.7,24.5,78.0,7
West Bengal,Malda,Malda Apmc Market,2026-06-22,34.2,4,11.5,30.83,36.4,25.7,74.14,7
West Bengal,Malda,Malda Apmc Market,2026-06-29,54.4,5,23.3,29.67,35.3,25.4,80.71,7
West Bengal,Malda,Malda Apmc Market,2026-07-06,193.2,7,69.3,28.51,33.5,25.3,88.43,7
West Bengal,Malda,Malda Apmc Market,2026-07-13,46.9,5,11.5,29.36,34.1,26.0,83.86,7
West Bengal,Malda,Malda Apmc Market,2026-07-20,76.0,5,26.5,28.37,33.2,25.1,83.57,7
West Bengal,Malda,Malda Apmc Market,2026-07-27,44.5,4,17.7,29.11,33.3,25.5,82.86,7
West Bengal,Malda,Malda Apmc Market,2026-08-03,97.0,7,40.6,28.46,32.4,25.3,87.86,7
West Bengal,Malda,Malda Apmc Market,2026-08-10,15.1,3,5.0,30.14,33.7,26.9,78.86,7
West Bengal,Malda,Malda Apmc Market,2026-08-17,44.0,6,13.4,29.19,33.9,26.3,84.0,7
West Bengal,Malda,Malda Apmc Market,2026-08-24,36.4,6,11.7,29.94,33.9,26.0,81.86,7
West Bengal,Malda,Malda Apmc Market,2026-08-31,106.0,7,27.4,27.91,32.7,25.2,89.0,7
West Bengal,Malda,Malda Apmc Market,2026-09-07,29.1,5,7.6,28.81,33.0,26.2,84.71,7
West Bengal,Malda,Malda Apmc Market,2026-09-14,19.5,2,8.5,28.79,33.0,24.9,81.71,7
West Bengal,Malda,Malda Apmc Market,2026-09-21,82.2,6,21.0,27.7,33.5,24.1,87.43,7
West Bengal,Malda,Malda Apmc Market,2026-09-28,0.7,0,0.4,28.78,32.4,25.4,75.4,5
West Bengal,Siliguri,Siliguri Apmc Market,2025-09-29,228.5,5,154.1,26.91,35.1,22.8,82.0,7
West Bengal,Siliguri,Siliguri Apmc Market,2025-10-06,11.4,1,3.5,26.01,30.8,22.1,81.57,7
West Bengal,Siliguri,Siliguri Apmc Market,2025-10-13,6.6,1,5.0,26.54,32.7,20.4,74.14,7
West Bengal,Siliguri,Siliguri Apmc Market,2025-10-20,0.3,0,0.3,26.14,32.4,21.2,70.57,7
West Bengal,Siliguri,Siliguri Apmc Market,2025-10-27,94.0,2,70.9,24.0,31.5,20.8,82.71,7
West Bengal,Siliguri,Siliguri Apmc Market,2025-11-03,0.5,0,0.5,24.16,30.5,18.1,75.57,7
West Bengal,Siliguri,Siliguri Apmc Market,2025-11-10,0.0,0,0.0,22.01,28.7,16.8,73.29,7
West Bengal,Siliguri,Siliguri Apmc Market,2025-11-17,0.0,0,0.0,21.6,28.5,15.6,62.14,7
West Bengal,Siliguri,Siliguri Apmc Market,2025-11-24,0.0,0,0.0,21.17,28.2,14.8,61.29,7
West Bengal,Siliguri,Siliguri Apmc Market,2025-12-01,0.0,0,0.0,19.76,25.9,14.0,66.71,7
West Bengal,Siliguri,Siliguri Apmc Market,2025-12-08,0.0,0,0.0,19.23,26.3,13.8,54.57,7
West Bengal,Siliguri,Siliguri Apmc Market,2025-12-15,0.0,0,0.0,18.07,25.9,11.6,59.71,7
West Bengal,Siliguri,Siliguri Apmc Market,2025-12-22,0.0,0,0.0,16.26,23.2,11.9,79.57,7
West Bengal,Siliguri,Siliguri Apmc Market,2025-12-29,0.1,0,0.1,15.3,22.6,10.8,83.29,7
West Bengal,Siliguri,Siliguri Apmc Market,2026-01-05,0.0,0,0.0,14.7,23.2,9.2,72.0,7
West Bengal,Siliguri,Siliguri Apmc Market,2026-01-12,0.0,0,0.0,17.31,25.1,10.1,63.43,7
West Bengal,Siliguri,Siliguri Apmc Market,2026-01-19,0.0,0,0.0,19.27,26.3,13.9,62.86,7
West Bengal,Siliguri,Siliguri Apmc Market,2026-01-26,0.0,0,0.0,19.0,26.4,11.8,62.71,7
West Bengal,Siliguri,Siliguri Apmc Market,2026-02-02,0.0,0,0.0,19.47,27.4,13.1,63.86,7
West Bengal,Siliguri,Siliguri Apmc Market,2026-02-09,0.0,0,0.0,20.84,28.3,13.5,57.29,7
West Bengal,Siliguri,Siliguri Apmc Market,2026-02-16,0.0,0,0.0,22.69,31.2,14.2,45.43,7
West Bengal,Siliguri,Siliguri Apmc Market,2026-02-23,8.9,1,8.4,21.7,28.8,15.7,59.86,7
West Bengal,Siliguri,Siliguri Apmc Market,2026-03-02,0.2,0,0.1,24.61,33.5,16.7,52.86,7
West Bengal,Siliguri,Siliguri Apmc Market,2026-03-09,69.8,4,40.5,23.71,32.7,18.0,72.43,7
West Bengal,Siliguri,Siliguri Apmc Market,2026-03-16,78.4,4,32.9,21.84,32.0,15.8,69.71,7
West Bengal,Siliguri,Siliguri Apmc Market,2026-03-23,61.1,3,41.4,21.47,27.9,16.7,75.71,7
West Bengal,Siliguri,Siliguri Apmc Market,2026-03-30,18.1,3,10.3,24.24,31.8,19.4,76.14,7
West Bengal,Siliguri,Siliguri Apmc Market,2026-04-06,25.5,2,13.7,22.76,31.5,16.4,69.71,7
West Bengal,Siliguri,Siliguri Apmc Market,2026-04-13,16.9,2,8.7,24.84,31.5,19.0,72.57,7
West Bengal,Siliguri,Siliguri Apmc Market,2026-04-20,32.4,4,17.5,25.9,32.9,21.1,76.29,7
West Bengal,Siliguri,Siliguri Apmc Market,2026-04-27,116.1,5,41.0,22.99,29.0,19.3,82.86,7
West Bengal,Siliguri,Siliguri Apmc Market,2026-05-04,52.3,4,19.9,24.59,31.4,19.1,74.29,7
West Bengal,Siliguri,Siliguri Apmc Market,2026-05-11,68.8,5,21.0,25.11,31.6,19.6,81.71,7
West Bengal,Siliguri,Siliguri Apmc Market,2026-05-18,31.9,4,17.1,27.17,32.7,22.5,81.43,7
West Bengal,Siliguri,Siliguri Apmc Market,2026-05-25,42.2,6,16.1,26.81,34.2,21.6,76.86,7
West Bengal,Siliguri,Siliguri Apmc Market,2026-06-01,28.3,4,9.1,28.37,34.7,22.7,78.43,7
West Bengal,Siliguri,Siliguri Apmc Market,2026-06-08,122.1,7,37.2,26.81,32.6,22.5,85.29,7
West Bengal,Siliguri,Siliguri Apmc Market,2026-06-15,134.4,7,49.9,26.86,32.6,23.8,87.86,7
West Bengal,Siliguri,Siliguri Apmc Market,2026-06-22,106.9,7,32.2,27.34,33.1,23.9,88.0,7
West Bengal,Siliguri,Siliguri Apmc Market,2026-06-29,99.3,6,27.6,28.63,35.4,24.4,83.71,7
West Bengal,Siliguri,Siliguri Apmc Market,2026-07-06,288.8,7,79.7,27.13,32.5,24.6,91.43,7
West Bengal,Siliguri,Siliguri Apmc Market,2026-07-13,238.0,7,75.3,27.5,33.0,25.0,89.86,7
West Bengal,Siliguri,Siliguri Apmc Market,2026-07-20,133.5,5,51.1,28.16,33.9,24.4,83.71,7
West Bengal,Siliguri,Siliguri Apmc Market,2026-07-27,183.2,6,63.0,27.79,32.8,23.9,85.71,7
West Bengal,Siliguri,Siliguri Apmc Market,2026-08-03,145.4,7,32.0,27.81,33.2,24.4,86.71,7
West Bengal,Siliguri,Siliguri Apmc Market,2026-08-10,59.4,5,20.9,29.64,35.2,24.4,78.43,7
West Bengal,Siliguri,Siliguri Apmc Market,2026-08-17,77.8,7,19.4,28.46,34.3,25.0,84.43,7
West Bengal,Siliguri,Siliguri Apmc Market,2026-08-24,107.7,7,30.8,28.77,33.7,24.5,84.57,7
West Bengal,Siliguri,Siliguri Apmc Market,2026-08-31,65.0,6,23.4,27.56,32.2,24.8,83.57,7
West Bengal,Siliguri,Siliguri Apmc Market,2026-09-07,76.8,6,18.3,28.13,34.8,24.2,83.57,7
West Bengal,Siliguri,Siliguri Apmc Market,2026-09-14,38.5,5,12.4,27.23,33.0,23.4,82.86,7
West Bengal,Siliguri,Siliguri Apmc Market,2026-09-21,105.3,5,53.5,26.94,33.5,21.7,82.57,7
West Bengal,Siliguri,Siliguri Apmc Market,2026-09-28,0.5,0,0.3,28.06,32.4,24.2,78.2,5
